date,total_count,count,ratio,phrase,category,month
2023-01-01,386660,28,7.241504163864894e-05,aging crisis,limiting,2023-01
2023-01-02,376736,25,6.635946657606387e-05,aging crisis,limiting,2023-01
2023-01-03,463750,57,0.00012291105121293801,aging crisis,limiting,2023-01
2023-01-04,476285,76,0.00015956832568735107,aging crisis,limiting,2023-01
2023-01-05,513716,50,9.733004228017036e-05,aging crisis,limiting,2023-01
2023-01-06,446257,55,0.00012324736642786556,aging crisis,limiting,2023-01
2023-01-07,338006,69,0.00020413838807595131,aging crisis,limiting,2023-01
2023-01-08,321144,30,9.341603766534639e-05,aging crisis,limiting,2023-01
2023-01-09,516613,134,0.00025938178094627893,aging crisis,limiting,2023-01
2023-01-10,518847,60,0.00011564102712360291,aging crisis,limiting,2023-01
2023-01-11,555868,80,0.0001439190599207006,aging crisis,limiting,2023-01
2023-01-12,526056,70,0.00013306568122025032,aging crisis,limiting,2023-01
2023-01-13,488831,89,0.0001820670129349407,aging crisis,limiting,2023-01
2023-01-14,322746,37,0.00011464123490298873,aging crisis,limiting,2023-01
2023-01-15,311609,30,9.627449784826497e-05,aging crisis,limiting,2023-01
2023-01-16,460938,134,0.00029071154905865865,aging crisis,limiting,2023-01
2023-01-17,508077,318,0.0006258893829084962,aging crisis,limiting,2023-01
2023-01-18,524187,122,0.000232741369015256,aging crisis,limiting,2023-01
2023-01-19,517612,95,0.00018353515760840167,aging crisis,limiting,2023-01
2023-01-20,483858,122,0.00025214009068776376,aging crisis,limiting,2023-01
2023-01-21,325412,35,0.00010755595982938552,aging crisis,limiting,2023-01
2023-01-22,311528,31,9.950951439356976e-05,aging crisis,limiting,2023-01
2023-01-23,474487,154,0.0003245610522522219,aging crisis,limiting,2023-01
2023-01-24,503497,192,0.00038133295729666714,aging crisis,limiting,2023-01
2023-01-25,513829,113,0.00021991752119868672,aging crisis,limiting,2023-01
2023-01-26,504774,145,0.0002872572676088705,aging crisis,limiting,2023-01
2023-01-27,478129,74,0.00015476994702266544,aging crisis,limiting,2023-01
2023-01-28,327154,24,7.335994669177207e-05,aging crisis,limiting,2023-01
2023-01-29,337263,25,7.412612708776237e-05,aging crisis,limiting,2023-01
2023-01-30,498506,37,7.422177466269213e-05,aging crisis,limiting,2023-01
2023-01-31,520924,74,0.00014205527101842112,aging crisis,limiting,2023-01
2023-02-01,545720,67,0.00012277358352268561,aging crisis,limiting,2023-02
2023-02-02,521178,80,0.00015349842088499514,aging crisis,limiting,2023-02
2023-02-03,479265,44,9.180724651288953e-05,aging crisis,limiting,2023-02
2023-02-04,336576,19,5.6450846168473096e-05,aging crisis,limiting,2023-02
2023-02-05,313435,132,0.0004211399492717788,aging crisis,limiting,2023-02
2023-02-06,489890,120,0.00024495294862111904,aging crisis,limiting,2023-02
2023-02-07,509337,90,0.00017670029862350468,aging crisis,limiting,2023-02
2023-02-08,527289,99,0.000187752826248983,aging crisis,limiting,2023-02
2023-02-09,519827,110,0.00021160886217914807,aging crisis,limiting,2023-02
2023-02-10,490576,104,0.0002119956948566583,aging crisis,limiting,2023-02
2023-02-11,321346,155,0.0004823461315840247,aging crisis,limiting,2023-02
2023-02-12,315406,35,0.0001109680855785876,aging crisis,limiting,2023-02
2023-02-13,484652,77,0.00015887688485758853,aging crisis,limiting,2023-02
2023-02-14,511527,61,0.00011925079223579597,aging crisis,limiting,2023-02
2023-02-15,517380,66,0.0001275658123622869,aging crisis,limiting,2023-02
2023-02-16,519253,63,0.00012132813869154343,aging crisis,limiting,2023-02
2023-02-17,484478,86,0.00017751064031803302,aging crisis,limiting,2023-02
2023-02-18,321085,15,4.6716601522961207e-05,aging crisis,limiting,2023-02
2023-02-19,310960,53,0.00017043992796501157,aging crisis,limiting,2023-02
2023-02-20,443848,61,0.00013743443701447344,aging crisis,limiting,2023-02
2023-02-21,479395,49,0.00010221216324742644,aging crisis,limiting,2023-02
2023-02-22,501956,49,9.761811792268645e-05,aging crisis,limiting,2023-02
2023-02-23,496300,60,0.00012089462018940157,aging crisis,limiting,2023-02
2023-02-24,471742,76,0.00016110501078979612,aging crisis,limiting,2023-02
2023-02-25,323605,40,0.00012360748443318242,aging crisis,limiting,2023-02
2023-02-26,307580,48,0.0001560569607906886,aging crisis,limiting,2023-02
2023-02-27,475064,38,7.998922250475725e-05,aging crisis,limiting,2023-02
2023-02-28,500745,121,0.00024163995646486736,aging crisis,limiting,2023-02
2023-03-01,514545,113,0.00021961150142358783,aging crisis,limiting,2023-03
2023-03-02,510532,71,0.0001390706165333417,aging crisis,limiting,2023-03
2023-03-03,478228,60,0.00012546316819592328,aging crisis,limiting,2023-03
2023-03-04,318967,19,5.9567290660162335e-05,aging crisis,limiting,2023-03
2023-03-05,306986,25,8.143693849230909e-05,aging crisis,limiting,2023-03
2023-03-06,477110,90,0.00018863574437760685,aging crisis,limiting,2023-03
2023-03-07,491276,67,0.00013637955039529713,aging crisis,limiting,2023-03
2023-03-08,479238,99,0.00020657794248369287,aging crisis,limiting,2023-03
2023-03-09,500869,95,0.00018967035292661354,aging crisis,limiting,2023-03
2023-03-10,474747,50,0.00010531925425542447,aging crisis,limiting,2023-03
2023-03-11,312372,35,0.00011204589399818165,aging crisis,limiting,2023-03
2023-03-12,313775,19,6.055294398852681e-05,aging crisis,limiting,2023-03
2023-03-13,483073,51,0.00010557410577697366,aging crisis,limiting,2023-03
2023-03-14,502396,48,9.554216195988821e-05,aging crisis,limiting,2023-03
2023-03-15,512681,47,9.167494016747256e-05,aging crisis,limiting,2023-03
2023-03-16,515796,53,0.00010275380189066995,aging crisis,limiting,2023-03
2023-03-17,477867,58,0.0001213726831942779,aging crisis,limiting,2023-03
2023-03-18,312067,20,6.408880144327981e-05,aging crisis,limiting,2023-03
2023-03-19,301941,23,7.617382203808028e-05,aging crisis,limiting,2023-03
2023-03-20,473417,70,0.00014786118791678372,aging crisis,limiting,2023-03
2023-03-21,486641,45,9.247063030036515e-05,aging crisis,limiting,2023-03
2023-03-22,503482,50,9.930841618965524e-05,aging crisis,limiting,2023-03
2023-03-23,494531,74,0.0001496367265146169,aging crisis,limiting,2023-03
2023-03-24,462455,153,0.00033084300094063206,aging crisis,limiting,2023-03
2023-03-25,309743,28,9.039752310786685e-05,aging crisis,limiting,2023-03
2023-03-26,299147,44,0.0001470848780031222,aging crisis,limiting,2023-03
2023-03-27,475695,43,9.039405501424232e-05,aging crisis,limiting,2023-03
2023-03-28,490819,45,9.168349228534348e-05,aging crisis,limiting,2023-03
2023-03-29,497556,44,8.843225687158833e-05,aging crisis,limiting,2023-03
2023-03-30,420677,49,0.00011647891375093004,aging crisis,limiting,2023-03
2023-03-31,449869,57,0.00012670355147831924,aging crisis,limiting,2023-03
2023-04-01,315540,32,0.00010141344995880078,aging crisis,limiting,2023-04
2023-04-02,309179,24,7.762493571685011e-05,aging crisis,limiting,2023-04
2023-04-03,476836,38,7.969196956605626e-05,aging crisis,limiting,2023-04
2023-04-04,487193,75,0.00015394309852563562,aging crisis,limiting,2023-04
2023-04-05,488458,115,0.00023543477637790762,aging crisis,limiting,2023-04
2023-04-06,459113,62,0.00013504300684145297,aging crisis,limiting,2023-04
2023-04-07,389270,42,0.00010789426362165079,aging crisis,limiting,2023-04
2023-04-08,290669,19,6.53664477464057e-05,aging crisis,limiting,2023-04
2023-04-09,273774,28,0.00010227413852301533,aging crisis,limiting,2023-04
2023-04-10,405537,50,0.0001232933123241529,aging crisis,limiting,2023-04
2023-04-11,477794,59,0.00012348417937437474,aging crisis,limiting,2023-04
2023-04-12,488672,42,8.594722022133456e-05,aging crisis,limiting,2023-04
2023-04-13,490386,96,0.00019576415313650878,aging crisis,limiting,2023-04
2023-04-14,456649,57,0.00012482234714189674,aging crisis,limiting,2023-04
2023-04-15,304282,24,7.88742022203088e-05,aging crisis,limiting,2023-04
2023-04-16,294116,13,4.420024752138612e-05,aging crisis,limiting,2023-04
2023-04-17,449839,32,7.113656219225101e-05,aging crisis,limiting,2023-04
2023-04-18,487585,41,8.408790262210691e-05,aging crisis,limiting,2023-04
2023-04-19,495117,61,0.0001232032024753745,aging crisis,limiting,2023-04
2023-04-20,505072,40,7.91966293914531e-05,aging crisis,limiting,2023-04
2023-04-21,442165,47,0.00010629516130856129,aging crisis,limiting,2023-04
2023-04-22,291122,16,5.4959776313710405e-05,aging crisis,limiting,2023-04
2023-04-23,285319,16,5.607758333654611e-05,aging crisis,limiting,2023-04
2023-04-24,453171,118,0.0002603873592970424,aging crisis,limiting,2023-04
2023-04-25,478078,85,0.0001777952551675668,aging crisis,limiting,2023-04
2023-04-26,499642,57,0.00011408168248465902,aging crisis,limiting,2023-04
2023-04-27,503305,56,0.00011126454138146849,aging crisis,limiting,2023-04
2023-04-28,477911,35,7.323539320082609e-05,aging crisis,limiting,2023-04
2023-04-29,312100,25,8.010253123998718e-05,aging crisis,limiting,2023-04
2023-04-30,292074,24,8.21709566753631e-05,aging crisis,limiting,2023-04
2023-05-01,382308,46,0.00012032183475103844,aging crisis,limiting,2023-05
2023-05-02,472981,84,0.00017759698592543886,aging crisis,limiting,2023-05
2023-05-03,496390,85,0.00017123632627571064,aging crisis,limiting,2023-05
2023-05-04,496481,57,0.00011480801883657179,aging crisis,limiting,2023-05
2023-05-05,463524,93,0.00020063686022730215,aging crisis,limiting,2023-05
2023-05-06,318236,14,4.399250870423208e-05,aging crisis,limiting,2023-05
2023-05-07,305413,12,3.929105833739886e-05,aging crisis,limiting,2023-05
2023-05-08,460286,86,0.0001868403557787984,aging crisis,limiting,2023-05
2023-05-09,488772,63,0.00012889445385578553,aging crisis,limiting,2023-05
2023-05-10,520267,61,0.00011724749023097755,aging crisis,limiting,2023-05
2023-05-11,499831,53,0.00010603584011395851,aging crisis,limiting,2023-05
2023-05-12,475520,56,0.00011776581426648721,aging crisis,limiting,2023-05
2023-05-13,290386,22,7.576122815838229e-05,aging crisis,limiting,2023-05
2023-05-14,247082,32,0.00012951166009664806,aging crisis,limiting,2023-05
2023-05-15,476911,40,8.387309162506211e-05,aging crisis,limiting,2023-05
2023-05-16,508558,64,0.00012584601952972917,aging crisis,limiting,2023-05
2023-05-17,516177,72,0.0001394870364235524,aging crisis,limiting,2023-05
2023-05-18,491864,64,0.0001301172681879544,aging crisis,limiting,2023-05
2023-05-19,475987,37,7.773321540294168e-05,aging crisis,limiting,2023-05
2023-05-20,313906,23,7.327034207692749e-05,aging crisis,limiting,2023-05
2023-05-21,305588,17,5.5630456693325654e-05,aging crisis,limiting,2023-05
2023-05-22,478952,54,0.00011274616245469275,aging crisis,limiting,2023-05
2023-05-23,502427,65,0.0001293720281752374,aging crisis,limiting,2023-05
2023-05-24,515438,67,0.00012998653572301615,aging crisis,limiting,2023-05
2023-05-25,506377,286,0.0005647965843630339,aging crisis,limiting,2023-05
2023-05-26,476611,80,0.00016785177010182308,aging crisis,limiting,2023-05
2023-05-27,315199,12,3.8071186774069716e-05,aging crisis,limiting,2023-05
2023-05-28,311410,15,4.8168010018946085e-05,aging crisis,limiting,2023-05
2023-05-29,422001,42,9.952583050751064e-05,aging crisis,limiting,2023-05
2023-05-30,492310,73,0.00014828055493489874,aging crisis,limiting,2023-05
2023-05-31,511821,79,0.00015435083749982905,aging crisis,limiting,2023-05
2023-06-01,520029,65,0.00012499302923490806,aging crisis,limiting,2023-06
2023-06-02,471163,80,0.00016979261953931017,aging crisis,limiting,2023-06
2023-06-03,316228,21,6.640778172710829e-05,aging crisis,limiting,2023-06
2023-06-04,302435,28,9.258187709755816e-05,aging crisis,limiting,2023-06
2023-06-05,478406,63,0.00013168731161398477,aging crisis,limiting,2023-06
2023-06-06,497032,53,0.00010663297332968502,aging crisis,limiting,2023-06
2023-06-07,511926,47,9.181014443493786e-05,aging crisis,limiting,2023-06
2023-06-08,485205,65,0.00013396399460022053,aging crisis,limiting,2023-06
2023-06-09,469746,41,8.728121154836869e-05,aging crisis,limiting,2023-06
2023-06-10,309255,47,0.0001519781410163134,aging crisis,limiting,2023-06
2023-06-11,301437,28,9.28883979073571e-05,aging crisis,limiting,2023-06
2023-06-12,469490,56,0.00011927836588638736,aging crisis,limiting,2023-06
2023-06-13,507360,39,7.686849574266793e-05,aging crisis,limiting,2023-06
2023-06-14,513410,79,0.00015387312284528934,aging crisis,limiting,2023-06
2023-06-15,512254,82,0.00016007683688170322,aging crisis,limiting,2023-06
2023-06-16,479492,37,7.71649996246027e-05,aging crisis,limiting,2023-06
2023-06-17,313647,18,5.738935810002965e-05,aging crisis,limiting,2023-06
2023-06-18,297948,30,0.00010068871078174715,aging crisis,limiting,2023-06
2023-06-19,454954,51,0.00011209924519841566,aging crisis,limiting,2023-06
2023-06-20,501975,77,0.0001533940933313412,aging crisis,limiting,2023-06
2023-06-21,511651,54,0.00010554069082245514,aging crisis,limiting,2023-06
2023-06-22,500891,81,0.00016171182951979572,aging crisis,limiting,2023-06
2023-06-23,462693,32,6.91603287709129e-05,aging crisis,limiting,2023-06
2023-06-24,311142,29,9.320503178612981e-05,aging crisis,limiting,2023-06
2023-06-25,294103,89,0.00030261507023049747,aging crisis,limiting,2023-06
2023-06-26,466890,67,0.00014350275225427831,aging crisis,limiting,2023-06
2023-06-27,488208,139,0.00028471471176219973,aging crisis,limiting,2023-06
2023-06-28,487306,172,0.00035296097318727863,aging crisis,limiting,2023-06
2023-06-29,476127,88,0.00018482463712412865,aging crisis,limiting,2023-06
2023-06-30,457265,52,0.00011371961554022285,aging crisis,limiting,2023-06
2023-07-01,303381,60,0.00019777111948342184,aging crisis,limiting,2023-07
2023-07-02,284625,15,5.270092226613966e-05,aging crisis,limiting,2023-07
2023-07-03,445952,31,6.951420780711826e-05,aging crisis,limiting,2023-07
2023-07-04,455884,88,0.00019303156066016793,aging crisis,limiting,2023-07
2023-07-05,501180,103,0.00020551498463625842,aging crisis,limiting,2023-07
2023-07-06,493339,58,0.00011756621714480307,aging crisis,limiting,2023-07
2023-07-07,463370,53,0.00011437943759846343,aging crisis,limiting,2023-07
2023-07-08,305403,24,7.858468973782183e-05,aging crisis,limiting,2023-07
2023-07-09,291177,22,7.555541818206796e-05,aging crisis,limiting,2023-07
2023-07-10,454453,80,0.0001760358056828759,aging crisis,limiting,2023-07
2023-07-11,492786,37,7.508330187951768e-05,aging crisis,limiting,2023-07
2023-07-12,495376,57,0.00011506411291624948,aging crisis,limiting,2023-07
2023-07-13,488915,45,9.204053874395345e-05,aging crisis,limiting,2023-07
2023-07-14,449795,34,7.558999099589813e-05,aging crisis,limiting,2023-07
2023-07-15,300453,19,6.323784418860853e-05,aging crisis,limiting,2023-07
2023-07-16,288895,30,0.00010384395714706036,aging crisis,limiting,2023-07
2023-07-17,452038,192,0.00042474305257522596,aging crisis,limiting,2023-07
2023-07-18,489747,97,0.00019806144805379104,aging crisis,limiting,2023-07
2023-07-19,486941,65,0.00013348639773607068,aging crisis,limiting,2023-07
2023-07-20,476929,39,8.17731779782735e-05,aging crisis,limiting,2023-07
2023-07-21,454340,34,7.483382488884977e-05,aging crisis,limiting,2023-07
2023-07-22,300123,18,5.9975410081866435e-05,aging crisis,limiting,2023-07
2023-07-23,292470,28,9.573631483570965e-05,aging crisis,limiting,2023-07
2023-07-24,453290,45,9.927419532749453e-05,aging crisis,limiting,2023-07
2023-07-25,481260,160,0.00033246062419482194,aging crisis,limiting,2023-07
2023-07-26,491615,133,0.00027053690387803463,aging crisis,limiting,2023-07
2023-07-27,487834,42,8.609486013684983e-05,aging crisis,limiting,2023-07
2023-07-28,459847,55,0.00011960499905403319,aging crisis,limiting,2023-07
2023-07-29,299402,29,9.685974041589568e-05,aging crisis,limiting,2023-07
2023-07-30,284070,27,9.504699545886577e-05,aging crisis,limiting,2023-07
2023-07-31,455803,122,0.0002676594932459857,aging crisis,limiting,2023-07
2023-08-01,477822,93,0.00019463314790863544,aging crisis,limiting,2023-08
2023-08-02,477375,68,0.00014244566640481802,aging crisis,limiting,2023-08
2023-08-03,477836,58,0.00012138055734603504,aging crisis,limiting,2023-08
2023-08-04,448645,37,8.247055021230595e-05,aging crisis,limiting,2023-08
2023-08-05,300483,113,0.0003760612081215909,aging crisis,limiting,2023-08
2023-08-06,287612,22,7.649194053099314e-05,aging crisis,limiting,2023-08
2023-08-07,440347,34,7.721183521177617e-05,aging crisis,limiting,2023-08
2023-08-08,469410,51,0.00010864702498881575,aging crisis,limiting,2023-08
2023-08-09,478458,38,7.942180922881423e-05,aging crisis,limiting,2023-08
2023-08-10,476103,54,0.00011342083540746435,aging crisis,limiting,2023-08
2023-08-11,439680,48,0.0001091703056768559,aging crisis,limiting,2023-08
2023-08-12,302092,41,0.0001357202441640295,aging crisis,limiting,2023-08
2023-08-13,287942,19,6.598551097095943e-05,aging crisis,limiting,2023-08
2023-08-14,440043,63,0.00014316782678056462,aging crisis,limiting,2023-08
2023-08-15,470864,59,0.00012530157327805906,aging crisis,limiting,2023-08
2023-08-16,468638,99,0.00021125047478010747,aging crisis,limiting,2023-08
2023-08-17,475136,64,0.00013469827586206896,aging crisis,limiting,2023-08
2023-08-18,449947,71,0.00015779636268271598,aging crisis,limiting,2023-08
2023-08-19,313733,29,9.243528733030953e-05,aging crisis,limiting,2023-08
2023-08-20,300751,34,0.00011305033067221721,aging crisis,limiting,2023-08
2023-08-21,438028,79,0.0001803537673390742,aging crisis,limiting,2023-08
2023-08-22,401105,40,9.972451103825682e-05,aging crisis,limiting,2023-08
2023-08-23,370413,52,0.00014038384181980655,aging crisis,limiting,2023-08
2023-08-24,503040,68,0.00013517811704834604,aging crisis,limiting,2023-08
2023-08-25,456353,53,0.0001161381649731677,aging crisis,limiting,2023-08
2023-08-26,308918,31,0.00010035025476016289,aging crisis,limiting,2023-08
2023-08-27,295769,25,8.452542355689745e-05,aging crisis,limiting,2023-08
2023-08-28,448775,39,8.69032365884909e-05,aging crisis,limiting,2023-08
2023-08-29,481751,53,0.00011001533987474857,aging crisis,limiting,2023-08
2023-08-30,490413,111,0.00022633984009396162,aging crisis,limiting,2023-08
2023-08-31,497911,68,0.00013657059193309648,aging crisis,limiting,2023-08
2023-09-01,476936,79,0.00016564067296241005,aging crisis,limiting,2023-09
2023-09-02,313119,33,0.00010539124102976824,aging crisis,limiting,2023-09
2023-09-03,311627,14,4.492550388766057e-05,aging crisis,limiting,2023-09
2023-09-04,435333,33,7.580403966618658e-05,aging crisis,limiting,2023-09
2023-09-05,493288,67,0.00013582329187006374,aging crisis,limiting,2023-09
2023-09-06,510752,81,0.00015858968736294718,aging crisis,limiting,2023-09
2023-09-07,488234,115,0.0002355427930049935,aging crisis,limiting,2023-09
2023-09-08,463682,40,8.626601852131418e-05,aging crisis,limiting,2023-09
2023-09-09,321208,23,7.160469228661802e-05,aging crisis,limiting,2023-09
2023-09-10,313055,32,0.00010221846001501333,aging crisis,limiting,2023-09
2023-09-11,474764,55,0.00011584703136716347,aging crisis,limiting,2023-09
2023-09-12,501177,49,9.776984977363287e-05,aging crisis,limiting,2023-09
2023-09-13,512947,56,0.00010917307246167733,aging crisis,limiting,2023-09
2023-09-14,504052,65,0.00012895494909255395,aging crisis,limiting,2023-09
2023-09-15,477614,53,0.00011096827144932938,aging crisis,limiting,2023-09
2023-09-16,313024,48,0.0001533428746677571,aging crisis,limiting,2023-09
2023-09-17,307869,32,0.00010394031227567569,aging crisis,limiting,2023-09
2023-09-18,467258,64,0.00013696929747591266,aging crisis,limiting,2023-09
2023-09-19,502742,71,0.00014122551925241974,aging crisis,limiting,2023-09
2023-09-20,519399,128,0.0002464386723886646,aging crisis,limiting,2023-09
2023-09-21,511175,137,0.00026800997701374285,aging crisis,limiting,2023-09
2023-09-22,473154,60,0.0001268086077682953,aging crisis,limiting,2023-09
2023-09-23,316117,32,0.00010122834267059348,aging crisis,limiting,2023-09
2023-09-24,279092,27,9.674229286400184e-05,aging crisis,limiting,2023-09
2023-09-25,471557,45,9.54285484045407e-05,aging crisis,limiting,2023-09
2023-09-26,493643,57,0.00011546806092662106,aging crisis,limiting,2023-09
2023-09-27,505379,55,0.00010882921530178341,aging crisis,limiting,2023-09
2023-09-28,488069,69,0.00014137345334368706,aging crisis,limiting,2023-09
2023-09-29,447544,60,0.00013406503047745026,aging crisis,limiting,2023-09
2023-09-30,315650,30,9.504197687311896e-05,aging crisis,limiting,2023-09
2023-10-01,291636,55,0.00018859125759508429,aging crisis,limiting,2023-10
2023-10-02,449201,84,0.00018699869323532227,aging crisis,limiting,2023-10
2023-10-03,405978,42,0.00010345388173743404,aging crisis,limiting,2023-10
2023-10-04,414982,52,0.00012530663980606387,aging crisis,limiting,2023-10
2023-10-05,450132,45,9.997067526858788e-05,aging crisis,limiting,2023-10
2023-10-06,377905,111,0.00029372461332874666,aging crisis,limiting,2023-10
2023-10-07,251209,39,0.00015524921479724053,aging crisis,limiting,2023-10
2023-10-08,309776,35,0.0001129848664841692,aging crisis,limiting,2023-10
2023-10-09,440844,60,0.00013610256689441163,aging crisis,limiting,2023-10
2023-10-10,490873,58,0.00011815683486360015,aging crisis,limiting,2023-10
2023-10-11,503094,78,0.0001550406087132822,aging crisis,limiting,2023-10
2023-10-12,487234,43,8.82532828168806e-05,aging crisis,limiting,2023-10
2023-10-13,468088,49,0.00010468117106185162,aging crisis,limiting,2023-10
2023-10-14,310303,27,8.701172724723899e-05,aging crisis,limiting,2023-10
2023-10-15,229331,45,0.00019622292668675407,aging crisis,limiting,2023-10
2023-10-16,378908,57,0.00015043229491063794,aging crisis,limiting,2023-10
2023-10-17,354366,44,0.00012416541090285187,aging crisis,limiting,2023-10
2023-10-18,454881,178,0.00039131113412079204,aging crisis,limiting,2023-10
2023-10-19,324728,93,0.0002863935355127984,aging crisis,limiting,2023-10
2023-10-20,449556,54,0.00012011851693671089,aging crisis,limiting,2023-10
2023-10-21,300472,95,0.00031616922708272316,aging crisis,limiting,2023-10
2023-10-22,295955,34,0.00011488233008396547,aging crisis,limiting,2023-10
2023-10-23,414959,122,0.00029400494988661533,aging crisis,limiting,2023-10
2023-10-24,417249,39,9.346936721238398e-05,aging crisis,limiting,2023-10
2023-10-25,379766,44,0.00011586081955730634,aging crisis,limiting,2023-10
2023-10-26,375887,105,0.00027933926951450834,aging crisis,limiting,2023-10
2023-10-27,474875,52,0.00010950250065806791,aging crisis,limiting,2023-10
2023-10-28,240563,23,9.560905043585257e-05,aging crisis,limiting,2023-10
2023-10-29,279231,22,7.878781367398319e-05,aging crisis,limiting,2023-10
2023-10-30,325647,42,0.00012897401173663506,aging crisis,limiting,2023-10
2023-10-31,454676,32,7.037978692519509e-05,aging crisis,limiting,2023-10
2023-11-01,406342,53,0.00013043200063001117,aging crisis,limiting,2023-11
2023-11-02,313387,39,0.00012444677028721678,aging crisis,limiting,2023-11
2023-11-03,353019,29,8.214855291074985e-05,aging crisis,limiting,2023-11
2023-11-04,217424,25,0.00011498270660092722,aging crisis,limiting,2023-11
2023-11-05,238825,51,0.00021354548309431592,aging crisis,limiting,2023-11
2023-11-06,293997,99,0.0003367381299809182,aging crisis,limiting,2023-11
2023-11-07,349578,117,0.00033468925390041707,aging crisis,limiting,2023-11
2023-11-08,395019,65,0.00016454904700786545,aging crisis,limiting,2023-11
2023-11-09,477530,42,8.795258936611312e-05,aging crisis,limiting,2023-11
2023-11-10,496152,88,0.00017736500104806592,aging crisis,limiting,2023-11
2023-11-11,372697,41,0.00011000893487202742,aging crisis,limiting,2023-11
2023-11-12,343914,71,0.00020644696057735363,aging crisis,limiting,2023-11
2023-11-13,505874,90,0.00017790991432649236,aging crisis,limiting,2023-11
2023-11-14,531886,74,0.00013912755740891846,aging crisis,limiting,2023-11
2023-11-15,532214,164,0.00030814672293475934,aging crisis,limiting,2023-11
2023-11-16,528144,152,0.0002878002968887273,aging crisis,limiting,2023-11
2023-11-17,518066,172,0.00033200403037450825,aging crisis,limiting,2023-11
2023-11-18,374406,41,0.00010950679209200707,aging crisis,limiting,2023-11
2023-11-19,346778,44,0.00012688232817537444,aging crisis,limiting,2023-11
2023-11-20,489625,51,0.0001041613479703855,aging crisis,limiting,2023-11
2023-11-21,493213,54,0.00010948616520651321,aging crisis,limiting,2023-11
2023-11-22,570322,63,0.00011046391336823759,aging crisis,limiting,2023-11
2023-11-23,510558,41,8.030429451697946e-05,aging crisis,limiting,2023-11
2023-11-24,465253,44,9.457220050166254e-05,aging crisis,limiting,2023-11
2023-11-25,339983,20,5.882647073530147e-05,aging crisis,limiting,2023-11
2023-11-26,350990,25,7.122710048719337e-05,aging crisis,limiting,2023-11
2023-11-27,499915,79,0.00015802686456697638,aging crisis,limiting,2023-11
2023-11-28,531630,180,0.00033858134416793635,aging crisis,limiting,2023-11
2023-11-29,552523,295,0.0005339144252818435,aging crisis,limiting,2023-11
2023-11-30,560459,70,0.0001248976285508842,aging crisis,limiting,2023-11
2023-12-01,521593,85,0.00016296230969357333,aging crisis,limiting,2023-12
2023-12-02,370071,27,7.295897273766386e-05,aging crisis,limiting,2023-12
2023-12-03,346452,24,6.927366561601607e-05,aging crisis,limiting,2023-12
2023-12-04,508715,48,9.435538562849532e-05,aging crisis,limiting,2023-12
2023-12-05,439522,65,0.00014788793279972334,aging crisis,limiting,2023-12
2023-12-06,447712,52,0.00011614609391751841,aging crisis,limiting,2023-12
2023-12-07,444233,52,0.0001170556892441579,aging crisis,limiting,2023-12
2023-12-08,426877,84,0.00019677799459797554,aging crisis,limiting,2023-12
2023-12-09,306237,22,7.183978421941177e-05,aging crisis,limiting,2023-12
2023-12-10,301897,35,0.0001159335799958264,aging crisis,limiting,2023-12
2023-12-11,432070,85,0.0001967273821371537,aging crisis,limiting,2023-12
2023-12-12,453920,65,0.00014319703912583716,aging crisis,limiting,2023-12
2023-12-13,464155,39,8.402365589081233e-05,aging crisis,limiting,2023-12
2023-12-14,457220,52,0.00011373080792616246,aging crisis,limiting,2023-12
2023-12-15,434987,123,0.000282767071199829,aging crisis,limiting,2023-12
2023-12-16,299627,32,0.00010679945398779148,aging crisis,limiting,2023-12
2023-12-17,289281,39,0.00013481701183278542,aging crisis,limiting,2023-12
2023-12-18,432847,118,0.00027261364870265935,aging crisis,limiting,2023-12
2023-12-19,442004,68,0.000153844761585868,aging crisis,limiting,2023-12
2023-12-20,453183,271,0.000597992422487163,aging crisis,limiting,2023-12
2023-12-21,439238,111,0.00025271037569609187,aging crisis,limiting,2023-12
2023-12-22,409045,49,0.00011979122101480278,aging crisis,limiting,2023-12
2023-12-23,284409,22,7.735338895745212e-05,aging crisis,limiting,2023-12
2023-12-24,254126,14,5.5090781738192865e-05,aging crisis,limiting,2023-12
2023-12-25,262260,16,6.100815984137878e-05,aging crisis,limiting,2023-12
2023-12-26,334738,42,0.00012547126409311163,aging crisis,limiting,2023-12
2023-12-27,385441,53,0.00013750483212735543,aging crisis,limiting,2023-12
2023-12-28,390902,26,6.65128344188569e-05,aging crisis,limiting,2023-12
2023-12-29,368395,43,0.0001167225396653049,aging crisis,limiting,2023-12
2023-12-30,276938,15,5.416374784247738e-05,aging crisis,limiting,2023-12
2023-12-31,253133,13,5.135640157545638e-05,aging crisis,limiting,2023-12
2023-01-01,386660,9,2.3276263383851447e-05,aging population crisis,limiting,2023-01
2023-01-02,376736,6,1.592627197825533e-05,aging population crisis,limiting,2023-01
2023-01-03,463750,19,4.097035040431267e-05,aging population crisis,limiting,2023-01
2023-01-04,476285,46,9.658082870550195e-05,aging population crisis,limiting,2023-01
2023-01-05,513716,11,2.141260930163748e-05,aging population crisis,limiting,2023-01
2023-01-06,446257,14,3.1372056908911235e-05,aging population crisis,limiting,2023-01
2023-01-07,338006,51,0.0001508848955343988,aging population crisis,limiting,2023-01
2023-01-08,321144,13,4.0480282988316766e-05,aging population crisis,limiting,2023-01
2023-01-09,516613,16,3.097095891895868e-05,aging population crisis,limiting,2023-01
2023-01-10,518847,16,3.0837607232960776e-05,aging population crisis,limiting,2023-01
2023-01-11,555868,54,9.714536544647291e-05,aging population crisis,limiting,2023-01
2023-01-12,526056,34,6.463190230697873e-05,aging population crisis,limiting,2023-01
2023-01-13,488831,16,3.273114839279833e-05,aging population crisis,limiting,2023-01
2023-01-14,322746,21,6.506664683683144e-05,aging population crisis,limiting,2023-01
2023-01-15,311609,8,2.567319942620399e-05,aging population crisis,limiting,2023-01
2023-01-16,460938,22,4.772876178574993e-05,aging population crisis,limiting,2023-01
2023-01-17,508077,208,0.00040938676617914213,aging population crisis,limiting,2023-01
2023-01-18,524187,84,0.00016024815571542218,aging population crisis,limiting,2023-01
2023-01-19,517612,40,7.727796109827438e-05,aging population crisis,limiting,2023-01
2023-01-20,483858,24,4.960132931562566e-05,aging population crisis,limiting,2023-01
2023-01-21,325412,10,3.073027423696729e-05,aging population crisis,limiting,2023-01
2023-01-22,311528,16,5.13597493644231e-05,aging population crisis,limiting,2023-01
2023-01-23,474487,103,0.00021707654793492762,aging population crisis,limiting,2023-01
2023-01-24,503497,66,0.00013108320407072933,aging population crisis,limiting,2023-01
2023-01-25,513829,22,4.281580058735494e-05,aging population crisis,limiting,2023-01
2023-01-26,504774,59,0.00011688399164774731,aging population crisis,limiting,2023-01
2023-01-27,478129,32,6.692754465844991e-05,aging population crisis,limiting,2023-01
2023-01-28,327154,16,4.8906631127848045e-05,aging population crisis,limiting,2023-01
2023-01-29,337263,8,2.3720360668083957e-05,aging population crisis,limiting,2023-01
2023-01-30,498506,15,3.008990864703735e-05,aging population crisis,limiting,2023-01
2023-01-31,520924,48,9.21439595795164e-05,aging population crisis,limiting,2023-01
2023-02-01,545720,21,3.8481272447408926e-05,aging population crisis,limiting,2023-02
2023-02-02,521178,26,4.9886986787623425e-05,aging population crisis,limiting,2023-02
2023-02-03,479265,27,5.633626490563676e-05,aging population crisis,limiting,2023-02
2023-02-04,336576,9,2.6739874500855678e-05,aging population crisis,limiting,2023-02
2023-02-05,313435,117,0.00037328313685453126,aging population crisis,limiting,2023-02
2023-02-06,489890,93,0.00018983853518136725,aging population crisis,limiting,2023-02
2023-02-07,509337,47,9.227682261449689e-05,aging population crisis,limiting,2023-02
2023-02-08,527289,57,0.00010810011208274779,aging population crisis,limiting,2023-02
2023-02-09,519827,47,9.041469565836326e-05,aging population crisis,limiting,2023-02
2023-02-10,490576,28,5.707576399986954e-05,aging population crisis,limiting,2023-02
2023-02-11,321346,5,1.5559552631742733e-05,aging population crisis,limiting,2023-02
2023-02-12,315406,10,3.1705167308167885e-05,aging population crisis,limiting,2023-02
2023-02-13,484652,16,3.301337867170671e-05,aging population crisis,limiting,2023-02
2023-02-14,511527,27,5.278313754699165e-05,aging population crisis,limiting,2023-02
2023-02-15,517380,17,3.285786075998299e-05,aging population crisis,limiting,2023-02
2023-02-16,519253,36,6.933036496659624e-05,aging population crisis,limiting,2023-02
2023-02-17,484478,67,0.00013829317327102573,aging population crisis,limiting,2023-02
2023-02-18,321085,7,2.180108071071523e-05,aging population crisis,limiting,2023-02
2023-02-19,310960,41,0.000131849755595575,aging population crisis,limiting,2023-02
2023-02-20,443848,45,0.00010138606009264433,aging population crisis,limiting,2023-02
2023-02-21,479395,13,2.7117512698296813e-05,aging population crisis,limiting,2023-02
2023-02-22,501956,23,4.5820749229016087e-05,aging population crisis,limiting,2023-02
2023-02-23,496300,31,6.246222043119081e-05,aging population crisis,limiting,2023-02
2023-02-24,471742,32,6.783368875359837e-05,aging population crisis,limiting,2023-02
2023-02-25,323605,16,4.9442993773272974e-05,aging population crisis,limiting,2023-02
2023-02-26,307580,18,5.852136029650822e-05,aging population crisis,limiting,2023-02
2023-02-27,475064,12,2.5259754475186502e-05,aging population crisis,limiting,2023-02
2023-02-28,500745,81,0.00016175897912110954,aging population crisis,limiting,2023-02
2023-03-01,514545,66,0.00012826866454829024,aging population crisis,limiting,2023-03
2023-03-02,510532,23,4.505104479249097e-05,aging population crisis,limiting,2023-03
2023-03-03,478228,26,5.436737288490009e-05,aging population crisis,limiting,2023-03
2023-03-04,318967,8,2.5080964488489404e-05,aging population crisis,limiting,2023-03
2023-03-05,306986,9,2.9317297857231275e-05,aging population crisis,limiting,2023-03
2023-03-06,477110,36,7.545429775104273e-05,aging population crisis,limiting,2023-03
2023-03-07,491276,22,4.4781344905918466e-05,aging population crisis,limiting,2023-03
2023-03-08,479238,48,0.00010015900241633593,aging population crisis,limiting,2023-03
2023-03-09,500869,26,5.1909780800967915e-05,aging population crisis,limiting,2023-03
2023-03-10,474747,26,5.4766012212820724e-05,aging population crisis,limiting,2023-03
2023-03-11,312372,13,4.161704634218176e-05,aging population crisis,limiting,2023-03
2023-03-12,313775,9,2.8682973468249543e-05,aging population crisis,limiting,2023-03
2023-03-13,483073,20,4.140161010861712e-05,aging population crisis,limiting,2023-03
2023-03-14,502396,26,5.175200439493945e-05,aging population crisis,limiting,2023-03
2023-03-15,512681,17,3.315902091163901e-05,aging population crisis,limiting,2023-03
2023-03-16,515796,16,3.102001566510791e-05,aging population crisis,limiting,2023-03
2023-03-17,477867,24,5.0223179252804654e-05,aging population crisis,limiting,2023-03
2023-03-18,312067,5,1.6022200360819953e-05,aging population crisis,limiting,2023-03
2023-03-19,301941,15,4.967857959005236e-05,aging population crisis,limiting,2023-03
2023-03-20,473417,32,6.759368590481542e-05,aging population crisis,limiting,2023-03
2023-03-21,486641,29,5.959218397134643e-05,aging population crisis,limiting,2023-03
2023-03-22,503482,26,5.164037641862073e-05,aging population crisis,limiting,2023-03
2023-03-23,494531,38,7.684048118318164e-05,aging population crisis,limiting,2023-03
2023-03-24,462455,16,3.459796088268048e-05,aging population crisis,limiting,2023-03
2023-03-25,309743,9,2.9056346713242915e-05,aging population crisis,limiting,2023-03
2023-03-26,299147,19,6.351392459225732e-05,aging population crisis,limiting,2023-03
2023-03-27,475695,17,3.573718454051441e-05,aging population crisis,limiting,2023-03
2023-03-28,490819,24,4.8897862552183185e-05,aging population crisis,limiting,2023-03
2023-03-29,497556,27,5.426524853483829e-05,aging population crisis,limiting,2023-03
2023-03-30,420677,23,5.467377584227329e-05,aging population crisis,limiting,2023-03
2023-03-31,449869,27,6.001747175288806e-05,aging population crisis,limiting,2023-03
2023-04-01,315540,10,3.169170311212524e-05,aging population crisis,limiting,2023-04
2023-04-02,309179,5,1.6171861607677107e-05,aging population crisis,limiting,2023-04
2023-04-03,476836,10,2.0971570938435855e-05,aging population crisis,limiting,2023-04
2023-04-04,487193,47,9.647100840939833e-05,aging population crisis,limiting,2023-04
2023-04-05,488458,63,0.00012897731227659286,aging population crisis,limiting,2023-04
2023-04-06,459113,26,5.663093835286738e-05,aging population crisis,limiting,2023-04
2023-04-07,389270,17,4.367148765638246e-05,aging population crisis,limiting,2023-04
2023-04-08,290669,6,2.0642036130443906e-05,aging population crisis,limiting,2023-04
2023-04-09,273774,15,5.478971706590107e-05,aging population crisis,limiting,2023-04
2023-04-10,405537,26,6.411252240855951e-05,aging population crisis,limiting,2023-04
2023-04-11,477794,28,5.860266139800835e-05,aging population crisis,limiting,2023-04
2023-04-12,488672,15,3.069543579333377e-05,aging population crisis,limiting,2023-04
2023-04-13,490386,15,3.0588148927579496e-05,aging population crisis,limiting,2023-04
2023-04-14,456649,15,3.2847986089972825e-05,aging population crisis,limiting,2023-04
2023-04-15,304282,4,1.3145700370051466e-05,aging population crisis,limiting,2023-04
2023-04-16,294116,8,2.7200152320852997e-05,aging population crisis,limiting,2023-04
2023-04-17,449839,14,3.1122245959109814e-05,aging population crisis,limiting,2023-04
2023-04-18,487585,16,3.281479126716368e-05,aging population crisis,limiting,2023-04
2023-04-19,495117,39,7.876926059900993e-05,aging population crisis,limiting,2023-04
2023-04-20,505072,15,2.9698736021794913e-05,aging population crisis,limiting,2023-04
2023-04-21,442165,25,5.653997941944749e-05,aging population crisis,limiting,2023-04
2023-04-22,291122,7,2.4044902137248302e-05,aging population crisis,limiting,2023-04
2023-04-23,285319,5,1.752424479267066e-05,aging population crisis,limiting,2023-04
2023-04-24,453171,84,0.00018536049305891154,aging population crisis,limiting,2023-04
2023-04-25,478078,37,7.739322871999967e-05,aging population crisis,limiting,2023-04
2023-04-26,499642,27,5.403869170325954e-05,aging population crisis,limiting,2023-04
2023-04-27,503305,18,3.576360258690059e-05,aging population crisis,limiting,2023-04
2023-04-28,477911,18,3.7663916503281994e-05,aging population crisis,limiting,2023-04
2023-04-29,312100,5,1.6020506247997437e-05,aging population crisis,limiting,2023-04
2023-04-30,292074,10,3.423789861473462e-05,aging population crisis,limiting,2023-04
2023-05-01,382308,15,3.923538089707775e-05,aging population crisis,limiting,2023-05
2023-05-02,472981,35,7.399874413559953e-05,aging population crisis,limiting,2023-05
2023-05-03,496390,30,6.043635045025081e-05,aging population crisis,limiting,2023-05
2023-05-04,496481,28,5.6396921533754565e-05,aging population crisis,limiting,2023-05
2023-05-05,463524,69,0.00014885960597509513,aging population crisis,limiting,2023-05
2023-05-06,318236,5,1.5711610251511456e-05,aging population crisis,limiting,2023-05
2023-05-07,305413,5,1.637127430724953e-05,aging population crisis,limiting,2023-05
2023-05-08,460286,18,3.91061209769578e-05,aging population crisis,limiting,2023-05
2023-05-09,488772,34,6.956208620788425e-05,aging population crisis,limiting,2023-05
2023-05-10,520267,39,7.496151014767417e-05,aging population crisis,limiting,2023-05
2023-05-11,499831,19,3.801284834273985e-05,aging population crisis,limiting,2023-05
2023-05-12,475520,16,3.364737550471063e-05,aging population crisis,limiting,2023-05
2023-05-13,290386,9,3.099322970115639e-05,aging population crisis,limiting,2023-05
2023-05-14,247082,5,2.0236196890101263e-05,aging population crisis,limiting,2023-05
2023-05-15,476911,12,2.5161927487518636e-05,aging population crisis,limiting,2023-05
2023-05-16,508558,32,6.292300976486458e-05,aging population crisis,limiting,2023-05
2023-05-17,516177,32,6.199423841046772e-05,aging population crisis,limiting,2023-05
2023-05-18,491864,35,7.115788104028756e-05,aging population crisis,limiting,2023-05
2023-05-19,475987,20,4.2017954271860365e-05,aging population crisis,limiting,2023-05
2023-05-20,313906,11,3.504233751505228e-05,aging population crisis,limiting,2023-05
2023-05-21,305588,8,2.6179038443917955e-05,aging population crisis,limiting,2023-05
2023-05-22,478952,18,3.758205415156425e-05,aging population crisis,limiting,2023-05
2023-05-23,502427,30,5.971016685010957e-05,aging population crisis,limiting,2023-05
2023-05-24,515438,30,5.820292644314156e-05,aging population crisis,limiting,2023-05
2023-05-25,506377,219,0.000432484097816449,aging population crisis,limiting,2023-05
2023-05-26,476611,58,0.00012169253332382174,aging population crisis,limiting,2023-05
2023-05-27,315199,4,1.2690395591356572e-05,aging population crisis,limiting,2023-05
2023-05-28,311410,14,4.495680935101634e-05,aging population crisis,limiting,2023-05
2023-05-29,422001,22,5.213257788488653e-05,aging population crisis,limiting,2023-05
2023-05-30,492310,42,8.531210009953078e-05,aging population crisis,limiting,2023-05
2023-05-31,511821,47,9.182897927205018e-05,aging population crisis,limiting,2023-05
2023-06-01,520029,25,4.807424201342617e-05,aging population crisis,limiting,2023-06
2023-06-02,471163,34,7.216186330420682e-05,aging population crisis,limiting,2023-06
2023-06-03,316228,13,4.110957916440037e-05,aging population crisis,limiting,2023-06
2023-06-04,302435,10,3.306495610627077e-05,aging population crisis,limiting,2023-06
2023-06-05,478406,15,3.135412181285352e-05,aging population crisis,limiting,2023-06
2023-06-06,497032,19,3.822691496724557e-05,aging population crisis,limiting,2023-06
2023-06-07,511926,14,2.7347702597641065e-05,aging population crisis,limiting,2023-06
2023-06-08,485205,26,5.358559784008821e-05,aging population crisis,limiting,2023-06
2023-06-09,469746,16,3.406096060424144e-05,aging population crisis,limiting,2023-06
2023-06-10,309255,28,9.05401691161016e-05,aging population crisis,limiting,2023-06
2023-06-11,301437,8,2.6539542259244883e-05,aging population crisis,limiting,2023-06
2023-06-12,469490,41,8.732880359539074e-05,aging population crisis,limiting,2023-06
2023-06-13,507360,10,1.9709870703248187e-05,aging population crisis,limiting,2023-06
2023-06-14,513410,17,3.3111937827467325e-05,aging population crisis,limiting,2023-06
2023-06-15,512254,34,6.63733226094867e-05,aging population crisis,limiting,2023-06
2023-06-16,479492,13,2.711202689513068e-05,aging population crisis,limiting,2023-06
2023-06-17,313647,7,2.2318083705567087e-05,aging population crisis,limiting,2023-06
2023-06-18,297948,12,4.027548431269886e-05,aging population crisis,limiting,2023-06
2023-06-19,454954,16,3.516839065048334e-05,aging population crisis,limiting,2023-06
2023-06-20,501975,28,5.577967030230589e-05,aging population crisis,limiting,2023-06
2023-06-21,511651,10,1.9544572374528732e-05,aging population crisis,limiting,2023-06
2023-06-22,500891,16,3.194307743600903e-05,aging population crisis,limiting,2023-06
2023-06-23,462693,20,4.322520548182056e-05,aging population crisis,limiting,2023-06
2023-06-24,311142,16,5.1423465813037135e-05,aging population crisis,limiting,2023-06
2023-06-25,294103,22,7.480372522551623e-05,aging population crisis,limiting,2023-06
2023-06-26,466890,25,5.354580307995459e-05,aging population crisis,limiting,2023-06
2023-06-27,488208,69,0.00014133320224166747,aging population crisis,limiting,2023-06
2023-06-28,487306,40,8.20839472528555e-05,aging population crisis,limiting,2023-06
2023-06-29,476127,22,4.620615928103216e-05,aging population crisis,limiting,2023-06
2023-06-30,457265,26,5.6859807770111425e-05,aging population crisis,limiting,2023-06
2023-07-01,303381,5,1.6480926623618488e-05,aging population crisis,limiting,2023-07
2023-07-02,284625,2,7.026789635485288e-06,aging population crisis,limiting,2023-07
2023-07-03,445952,15,3.3635907003444314e-05,aging population crisis,limiting,2023-07
2023-07-04,455884,71,0.00015574137280536276,aging population crisis,limiting,2023-07
2023-07-05,501180,34,6.783989784109502e-05,aging population crisis,limiting,2023-07
2023-07-06,493339,19,3.851307113364238e-05,aging population crisis,limiting,2023-07
2023-07-07,463370,25,5.395256490493558e-05,aging population crisis,limiting,2023-07
2023-07-08,305403,9,2.9469258651683186e-05,aging population crisis,limiting,2023-07
2023-07-09,291177,4,1.373734876037599e-05,aging population crisis,limiting,2023-07
2023-07-10,454453,31,6.821387470211442e-05,aging population crisis,limiting,2023-07
2023-07-11,492786,23,4.667340387105153e-05,aging population crisis,limiting,2023-07
2023-07-12,495376,18,3.633603565776299e-05,aging population crisis,limiting,2023-07
2023-07-13,488915,17,3.477087019216019e-05,aging population crisis,limiting,2023-07
2023-07-14,449795,6,1.333941017574673e-05,aging population crisis,limiting,2023-07
2023-07-15,300453,6,1.99698455332448e-05,aging population crisis,limiting,2023-07
2023-07-16,288895,9,3.1153187144118105e-05,aging population crisis,limiting,2023-07
2023-07-17,452038,135,0.0002986474588419558,aging population crisis,limiting,2023-07
2023-07-18,489747,55,0.00011230288291709802,aging population crisis,limiting,2023-07
2023-07-19,486941,43,8.830638619463139e-05,aging population crisis,limiting,2023-07
2023-07-20,476929,16,3.354797045262502e-05,aging population crisis,limiting,2023-07
2023-07-21,454340,10,2.200994849672052e-05,aging population crisis,limiting,2023-07
2023-07-22,300123,6,1.9991803360622145e-05,aging population crisis,limiting,2023-07
2023-07-23,292470,9,3.07723869114781e-05,aging population crisis,limiting,2023-07
2023-07-24,453290,16,3.529749167199806e-05,aging population crisis,limiting,2023-07
2023-07-25,481260,28,5.818060923409384e-05,aging population crisis,limiting,2023-07
2023-07-26,491615,63,0.0001281490597317006,aging population crisis,limiting,2023-07
2023-07-27,487834,21,4.304743006842491e-05,aging population crisis,limiting,2023-07
2023-07-28,459847,15,3.261954519655451e-05,aging population crisis,limiting,2023-07
2023-07-29,299402,12,4.007989258588787e-05,aging population crisis,limiting,2023-07
2023-07-30,284070,15,5.280388636603654e-05,aging population crisis,limiting,2023-07
2023-07-31,455803,24,5.26543265401939e-05,aging population crisis,limiting,2023-07
2023-08-01,477822,51,0.00010673430691763879,aging population crisis,limiting,2023-08
2023-08-02,477375,45,9.426551453260015e-05,aging population crisis,limiting,2023-08
2023-08-03,477836,32,6.696858336332967e-05,aging population crisis,limiting,2023-08
2023-08-04,448645,6,1.3373602737130694e-05,aging population crisis,limiting,2023-08
2023-08-05,300483,102,0.00033945347989736526,aging population crisis,limiting,2023-08
2023-08-06,287612,8,2.7815251102179326e-05,aging population crisis,limiting,2023-08
2023-08-07,440347,15,3.406404494637184e-05,aging population crisis,limiting,2023-08
2023-08-08,469410,24,5.1128011759442706e-05,aging population crisis,limiting,2023-08
2023-08-09,478458,12,2.508057133541502e-05,aging population crisis,limiting,2023-08
2023-08-10,476103,18,3.780694513582145e-05,aging population crisis,limiting,2023-08
2023-08-11,439680,17,3.866448326055313e-05,aging population crisis,limiting,2023-08
2023-08-12,302092,17,5.6274247580207356e-05,aging population crisis,limiting,2023-08
2023-08-13,287942,8,2.778337304040397e-05,aging population crisis,limiting,2023-08
2023-08-14,440043,38,8.63551971057374e-05,aging population crisis,limiting,2023-08
2023-08-15,470864,37,7.857895273369805e-05,aging population crisis,limiting,2023-08
2023-08-16,468638,68,0.00014510133621259907,aging population crisis,limiting,2023-08
2023-08-17,475136,28,5.8930495689655175e-05,aging population crisis,limiting,2023-08
2023-08-18,449947,39,8.667687527642145e-05,aging population crisis,limiting,2023-08
2023-08-19,313733,19,6.0561050319857966e-05,aging population crisis,limiting,2023-08
2023-08-20,300751,12,3.990011670784137e-05,aging population crisis,limiting,2023-08
2023-08-21,438028,22,5.02250997653118e-05,aging population crisis,limiting,2023-08
2023-08-22,401105,13,3.241046608743346e-05,aging population crisis,limiting,2023-08
2023-08-23,370413,21,5.669347458107572e-05,aging population crisis,limiting,2023-08
2023-08-24,503040,24,4.770992366412214e-05,aging population crisis,limiting,2023-08
2023-08-25,456353,33,7.231244234178367e-05,aging population crisis,limiting,2023-08
2023-08-26,308918,14,4.5319469891686465e-05,aging population crisis,limiting,2023-08
2023-08-27,295769,9,3.042915248048308e-05,aging population crisis,limiting,2023-08
2023-08-28,448775,16,3.56526098824578e-05,aging population crisis,limiting,2023-08
2023-08-29,481751,28,5.8121311631942644e-05,aging population crisis,limiting,2023-08
2023-08-30,490413,21,4.282105082858733e-05,aging population crisis,limiting,2023-08
2023-08-31,497911,31,6.226012279302927e-05,aging population crisis,limiting,2023-08
2023-09-01,476936,48,0.00010064243420500863,aging population crisis,limiting,2023-09
2023-09-02,313119,20,6.387347941198075e-05,aging population crisis,limiting,2023-09
2023-09-03,311627,6,1.925378738042596e-05,aging population crisis,limiting,2023-09
2023-09-04,435333,9,2.0673828999869067e-05,aging population crisis,limiting,2023-09
2023-09-05,493288,18,3.6489839606882794e-05,aging population crisis,limiting,2023-09
2023-09-06,510752,9,1.76210763736608e-05,aging population crisis,limiting,2023-09
2023-09-07,488234,26,5.325315320112897e-05,aging population crisis,limiting,2023-09
2023-09-08,463682,11,2.3723155093361398e-05,aging population crisis,limiting,2023-09
2023-09-09,321208,6,1.8679484944335135e-05,aging population crisis,limiting,2023-09
2023-09-10,313055,9,2.87489418792225e-05,aging population crisis,limiting,2023-09
2023-09-11,474764,17,3.580726424075962e-05,aging population crisis,limiting,2023-09
2023-09-12,501177,27,5.387318252832831e-05,aging population crisis,limiting,2023-09
2023-09-13,512947,12,2.339422981321657e-05,aging population crisis,limiting,2023-09
2023-09-14,504052,35,6.943728028060597e-05,aging population crisis,limiting,2023-09
2023-09-15,477614,25,5.234352426855159e-05,aging population crisis,limiting,2023-09
2023-09-16,313024,26,8.306072377836844e-05,aging population crisis,limiting,2023-09
2023-09-17,307869,23,7.47070994481419e-05,aging population crisis,limiting,2023-09
2023-09-18,467258,37,7.9185375103262e-05,aging population crisis,limiting,2023-09
2023-09-19,502742,30,5.967275461369848e-05,aging population crisis,limiting,2023-09
2023-09-20,519399,35,6.738557448127548e-05,aging population crisis,limiting,2023-09
2023-09-21,511175,48,9.390130581503399e-05,aging population crisis,limiting,2023-09
2023-09-22,473154,22,4.649648951504162e-05,aging population crisis,limiting,2023-09
2023-09-23,316117,13,4.1124014209928605e-05,aging population crisis,limiting,2023-09
2023-09-24,279092,4,1.433219153540768e-05,aging population crisis,limiting,2023-09
2023-09-25,471557,22,4.6653956997775454e-05,aging population crisis,limiting,2023-09
2023-09-26,493643,25,5.064388637132503e-05,aging population crisis,limiting,2023-09
2023-09-27,505379,28,5.540396415363519e-05,aging population crisis,limiting,2023-09
2023-09-28,488069,22,4.5075593819726306e-05,aging population crisis,limiting,2023-09
2023-09-29,447544,16,3.5750674793986735e-05,aging population crisis,limiting,2023-09
2023-09-30,315650,10,3.168065895770632e-05,aging population crisis,limiting,2023-09
2023-10-01,291636,39,0.00013372834629469613,aging population crisis,limiting,2023-10
2023-10-02,449201,27,6.01067228256393e-05,aging population crisis,limiting,2023-10
2023-10-03,405978,19,4.6800565547886834e-05,aging population crisis,limiting,2023-10
2023-10-04,414982,23,5.542409068345133e-05,aging population crisis,limiting,2023-10
2023-10-05,450132,20,4.4431411230483506e-05,aging population crisis,limiting,2023-10
2023-10-06,377905,80,0.0002116934150117093,aging population crisis,limiting,2023-10
2023-10-07,251209,6,2.3884494584190853e-05,aging population crisis,limiting,2023-10
2023-10-08,309776,4,1.2912556169619337e-05,aging population crisis,limiting,2023-10
2023-10-09,440844,19,4.309914618323035e-05,aging population crisis,limiting,2023-10
2023-10-10,490873,28,5.704123062380697e-05,aging population crisis,limiting,2023-10
2023-10-11,503094,36,7.155720402151487e-05,aging population crisis,limiting,2023-10
2023-10-12,487234,13,2.6681225037661575e-05,aging population crisis,limiting,2023-10
2023-10-13,468088,12,2.5636205158004476e-05,aging population crisis,limiting,2023-10
2023-10-14,310303,11,3.544922221183811e-05,aging population crisis,limiting,2023-10
2023-10-15,229331,10,4.3605094819278683e-05,aging population crisis,limiting,2023-10
2023-10-16,378908,12,3.16699568232922e-05,aging population crisis,limiting,2023-10
2023-10-17,354366,18,5.079494082389394e-05,aging population crisis,limiting,2023-10
2023-10-18,454881,40,8.793508631927911e-05,aging population crisis,limiting,2023-10
2023-10-19,324728,25,7.698750954645119e-05,aging population crisis,limiting,2023-10
2023-10-20,449556,17,3.781508866526083e-05,aging population crisis,limiting,2023-10
2023-10-21,300472,5,1.6640485635932797e-05,aging population crisis,limiting,2023-10
2023-10-22,295955,5,1.689446030646551e-05,aging population crisis,limiting,2023-10
2023-10-23,414959,13,3.132839629939344e-05,aging population crisis,limiting,2023-10
2023-10-24,417249,10,2.3966504413431787e-05,aging population crisis,limiting,2023-10
2023-10-25,379766,10,2.633200444484235e-05,aging population crisis,limiting,2023-10
2023-10-26,375887,85,0.00022613178960698295,aging population crisis,limiting,2023-10
2023-10-27,474875,23,4.843379836799158e-05,aging population crisis,limiting,2023-10
2023-10-28,240563,13,5.4039898072438405e-05,aging population crisis,limiting,2023-10
2023-10-29,279231,6,2.148758554744996e-05,aging population crisis,limiting,2023-10
2023-10-30,325647,25,7.677024508133039e-05,aging population crisis,limiting,2023-10
2023-10-31,454676,14,3.079115677977285e-05,aging population crisis,limiting,2023-10
2023-11-01,406342,19,4.675864173528702e-05,aging population crisis,limiting,2023-11
2023-11-02,313387,19,6.062791372966971e-05,aging population crisis,limiting,2023-11
2023-11-03,353019,7,1.9828961047422376e-05,aging population crisis,limiting,2023-11
2023-11-04,217424,10,4.599308264037089e-05,aging population crisis,limiting,2023-11
2023-11-05,238825,16,6.699466136292264e-05,aging population crisis,limiting,2023-11
2023-11-06,293997,15,5.10209287849876e-05,aging population crisis,limiting,2023-11
2023-11-07,349578,88,0.0002517320884037325,aging population crisis,limiting,2023-11
2023-11-08,395019,40,0.00010126095200484028,aging population crisis,limiting,2023-11
2023-11-09,477530,23,4.816451322430004e-05,aging population crisis,limiting,2023-11
2023-11-10,496152,6,1.2093068253277222e-05,aging population crisis,limiting,2023-11
2023-11-11,372697,21,5.6346039812501846e-05,aging population crisis,limiting,2023-11
2023-11-12,343914,17,4.943096239176073e-05,aging population crisis,limiting,2023-11
2023-11-13,505874,22,4.3489090168698134e-05,aging population crisis,limiting,2023-11
2023-11-14,531886,27,5.076275743298376e-05,aging population crisis,limiting,2023-11
2023-11-15,532214,33,6.200513327345767e-05,aging population crisis,limiting,2023-11
2023-11-16,528144,21,3.976188312278469e-05,aging population crisis,limiting,2023-11
2023-11-17,518066,99,0.0001910953430643972,aging population crisis,limiting,2023-11
2023-11-18,374406,21,5.60888447300524e-05,aging population crisis,limiting,2023-11
2023-11-19,346778,19,5.479009625754806e-05,aging population crisis,limiting,2023-11
2023-11-20,489625,12,2.450855246362012e-05,aging population crisis,limiting,2023-11
2023-11-21,493213,12,2.4330258934780714e-05,aging population crisis,limiting,2023-11
2023-11-22,570322,20,3.506790900578971e-05,aging population crisis,limiting,2023-11
2023-11-23,510558,15,2.937961994523639e-05,aging population crisis,limiting,2023-11
2023-11-24,465253,10,2.149368193219603e-05,aging population crisis,limiting,2023-11
2023-11-25,339983,5,1.4706617683825367e-05,aging population crisis,limiting,2023-11
2023-11-26,350990,8,2.279267215590188e-05,aging population crisis,limiting,2023-11
2023-11-27,499915,13,2.600442075152776e-05,aging population crisis,limiting,2023-11
2023-11-28,531630,27,5.0787201625190454e-05,aging population crisis,limiting,2023-11
2023-11-29,552523,108,0.00019546697603538675,aging population crisis,limiting,2023-11
2023-11-30,560459,25,4.460629591103007e-05,aging population crisis,limiting,2023-11
2023-12-01,521593,22,4.217848015598369e-05,aging population crisis,limiting,2023-12
2023-12-02,370071,8,2.1617473403752255e-05,aging population crisis,limiting,2023-12
2023-12-03,346452,15,4.3296041010010045e-05,aging population crisis,limiting,2023-12
2023-12-04,508715,20,3.9314744011873056e-05,aging population crisis,limiting,2023-12
2023-12-05,439522,15,3.4127984492243845e-05,aging population crisis,limiting,2023-12
2023-12-06,447712,25,5.5839468229576156e-05,aging population crisis,limiting,2023-12
2023-12-07,444233,19,4.2770347993057695e-05,aging population crisis,limiting,2023-12
2023-12-08,426877,16,3.748152278056677e-05,aging population crisis,limiting,2023-12
2023-12-09,306237,7,2.2858113160721923e-05,aging population crisis,limiting,2023-12
2023-12-10,301897,24,7.94973119971381e-05,aging population crisis,limiting,2023-12
2023-12-11,432070,59,0.00013655194760108316,aging population crisis,limiting,2023-12
2023-12-12,453920,11,2.4233345082833978e-05,aging population crisis,limiting,2023-12
2023-12-13,464155,18,3.878014887268262e-05,aging population crisis,limiting,2023-12
2023-12-14,457220,34,7.436245133633699e-05,aging population crisis,limiting,2023-12
2023-12-15,434987,84,0.00019310921935598076,aging population crisis,limiting,2023-12
2023-12-16,299627,19,6.34121758052512e-05,aging population crisis,limiting,2023-12
2023-12-17,289281,27,9.333485434577453e-05,aging population crisis,limiting,2023-12
2023-12-18,432847,98,0.0002264079455327171,aging population crisis,limiting,2023-12
2023-12-19,442004,19,4.2986036325463116e-05,aging population crisis,limiting,2023-12
2023-12-20,453183,92,0.00020300849767091882,aging population crisis,limiting,2023-12
2023-12-21,439238,77,0.000175303593951343,aging population crisis,limiting,2023-12
2023-12-22,409045,8,1.9557750369763716e-05,aging population crisis,limiting,2023-12
2023-12-23,284409,8,2.8128505075437134e-05,aging population crisis,limiting,2023-12
2023-12-24,254126,8,3.148044670753878e-05,aging population crisis,limiting,2023-12
2023-12-25,262260,6,2.2878059940517044e-05,aging population crisis,limiting,2023-12
2023-12-26,334738,11,3.28615215481959e-05,aging population crisis,limiting,2023-12
2023-12-27,385441,38,9.858837020451898e-05,aging population crisis,limiting,2023-12
2023-12-28,390902,13,3.325641720942845e-05,aging population crisis,limiting,2023-12
2023-12-29,368395,12,3.257373199961997e-05,aging population crisis,limiting,2023-12
2023-12-30,276938,9,3.249824870548643e-05,aging population crisis,limiting,2023-12
2023-12-31,253133,6,2.370295457328756e-05,aging population crisis,limiting,2023-12
2023-01-01,386660,59,0.0001525888377385817,elderly burden,limiting,2023-01
2023-01-02,376736,69,0.0001831521277499363,elderly burden,limiting,2023-01
2023-01-03,463750,48,0.00010350404312668464,elderly burden,limiting,2023-01
2023-01-04,476285,24,5.0389997585479286e-05,elderly burden,limiting,2023-01
2023-01-05,513716,29,5.645142452249881e-05,elderly burden,limiting,2023-01
2023-01-06,446257,24,5.378066898670497e-05,elderly burden,limiting,2023-01
2023-01-07,338006,11,3.254380099761543e-05,elderly burden,limiting,2023-01
2023-01-08,321144,17,5.2935754677029616e-05,elderly burden,limiting,2023-01
2023-01-09,516613,36,6.968465756765703e-05,elderly burden,limiting,2023-01
2023-01-10,518847,25,4.818376130150121e-05,elderly burden,limiting,2023-01
2023-01-11,555868,20,3.597976498017515e-05,elderly burden,limiting,2023-01
2023-01-12,526056,34,6.463190230697873e-05,elderly burden,limiting,2023-01
2023-01-13,488831,48,9.819344517839499e-05,elderly burden,limiting,2023-01
2023-01-14,322746,10,3.0984117541348305e-05,elderly burden,limiting,2023-01
2023-01-15,311609,17,5.455554878068348e-05,elderly burden,limiting,2023-01
2023-01-16,460938,20,4.3389783441590845e-05,elderly burden,limiting,2023-01
2023-01-17,508077,33,6.49507850188062e-05,elderly burden,limiting,2023-01
2023-01-18,524187,65,0.00012400154906550524,elderly burden,limiting,2023-01
2023-01-19,517612,83,0.00016035176927891936,elderly burden,limiting,2023-01
2023-01-20,483858,35,7.233527191862075e-05,elderly burden,limiting,2023-01
2023-01-21,325412,14,4.302238393175421e-05,elderly burden,limiting,2023-01
2023-01-22,311528,14,4.493978069387021e-05,elderly burden,limiting,2023-01
2023-01-23,474487,25,5.268848250847758e-05,elderly burden,limiting,2023-01
2023-01-24,503497,32,6.355549288277786e-05,elderly burden,limiting,2023-01
2023-01-25,513829,36,7.006221914294444e-05,elderly burden,limiting,2023-01
2023-01-26,504774,40,7.924338416796427e-05,elderly burden,limiting,2023-01
2023-01-27,478129,13,2.7189315017495278e-05,elderly burden,limiting,2023-01
2023-01-28,327154,10,3.056664445490503e-05,elderly burden,limiting,2023-01
2023-01-29,337263,16,4.7440721336167914e-05,elderly burden,limiting,2023-01
2023-01-30,498506,21,4.2125872105852284e-05,elderly burden,limiting,2023-01
2023-01-31,520924,26,4.991131143890472e-05,elderly burden,limiting,2023-01
2023-02-01,545720,40,7.329766180458844e-05,elderly burden,limiting,2023-02
2023-02-02,521178,46,8.826159200887221e-05,elderly burden,limiting,2023-02
2023-02-03,479265,29,6.0509321565313554e-05,elderly burden,limiting,2023-02
2023-02-04,336576,13,3.8624263167902646e-05,elderly burden,limiting,2023-02
2023-02-05,313435,18,5.7428174900697115e-05,elderly burden,limiting,2023-02
2023-02-06,489890,35,7.144461001449305e-05,elderly burden,limiting,2023-02
2023-02-07,509337,16,3.141338642195639e-05,elderly burden,limiting,2023-02
2023-02-08,527289,17,3.224038430538092e-05,elderly burden,limiting,2023-02
2023-02-09,519827,21,4.0398055506928266e-05,elderly burden,limiting,2023-02
2023-02-10,490576,28,5.707576399986954e-05,elderly burden,limiting,2023-02
2023-02-11,321346,19,5.912630000062238e-05,elderly burden,limiting,2023-02
2023-02-12,315406,15,4.755775096225183e-05,elderly burden,limiting,2023-02
2023-02-13,484652,37,7.634343817832176e-05,elderly burden,limiting,2023-02
2023-02-14,511527,65,0.00012707051631683175,elderly burden,limiting,2023-02
2023-02-15,517380,24,4.6387568131740696e-05,elderly burden,limiting,2023-02
2023-02-16,519253,20,3.85168694258868e-05,elderly burden,limiting,2023-02
2023-02-17,484478,65,0.00013416501884502496,elderly burden,limiting,2023-02
2023-02-18,321085,26,8.097544263979942e-05,elderly burden,limiting,2023-02
2023-02-19,310960,17,5.4669410856701824e-05,elderly burden,limiting,2023-02
2023-02-20,443848,48,0.00010814513076548728,elderly burden,limiting,2023-02
2023-02-21,479395,50,0.00010429812576268004,elderly burden,limiting,2023-02
2023-02-22,501956,29,5.7773988158324634e-05,elderly burden,limiting,2023-02
2023-02-23,496300,37,7.455168245013096e-05,elderly burden,limiting,2023-02
2023-02-24,471742,23,4.875546379164883e-05,elderly burden,limiting,2023-02
2023-02-25,323605,9,2.7811683997466046e-05,elderly burden,limiting,2023-02
2023-02-26,307580,17,5.527017361336888e-05,elderly burden,limiting,2023-02
2023-02-27,475064,28,5.8939427108768504e-05,elderly burden,limiting,2023-02
2023-02-28,500745,35,6.989585517578807e-05,elderly burden,limiting,2023-02
2023-03-01,514545,30,5.830393843104102e-05,elderly burden,limiting,2023-03
2023-03-02,510532,31,6.072097341596609e-05,elderly burden,limiting,2023-03
2023-03-03,478228,30,6.273158409796164e-05,elderly burden,limiting,2023-03
2023-03-04,318967,10,3.135120561061175e-05,elderly burden,limiting,2023-03
2023-03-05,306986,15,4.886216309538546e-05,elderly burden,limiting,2023-03
2023-03-06,477110,30,6.287858145920228e-05,elderly burden,limiting,2023-03
2023-03-07,491276,28,5.6994438971168954e-05,elderly burden,limiting,2023-03
2023-03-08,479238,33,6.885931416123095e-05,elderly burden,limiting,2023-03
2023-03-09,500869,38,7.586814117064542e-05,elderly burden,limiting,2023-03
2023-03-10,474747,18,3.791493153195281e-05,elderly burden,limiting,2023-03
2023-03-11,312372,25,8.003278142727262e-05,elderly burden,limiting,2023-03
2023-03-12,313775,5,1.5934985260138636e-05,elderly burden,limiting,2023-03
2023-03-13,483073,35,7.245281769007997e-05,elderly burden,limiting,2023-03
2023-03-14,502396,47,9.355170025239055e-05,elderly burden,limiting,2023-03
2023-03-15,512681,76,0.000148240328781445,elderly burden,limiting,2023-03
2023-03-16,515796,33,6.397878230928506e-05,elderly burden,limiting,2023-03
2023-03-17,477867,18,3.766738443960349e-05,elderly burden,limiting,2023-03
2023-03-18,312067,14,4.486216101029587e-05,elderly burden,limiting,2023-03
2023-03-19,301941,19,6.292620081406633e-05,elderly burden,limiting,2023-03
2023-03-20,473417,18,3.802144832145867e-05,elderly burden,limiting,2023-03
2023-03-21,486641,21,4.3152960806837076e-05,elderly burden,limiting,2023-03
2023-03-22,503482,26,5.164037641862073e-05,elderly burden,limiting,2023-03
2023-03-23,494531,36,7.279624533143523e-05,elderly burden,limiting,2023-03
2023-03-24,462455,28,6.054643154469084e-05,elderly burden,limiting,2023-03
2023-03-25,309743,17,5.488421045834773e-05,elderly burden,limiting,2023-03
2023-03-26,299147,10,3.342838136434596e-05,elderly burden,limiting,2023-03
2023-03-27,475695,28,5.886124512555314e-05,elderly burden,limiting,2023-03
2023-03-28,490819,25,5.093527349185749e-05,elderly burden,limiting,2023-03
2023-03-29,497556,35,7.03438406933089e-05,elderly burden,limiting,2023-03
2023-03-30,420677,41,9.746194824057412e-05,elderly burden,limiting,2023-03
2023-03-31,449869,22,4.890312513198287e-05,elderly burden,limiting,2023-03
2023-04-01,315540,26,8.239842809152564e-05,elderly burden,limiting,2023-04
2023-04-02,309179,13,4.204684017996048e-05,elderly burden,limiting,2023-04
2023-04-03,476836,25,5.242892734608964e-05,elderly burden,limiting,2023-04
2023-04-04,487193,24,4.92617915282034e-05,elderly burden,limiting,2023-04
2023-04-05,488458,13,2.6614366025328688e-05,elderly burden,limiting,2023-04
2023-04-06,459113,15,3.2671695203577336e-05,elderly burden,limiting,2023-04
2023-04-07,389270,10,2.568911038610733e-05,elderly burden,limiting,2023-04
2023-04-08,290669,14,4.8164750971035786e-05,elderly burden,limiting,2023-04
2023-04-09,273774,13,4.748442145711426e-05,elderly burden,limiting,2023-04
2023-04-10,405537,30,7.397598739449175e-05,elderly burden,limiting,2023-04
2023-04-11,477794,17,3.558018727736221e-05,elderly burden,limiting,2023-04
2023-04-12,488672,27,5.525178442800078e-05,elderly burden,limiting,2023-04
2023-04-13,490386,30,6.117629785515899e-05,elderly burden,limiting,2023-04
2023-04-14,456649,14,3.06581203506413e-05,elderly burden,limiting,2023-04
2023-04-15,304282,7,2.3004975647590064e-05,elderly burden,limiting,2023-04
2023-04-16,294116,16,5.4400304641705994e-05,elderly burden,limiting,2023-04
2023-04-17,449839,27,6.0021474349711786e-05,elderly burden,limiting,2023-04
2023-04-18,487585,21,4.306941353815232e-05,elderly burden,limiting,2023-04
2023-04-19,495117,58,0.00011714402858314298,elderly burden,limiting,2023-04
2023-04-20,505072,30,5.9397472043589825e-05,elderly burden,limiting,2023-04
2023-04-21,442165,14,3.16623884748906e-05,elderly burden,limiting,2023-04
2023-04-22,291122,7,2.4044902137248302e-05,elderly burden,limiting,2023-04
2023-04-23,285319,13,4.556303646094372e-05,elderly burden,limiting,2023-04
2023-04-24,453171,31,6.840684862888402e-05,elderly burden,limiting,2023-04
2023-04-25,478078,59,0.0001234108241751346,elderly burden,limiting,2023-04
2023-04-26,499642,22,4.4031526573026284e-05,elderly burden,limiting,2023-04
2023-04-27,503305,24,4.7684803449200785e-05,elderly burden,limiting,2023-04
2023-04-28,477911,17,3.5571476697544105e-05,elderly burden,limiting,2023-04
2023-04-29,312100,11,3.524511374559436e-05,elderly burden,limiting,2023-04
2023-04-30,292074,19,6.505200736799578e-05,elderly burden,limiting,2023-04
2023-05-01,382308,51,0.00013340029505006434,elderly burden,limiting,2023-05
2023-05-02,472981,30,6.342749497337102e-05,elderly burden,limiting,2023-05
2023-05-03,496390,43,8.66254356453595e-05,elderly burden,limiting,2023-05
2023-05-04,496481,53,0.00010675131576032114,elderly burden,limiting,2023-05
2023-05-05,463524,22,4.746248306452309e-05,elderly burden,limiting,2023-05
2023-05-06,318236,13,4.085018665392979e-05,elderly burden,limiting,2023-05
2023-05-07,305413,8,2.6194038891599244e-05,elderly burden,limiting,2023-05
2023-05-08,460286,25,5.4314056912441396e-05,elderly burden,limiting,2023-05
2023-05-09,488772,37,7.569991734387403e-05,elderly burden,limiting,2023-05
2023-05-10,520267,23,4.42080700870899e-05,elderly burden,limiting,2023-05
2023-05-11,499831,24,4.801622948556612e-05,elderly burden,limiting,2023-05
2023-05-12,475520,35,7.360363391655451e-05,elderly burden,limiting,2023-05
2023-05-13,290386,25,8.609230472543442e-05,elderly burden,limiting,2023-05
2023-05-14,247082,19,7.68975481823848e-05,elderly burden,limiting,2023-05
2023-05-15,476911,40,8.387309162506211e-05,elderly burden,limiting,2023-05
2023-05-16,508558,19,3.7360537047888346e-05,elderly burden,limiting,2023-05
2023-05-17,516177,31,6.005691846014061e-05,elderly burden,limiting,2023-05
2023-05-18,491864,23,4.676089325504611e-05,elderly burden,limiting,2023-05
2023-05-19,475987,28,5.882513598060451e-05,elderly burden,limiting,2023-05
2023-05-20,313906,15,4.778500570234402e-05,elderly burden,limiting,2023-05
2023-05-21,305588,16,5.235807688783591e-05,elderly burden,limiting,2023-05
2023-05-22,478952,25,5.219729743272812e-05,elderly burden,limiting,2023-05
2023-05-23,502427,20,3.980677790007304e-05,elderly burden,limiting,2023-05
2023-05-24,515438,27,5.238263379882741e-05,elderly burden,limiting,2023-05
2023-05-25,506377,26,5.134514403300308e-05,elderly burden,limiting,2023-05
2023-05-26,476611,36,7.553329654582038e-05,elderly burden,limiting,2023-05
2023-05-27,315199,23,7.296977465030028e-05,elderly burden,limiting,2023-05
2023-05-28,311410,10,3.211200667929739e-05,elderly burden,limiting,2023-05
2023-05-29,422001,86,0.0002037909862772837,elderly burden,limiting,2023-05
2023-05-30,492310,34,6.906217627104873e-05,elderly burden,limiting,2023-05
2023-05-31,511821,31,6.056805015816076e-05,elderly burden,limiting,2023-05
2023-06-01,520029,43,8.268769626309301e-05,elderly burden,limiting,2023-06
2023-06-02,471163,29,6.154982458299993e-05,elderly burden,limiting,2023-06
2023-06-03,316228,8,2.529820256270792e-05,elderly burden,limiting,2023-06
2023-06-04,302435,10,3.306495610627077e-05,elderly burden,limiting,2023-06
2023-06-05,478406,20,4.180549575047136e-05,elderly burden,limiting,2023-06
2023-06-06,497032,29,5.834634389737482e-05,elderly burden,limiting,2023-06
2023-06-07,511926,24,4.6881775881670395e-05,elderly burden,limiting,2023-06
2023-06-08,485205,11,2.2670829855421934e-05,elderly burden,limiting,2023-06
2023-06-09,469746,25,5.322025094412725e-05,elderly burden,limiting,2023-06
2023-06-10,309255,15,4.8503662026483e-05,elderly burden,limiting,2023-06
2023-06-11,301437,65,0.0002156337808563647,elderly burden,limiting,2023-06
2023-06-12,469490,28,5.963918294319368e-05,elderly burden,limiting,2023-06
2023-06-13,507360,25,4.927467675812047e-05,elderly burden,limiting,2023-06
2023-06-14,513410,36,7.011939775228374e-05,elderly burden,limiting,2023-06
2023-06-15,512254,39,7.613410534617591e-05,elderly burden,limiting,2023-06
2023-06-16,479492,14,2.9197567425525347e-05,elderly burden,limiting,2023-06
2023-06-17,313647,10,3.1882976722238696e-05,elderly burden,limiting,2023-06
2023-06-18,297948,12,4.027548431269886e-05,elderly burden,limiting,2023-06
2023-06-19,454954,19,4.1762463897448976e-05,elderly burden,limiting,2023-06
2023-06-20,501975,20,3.9842621644504206e-05,elderly burden,limiting,2023-06
2023-06-21,511651,19,3.713468751160459e-05,elderly burden,limiting,2023-06
2023-06-22,500891,46,9.183634762852596e-05,elderly burden,limiting,2023-06
2023-06-23,462693,30,6.483780822273084e-05,elderly burden,limiting,2023-06
2023-06-24,311142,9,2.8925699519833387e-05,elderly burden,limiting,2023-06
2023-06-25,294103,7,2.3801185299027893e-05,elderly burden,limiting,2023-06
2023-06-26,466890,31,6.639679581914369e-05,elderly burden,limiting,2023-06
2023-06-27,488208,27,5.5304296529348145e-05,elderly burden,limiting,2023-06
2023-06-28,487306,15,3.078148021982081e-05,elderly burden,limiting,2023-06
2023-06-29,476127,47,9.871315846402325e-05,elderly burden,limiting,2023-06
2023-06-30,457265,33,7.216821755437219e-05,elderly burden,limiting,2023-06
2023-07-01,303381,20,6.592370649447395e-05,elderly burden,limiting,2023-07
2023-07-02,284625,17,5.972771190162494e-05,elderly burden,limiting,2023-07
2023-07-03,445952,27,6.054463260619977e-05,elderly burden,limiting,2023-07
2023-07-04,455884,78,0.0001710961560396943,elderly burden,limiting,2023-07
2023-07-05,501180,17,3.391994892054751e-05,elderly burden,limiting,2023-07
2023-07-06,493339,22,4.459408236527013e-05,elderly burden,limiting,2023-07
2023-07-07,463370,11,2.3739128558171657e-05,elderly burden,limiting,2023-07
2023-07-08,305403,12,3.929234486891092e-05,elderly burden,limiting,2023-07
2023-07-09,291177,8,2.747469752075198e-05,elderly burden,limiting,2023-07
2023-07-10,454453,49,0.00010782193098076149,elderly burden,limiting,2023-07
2023-07-11,492786,38,7.711258030869383e-05,elderly burden,limiting,2023-07
2023-07-12,495376,20,4.037337295306999e-05,elderly burden,limiting,2023-07
2023-07-13,488915,15,3.068017958131782e-05,elderly burden,limiting,2023-07
2023-07-14,449795,14,3.11252904100757e-05,elderly burden,limiting,2023-07
2023-07-15,300453,12,3.99396910664896e-05,elderly burden,limiting,2023-07
2023-07-16,288895,6,2.076879142941207e-05,elderly burden,limiting,2023-07
2023-07-17,452038,37,8.185152575668417e-05,elderly burden,limiting,2023-07
2023-07-18,489747,26,5.308863556080997e-05,elderly burden,limiting,2023-07
2023-07-19,486941,26,5.3394559094428276e-05,elderly burden,limiting,2023-07
2023-07-20,476929,124,0.0002599967710078439,elderly burden,limiting,2023-07
2023-07-21,454340,53,0.00011665272703261874,elderly burden,limiting,2023-07
2023-07-22,300123,17,5.664344285509608e-05,elderly burden,limiting,2023-07
2023-07-23,292470,20,6.83830820255069e-05,elderly burden,limiting,2023-07
2023-07-24,453290,16,3.529749167199806e-05,elderly burden,limiting,2023-07
2023-07-25,481260,45,9.350455055479367e-05,elderly burden,limiting,2023-07
2023-07-26,491615,23,4.678457736236689e-05,elderly burden,limiting,2023-07
2023-07-27,487834,15,3.074816433458922e-05,elderly burden,limiting,2023-07
2023-07-28,459847,18,3.914345423586541e-05,elderly burden,limiting,2023-07
2023-07-29,299402,15,5.009986573235984e-05,elderly burden,limiting,2023-07
2023-07-30,284070,10,3.5202590910691024e-05,elderly burden,limiting,2023-07
2023-07-31,455803,20,4.3878605450161586e-05,elderly burden,limiting,2023-07
2023-08-01,477822,15,3.139244321107023e-05,elderly burden,limiting,2023-08
2023-08-02,477375,67,0.00014035087719298245,elderly burden,limiting,2023-08
2023-08-03,477836,53,0.00011091671619551478,elderly burden,limiting,2023-08
2023-08-04,448645,40,8.91573515808713e-05,elderly burden,limiting,2023-08
2023-08-05,300483,28,9.318330820711987e-05,elderly burden,limiting,2023-08
2023-08-06,287612,14,4.867668942881382e-05,elderly burden,limiting,2023-08
2023-08-07,440347,23,5.223153558443682e-05,elderly burden,limiting,2023-08
2023-08-08,469410,21,4.473701028951237e-05,elderly burden,limiting,2023-08
2023-08-09,478458,13,2.7170618946699607e-05,elderly burden,limiting,2023-08
2023-08-10,476103,26,5.4610031862853204e-05,elderly burden,limiting,2023-08
2023-08-11,439680,20,4.5487627365356625e-05,elderly burden,limiting,2023-08
2023-08-12,302092,13,4.303324814957033e-05,elderly burden,limiting,2023-08
2023-08-13,287942,6,2.0837529780302978e-05,elderly burden,limiting,2023-08
2023-08-14,440043,13,2.954256743091016e-05,elderly burden,limiting,2023-08
2023-08-15,470864,29,6.158890889938496e-05,elderly burden,limiting,2023-08
2023-08-16,468638,25,5.334607948992612e-05,elderly burden,limiting,2023-08
2023-08-17,475136,21,4.419787176724138e-05,elderly burden,limiting,2023-08
2023-08-18,449947,22,4.889464759182748e-05,elderly burden,limiting,2023-08
2023-08-19,313733,8,2.549938960836125e-05,elderly burden,limiting,2023-08
2023-08-20,300751,15,4.9875145884801715e-05,elderly burden,limiting,2023-08
2023-08-21,438028,29,6.620581332700193e-05,elderly burden,limiting,2023-08
2023-08-22,401105,14,3.490357886338989e-05,elderly burden,limiting,2023-08
2023-08-23,370413,17,4.589471751801368e-05,elderly burden,limiting,2023-08
2023-08-24,503040,49,9.740776081424937e-05,elderly burden,limiting,2023-08
2023-08-25,456353,45,9.860787592061409e-05,elderly burden,limiting,2023-08
2023-08-26,308918,12,3.884525990715983e-05,elderly burden,limiting,2023-08
2023-08-27,295769,18,6.085830496096616e-05,elderly burden,limiting,2023-08
2023-08-28,448775,147,0.00032755835329508105,elderly burden,limiting,2023-08
2023-08-29,481751,21,4.359098372395698e-05,elderly burden,limiting,2023-08
2023-08-30,490413,19,3.8742855511579015e-05,elderly burden,limiting,2023-08
2023-08-31,497911,89,0.00017874680414772923,elderly burden,limiting,2023-08
2023-09-01,476936,40,8.386869517084053e-05,elderly burden,limiting,2023-09
2023-09-02,313119,15,4.7905109558985564e-05,elderly burden,limiting,2023-09
2023-09-03,311627,9,2.8880681070638937e-05,elderly burden,limiting,2023-09
2023-09-04,435333,21,4.823893433302782e-05,elderly burden,limiting,2023-09
2023-09-05,493288,18,3.6489839606882794e-05,elderly burden,limiting,2023-09
2023-09-06,510752,32,6.26527159952384e-05,elderly burden,limiting,2023-09
2023-09-07,488234,20,4.096396400086844e-05,elderly burden,limiting,2023-09
2023-09-08,463682,34,7.332611574311704e-05,elderly burden,limiting,2023-09
2023-09-09,321208,16,4.981195985156036e-05,elderly burden,limiting,2023-09
2023-09-10,313055,7,2.2360288128284167e-05,elderly burden,limiting,2023-09
2023-09-11,474764,25,5.2657741530528856e-05,elderly burden,limiting,2023-09
2023-09-12,501177,23,4.589197030190931e-05,elderly burden,limiting,2023-09
2023-09-13,512947,34,6.628365113744696e-05,elderly burden,limiting,2023-09
2023-09-14,504052,23,4.563021275582678e-05,elderly burden,limiting,2023-09
2023-09-15,477614,24,5.024978329780953e-05,elderly burden,limiting,2023-09
2023-09-16,313024,7,2.2362502555714576e-05,elderly burden,limiting,2023-09
2023-09-17,307869,17,5.521829089645271e-05,elderly burden,limiting,2023-09
2023-09-18,467258,30,6.420435819183406e-05,elderly burden,limiting,2023-09
2023-09-19,502742,27,5.370547915232863e-05,elderly burden,limiting,2023-09
2023-09-20,519399,20,3.850604256072884e-05,elderly burden,limiting,2023-09
2023-09-21,511175,34,6.651342495231575e-05,elderly burden,limiting,2023-09
2023-09-22,473154,25,5.283691990345638e-05,elderly burden,limiting,2023-09
2023-09-23,316117,18,5.694094275220883e-05,elderly burden,limiting,2023-09
2023-09-24,279092,9,3.2247430954667275e-05,elderly burden,limiting,2023-09
2023-09-25,471557,20,4.241268817979587e-05,elderly burden,limiting,2023-09
2023-09-26,493643,22,4.456662000676602e-05,elderly burden,limiting,2023-09
2023-09-27,505379,27,5.342525114814822e-05,elderly burden,limiting,2023-09
2023-09-28,488069,29,5.941782821691195e-05,elderly burden,limiting,2023-09
2023-09-29,447544,23,5.139159501635593e-05,elderly burden,limiting,2023-09
2023-09-30,315650,11,3.484872485347695e-05,elderly burden,limiting,2023-09
2023-10-01,291636,19,6.514970716921093e-05,elderly burden,limiting,2023-10
2023-10-02,449201,16,3.5618798711489956e-05,elderly burden,limiting,2023-10
2023-10-03,405978,33,8.128519279369818e-05,elderly burden,limiting,2023-10
2023-10-04,414982,15,3.6146146097903045e-05,elderly burden,limiting,2023-10
2023-10-05,450132,45,9.997067526858788e-05,elderly burden,limiting,2023-10
2023-10-06,377905,21,5.556952144057369e-05,elderly burden,limiting,2023-10
2023-10-07,251209,10,3.9807490973651424e-05,elderly burden,limiting,2023-10
2023-10-08,309776,14,4.519394659366768e-05,elderly burden,limiting,2023-10
2023-10-09,440844,41,9.300342071118128e-05,elderly burden,limiting,2023-10
2023-10-10,490873,52,0.00010593371401564152,elderly burden,limiting,2023-10
2023-10-11,503094,41,8.14957045800586e-05,elderly burden,limiting,2023-10
2023-10-12,487234,28,5.746725392727109e-05,elderly burden,limiting,2023-10
2023-10-13,468088,63,0.0001345900770795235,elderly burden,limiting,2023-10
2023-10-14,310303,16,5.156250503540088e-05,elderly burden,limiting,2023-10
2023-10-15,229331,16,6.97681517108459e-05,elderly burden,limiting,2023-10
2023-10-16,378908,25,6.597907671519207e-05,elderly burden,limiting,2023-10
2023-10-17,354366,22,6.208270545142593e-05,elderly burden,limiting,2023-10
2023-10-18,454881,24,5.2761051791567466e-05,elderly burden,limiting,2023-10
2023-10-19,324728,16,4.9272006109728756e-05,elderly burden,limiting,2023-10
2023-10-20,449556,27,6.0059258468355445e-05,elderly burden,limiting,2023-10
2023-10-21,300472,17,5.657765116217152e-05,elderly burden,limiting,2023-10
2023-10-22,295955,29,9.798786977749996e-05,elderly burden,limiting,2023-10
2023-10-23,414959,27,6.506666923720175e-05,elderly burden,limiting,2023-10
2023-10-24,417249,23,5.512296015089311e-05,elderly burden,limiting,2023-10
2023-10-25,379766,37,9.74284164459167e-05,elderly burden,limiting,2023-10
2023-10-26,375887,19,5.054710591214913e-05,elderly burden,limiting,2023-10
2023-10-27,474875,45,9.476177941563569e-05,elderly burden,limiting,2023-10
2023-10-28,240563,13,5.4039898072438405e-05,elderly burden,limiting,2023-10
2023-10-29,279231,17,6.088149238444156e-05,elderly burden,limiting,2023-10
2023-10-30,325647,17,5.220376665530467e-05,elderly burden,limiting,2023-10
2023-10-31,454676,31,6.818041858378274e-05,elderly burden,limiting,2023-10
2023-11-01,406342,60,0.0001476588686377485,elderly burden,limiting,2023-11
2023-11-02,313387,31,9.891922766419794e-05,elderly burden,limiting,2023-11
2023-11-03,353019,19,5.3821465700146454e-05,elderly burden,limiting,2023-11
2023-11-04,217424,17,7.81882404886305e-05,elderly burden,limiting,2023-11
2023-11-05,238825,17,7.118182769810531e-05,elderly burden,limiting,2023-11
2023-11-06,293997,20,6.802790504665014e-05,elderly burden,limiting,2023-11
2023-11-07,349578,15,4.290887870518168e-05,elderly burden,limiting,2023-11
2023-11-08,395019,31,7.84772378037512e-05,elderly burden,limiting,2023-11
2023-11-09,477530,19,3.978807614181308e-05,elderly burden,limiting,2023-11
2023-11-10,496152,23,4.6356761637562685e-05,elderly burden,limiting,2023-11
2023-11-11,372697,11,2.951459228273906e-05,elderly burden,limiting,2023-11
2023-11-12,343914,15,4.361555505155358e-05,elderly burden,limiting,2023-11
2023-11-13,505874,39,7.709429620814669e-05,elderly burden,limiting,2023-11
2023-11-14,531886,36,6.768367657731168e-05,elderly burden,limiting,2023-11
2023-11-15,532214,65,0.0001221313231143863,elderly burden,limiting,2023-11
2023-11-16,528144,30,5.680269017540671e-05,elderly burden,limiting,2023-11
2023-11-17,518066,27,5.21169117448356e-05,elderly burden,limiting,2023-11
2023-11-18,374406,22,5.875974209815013e-05,elderly burden,limiting,2023-11
2023-11-19,346778,19,5.479009625754806e-05,elderly burden,limiting,2023-11
2023-11-20,489625,38,7.761041613479704e-05,elderly burden,limiting,2023-11
2023-11-21,493213,29,5.8798125759053394e-05,elderly burden,limiting,2023-11
2023-11-22,570322,48,8.416298161389531e-05,elderly burden,limiting,2023-11
2023-11-23,510558,46,9.009750116539159e-05,elderly burden,limiting,2023-11
2023-11-24,465253,40,8.597472772878412e-05,elderly burden,limiting,2023-11
2023-11-25,339983,23,6.76504413455967e-05,elderly burden,limiting,2023-11
2023-11-26,350990,18,5.1283512350779224e-05,elderly burden,limiting,2023-11
2023-11-27,499915,21,4.200714121400638e-05,elderly burden,limiting,2023-11
2023-11-28,531630,40,7.524029870398585e-05,elderly burden,limiting,2023-11
2023-11-29,552523,29,5.2486502824316816e-05,elderly burden,limiting,2023-11
2023-11-30,560459,33,5.888031060255969e-05,elderly burden,limiting,2023-11
2023-12-01,521593,26,4.98472947297989e-05,elderly burden,limiting,2023-12
2023-12-02,370071,17,4.5937130982973536e-05,elderly burden,limiting,2023-12
2023-12-03,346452,12,3.463683280800803e-05,elderly burden,limiting,2023-12
2023-12-04,508715,31,6.0937853218403234e-05,elderly burden,limiting,2023-12
2023-12-05,439522,20,4.5503979322991795e-05,elderly burden,limiting,2023-12
2023-12-06,447712,26,5.8073046958759206e-05,elderly burden,limiting,2023-12
2023-12-07,444233,31,6.978319935709414e-05,elderly burden,limiting,2023-12
2023-12-08,426877,21,4.9194498649493886e-05,elderly burden,limiting,2023-12
2023-12-09,306237,12,3.9185336846951874e-05,elderly burden,limiting,2023-12
2023-12-10,301897,18,5.9622983997853576e-05,elderly burden,limiting,2023-12
2023-12-11,432070,29,6.711875390561715e-05,elderly burden,limiting,2023-12
2023-12-12,453920,29,6.388790976383503e-05,elderly burden,limiting,2023-12
2023-12-13,464155,18,3.878014887268262e-05,elderly burden,limiting,2023-12
2023-12-14,457220,25,5.467827304142426e-05,elderly burden,limiting,2023-12
2023-12-15,434987,28,6.436973978532692e-05,elderly burden,limiting,2023-12
2023-12-16,299627,10,3.337482937118484e-05,elderly burden,limiting,2023-12
2023-12-17,289281,12,4.14821574870109e-05,elderly burden,limiting,2023-12
2023-12-18,432847,20,4.6205703169942265e-05,elderly burden,limiting,2023-12
2023-12-19,442004,30,6.787268893494176e-05,elderly burden,limiting,2023-12
2023-12-20,453183,42,9.267779241498467e-05,elderly burden,limiting,2023-12
2023-12-21,439238,33,7.513011169343272e-05,elderly burden,limiting,2023-12
2023-12-22,409045,34,8.31204390714958e-05,elderly burden,limiting,2023-12
2023-12-23,284409,12,4.21927576131557e-05,elderly burden,limiting,2023-12
2023-12-24,254126,6,2.3610335030654084e-05,elderly burden,limiting,2023-12
2023-12-25,262260,7,2.6691069930603218e-05,elderly burden,limiting,2023-12
2023-12-26,334738,12,3.5848932598031894e-05,elderly burden,limiting,2023-12
2023-12-27,385441,76,0.00019717674040903795,elderly burden,limiting,2023-12
2023-12-28,390902,17,4.348916096617567e-05,elderly burden,limiting,2023-12
2023-12-29,368395,28,7.600537466577994e-05,elderly burden,limiting,2023-12
2023-12-30,276938,19,6.860741393380467e-05,elderly burden,limiting,2023-12
2023-12-31,253133,18,7.110886371986268e-05,elderly burden,limiting,2023-12
2023-01-01,386660,2,5.17250297418921e-06,aging tsunami,limiting,2023-01
2023-01-02,376736,0,0.0,aging tsunami,limiting,2023-01
2023-01-03,463750,1,2.15633423180593e-06,aging tsunami,limiting,2023-01
2023-01-04,476285,2,4.199166465456607e-06,aging tsunami,limiting,2023-01
2023-01-05,513716,2,3.893201691206815e-06,aging tsunami,limiting,2023-01
2023-01-06,446257,0,0.0,aging tsunami,limiting,2023-01
2023-01-07,338006,0,0.0,aging tsunami,limiting,2023-01
2023-01-08,321144,0,0.0,aging tsunami,limiting,2023-01
2023-01-09,516613,3,5.807054797304752e-06,aging tsunami,limiting,2023-01
2023-01-10,518847,1,1.9273504520600485e-06,aging tsunami,limiting,2023-01
2023-01-11,555868,3,5.396964747026273e-06,aging tsunami,limiting,2023-01
2023-01-12,526056,5,9.504691515732166e-06,aging tsunami,limiting,2023-01
2023-01-13,488831,1,2.0456967745498956e-06,aging tsunami,limiting,2023-01
2023-01-14,322746,1,3.0984117541348306e-06,aging tsunami,limiting,2023-01
2023-01-15,311609,2,6.418299856550998e-06,aging tsunami,limiting,2023-01
2023-01-16,460938,3,6.508467516238626e-06,aging tsunami,limiting,2023-01
2023-01-17,508077,35,6.888719623206718e-05,aging tsunami,limiting,2023-01
2023-01-18,524187,12,2.289259367363174e-05,aging tsunami,limiting,2023-01
2023-01-19,517612,7,1.3523643192198016e-05,aging tsunami,limiting,2023-01
2023-01-20,483858,2,4.133444109635472e-06,aging tsunami,limiting,2023-01
2023-01-21,325412,1,3.073027423696729e-06,aging tsunami,limiting,2023-01
2023-01-22,311528,0,0.0,aging tsunami,limiting,2023-01
2023-01-23,474487,4,8.430157201356413e-06,aging tsunami,limiting,2023-01
2023-01-24,503497,3,5.958327457760424e-06,aging tsunami,limiting,2023-01
2023-01-25,513829,5,9.730863769853395e-06,aging tsunami,limiting,2023-01
2023-01-26,504774,2,3.962169208398214e-06,aging tsunami,limiting,2023-01
2023-01-27,478129,9,1.882337193518904e-05,aging tsunami,limiting,2023-01
2023-01-28,327154,1,3.0566644454905028e-06,aging tsunami,limiting,2023-01
2023-01-29,337263,1,2.9650450835104946e-06,aging tsunami,limiting,2023-01
2023-01-30,498506,2,4.0119878196049796e-06,aging tsunami,limiting,2023-01
2023-01-31,520924,8,1.5357326596586068e-05,aging tsunami,limiting,2023-01
2023-02-01,545720,1,1.8324415451147108e-06,aging tsunami,limiting,2023-02
2023-02-02,521178,2,3.837460522124879e-06,aging tsunami,limiting,2023-02
2023-02-03,479265,2,4.173056659676797e-06,aging tsunami,limiting,2023-02
2023-02-04,336576,5,1.4855485833808709e-05,aging tsunami,limiting,2023-02
2023-02-05,313435,1,3.1904541611498395e-06,aging tsunami,limiting,2023-02
2023-02-06,489890,1,2.0412745718426585e-06,aging tsunami,limiting,2023-02
2023-02-07,509337,0,0.0,aging tsunami,limiting,2023-02
2023-02-08,527289,4,7.585972777736687e-06,aging tsunami,limiting,2023-02
2023-02-09,519827,1,1.923716928901346e-06,aging tsunami,limiting,2023-02
2023-02-10,490576,2,4.076840285704967e-06,aging tsunami,limiting,2023-02
2023-02-11,321346,3,9.335731579045639e-06,aging tsunami,limiting,2023-02
2023-02-12,315406,2,6.341033461633577e-06,aging tsunami,limiting,2023-02
2023-02-13,484652,32,6.602675734341341e-05,aging tsunami,limiting,2023-02
2023-02-14,511527,3,5.86479306077685e-06,aging tsunami,limiting,2023-02
2023-02-15,517380,2,3.865630677645058e-06,aging tsunami,limiting,2023-02
2023-02-16,519253,1,1.9258434712943402e-06,aging tsunami,limiting,2023-02
2023-02-17,484478,1,2.064077213000384e-06,aging tsunami,limiting,2023-02
2023-02-18,321085,1,3.1144401015307473e-06,aging tsunami,limiting,2023-02
2023-02-19,310960,2,6.431695394906097e-06,aging tsunami,limiting,2023-02
2023-02-20,443848,1,2.2530235576143183e-06,aging tsunami,limiting,2023-02
2023-02-21,479395,0,0.0,aging tsunami,limiting,2023-02
2023-02-22,501956,1,1.9922064882180906e-06,aging tsunami,limiting,2023-02
2023-02-23,496300,1,2.014910336490026e-06,aging tsunami,limiting,2023-02
2023-02-24,471742,1,2.119802773549949e-06,aging tsunami,limiting,2023-02
2023-02-25,323605,1,3.090187110829561e-06,aging tsunami,limiting,2023-02
2023-02-26,307580,1,3.2511866831393458e-06,aging tsunami,limiting,2023-02
2023-02-27,475064,3,6.314938618796626e-06,aging tsunami,limiting,2023-02
2023-02-28,500745,2,3.99404886718789e-06,aging tsunami,limiting,2023-02
2023-03-01,514545,2,3.886929228736068e-06,aging tsunami,limiting,2023-03
2023-03-02,510532,1,1.95874107793439e-06,aging tsunami,limiting,2023-03
2023-03-03,478228,0,0.0,aging tsunami,limiting,2023-03
2023-03-04,318967,1,3.1351205610611755e-06,aging tsunami,limiting,2023-03
2023-03-05,306986,1,3.257477539692364e-06,aging tsunami,limiting,2023-03
2023-03-06,477110,1,2.095952715306743e-06,aging tsunami,limiting,2023-03
2023-03-07,491276,2,4.071031355083497e-06,aging tsunami,limiting,2023-03
2023-03-08,479238,2,4.173291767347331e-06,aging tsunami,limiting,2023-03
2023-03-09,500869,3,5.989590092419375e-06,aging tsunami,limiting,2023-03
2023-03-10,474747,2,4.212770170216979e-06,aging tsunami,limiting,2023-03
2023-03-11,312372,3,9.603933771272713e-06,aging tsunami,limiting,2023-03
2023-03-12,313775,0,0.0,aging tsunami,limiting,2023-03
2023-03-13,483073,5,1.035040252715428e-05,aging tsunami,limiting,2023-03
2023-03-14,502396,2,3.980923414995342e-06,aging tsunami,limiting,2023-03
2023-03-15,512681,2,3.901061283722236e-06,aging tsunami,limiting,2023-03
2023-03-16,515796,2,3.8775019581384885e-06,aging tsunami,limiting,2023-03
2023-03-17,477867,1,2.0926324688668604e-06,aging tsunami,limiting,2023-03
2023-03-18,312067,0,0.0,aging tsunami,limiting,2023-03
2023-03-19,301941,1,3.3119053060034906e-06,aging tsunami,limiting,2023-03
2023-03-20,473417,1,2.112302684525482e-06,aging tsunami,limiting,2023-03
2023-03-21,486641,2,4.10980579112734e-06,aging tsunami,limiting,2023-03
2023-03-22,503482,0,0.0,aging tsunami,limiting,2023-03
2023-03-23,494531,0,0.0,aging tsunami,limiting,2023-03
2023-03-24,462455,34,7.352066687569601e-05,aging tsunami,limiting,2023-03
2023-03-25,309743,0,0.0,aging tsunami,limiting,2023-03
2023-03-26,299147,1,3.3428381364345955e-06,aging tsunami,limiting,2023-03
2023-03-27,475695,0,0.0,aging tsunami,limiting,2023-03
2023-03-28,490819,3,6.112232819022898e-06,aging tsunami,limiting,2023-03
2023-03-29,497556,0,0.0,aging tsunami,limiting,2023-03
2023-03-30,420677,2,4.754241377588982e-06,aging tsunami,limiting,2023-03
2023-03-31,449869,1,2.2228693241810394e-06,aging tsunami,limiting,2023-03
2023-04-01,315540,2,6.338340622425049e-06,aging tsunami,limiting,2023-04
2023-04-02,309179,0,0.0,aging tsunami,limiting,2023-04
2023-04-03,476836,1,2.0971570938435856e-06,aging tsunami,limiting,2023-04
2023-04-04,487193,1,2.052574647008475e-06,aging tsunami,limiting,2023-04
2023-04-05,488458,1,2.0472589250252838e-06,aging tsunami,limiting,2023-04
2023-04-06,459113,1,2.1781130135718222e-06,aging tsunami,limiting,2023-04
2023-04-07,389270,1,2.568911038610733e-06,aging tsunami,limiting,2023-04
2023-04-08,290669,1,3.4403393550739846e-06,aging tsunami,limiting,2023-04
2023-04-09,273774,1,3.6526478043934046e-06,aging tsunami,limiting,2023-04
2023-04-10,405537,1,2.4658662464830584e-06,aging tsunami,limiting,2023-04
2023-04-11,477794,0,0.0,aging tsunami,limiting,2023-04
2023-04-12,488672,0,0.0,aging tsunami,limiting,2023-04
2023-04-13,490386,2,4.0784198570106e-06,aging tsunami,limiting,2023-04
2023-04-14,456649,6,1.313919443598913e-05,aging tsunami,limiting,2023-04
2023-04-15,304282,5,1.6432125462564333e-05,aging tsunami,limiting,2023-04
2023-04-16,294116,2,6.800038080213249e-06,aging tsunami,limiting,2023-04
2023-04-17,449839,0,0.0,aging tsunami,limiting,2023-04
2023-04-18,487585,0,0.0,aging tsunami,limiting,2023-04
2023-04-19,495117,12,2.4236695568926133e-05,aging tsunami,limiting,2023-04
2023-04-20,505072,2,3.959831469572655e-06,aging tsunami,limiting,2023-04
2023-04-21,442165,1,2.2615991767778994e-06,aging tsunami,limiting,2023-04
2023-04-22,291122,1,3.4349860196069003e-06,aging tsunami,limiting,2023-04
2023-04-23,285319,2,7.009697917068264e-06,aging tsunami,limiting,2023-04
2023-04-24,453171,4,8.826690145662454e-06,aging tsunami,limiting,2023-04
2023-04-25,478078,1,2.0917088843243152e-06,aging tsunami,limiting,2023-04
2023-04-26,499642,4,8.005732104186597e-06,aging tsunami,limiting,2023-04
2023-04-27,503305,1,1.986866810383366e-06,aging tsunami,limiting,2023-04
2023-04-28,477911,0,0.0,aging tsunami,limiting,2023-04
2023-04-29,312100,1,3.2041012495994873e-06,aging tsunami,limiting,2023-04
2023-04-30,292074,1,3.4237898614734623e-06,aging tsunami,limiting,2023-04
2023-05-01,382308,3,7.84707617941555e-06,aging tsunami,limiting,2023-05
2023-05-02,472981,1,2.1142498324457006e-06,aging tsunami,limiting,2023-05
2023-05-03,496390,1,2.0145450150083605e-06,aging tsunami,limiting,2023-05
2023-05-04,496481,0,0.0,aging tsunami,limiting,2023-05
2023-05-05,463524,2,4.314771187683917e-06,aging tsunami,limiting,2023-05
2023-05-06,318236,1,3.1423220503022914e-06,aging tsunami,limiting,2023-05
2023-05-07,305413,1,3.2742548614499056e-06,aging tsunami,limiting,2023-05
2023-05-08,460286,1,2.1725622764976557e-06,aging tsunami,limiting,2023-05
2023-05-09,488772,3,6.137831135989787e-06,aging tsunami,limiting,2023-05
2023-05-10,520267,14,2.6909260053011243e-05,aging tsunami,limiting,2023-05
2023-05-11,499831,3,6.002028685695765e-06,aging tsunami,limiting,2023-05
2023-05-12,475520,1,2.1029609690444144e-06,aging tsunami,limiting,2023-05
2023-05-13,290386,2,6.887384378034754e-06,aging tsunami,limiting,2023-05
2023-05-14,247082,1,4.047239378020252e-06,aging tsunami,limiting,2023-05
2023-05-15,476911,2,4.193654581253106e-06,aging tsunami,limiting,2023-05
2023-05-16,508558,0,0.0,aging tsunami,limiting,2023-05
2023-05-17,516177,1,1.9373199503271163e-06,aging tsunami,limiting,2023-05
2023-05-18,491864,4,8.13232926174715e-06,aging tsunami,limiting,2023-05
2023-05-19,475987,0,0.0,aging tsunami,limiting,2023-05
2023-05-20,313906,0,0.0,aging tsunami,limiting,2023-05
2023-05-21,305588,0,0.0,aging tsunami,limiting,2023-05
2023-05-22,478952,1,2.0878918973091248e-06,aging tsunami,limiting,2023-05
2023-05-23,502427,5,9.95169447501826e-06,aging tsunami,limiting,2023-05
2023-05-24,515438,3,5.820292644314156e-06,aging tsunami,limiting,2023-05
2023-05-25,506377,1,1.97481323203858e-06,aging tsunami,limiting,2023-05
2023-05-26,476611,2,4.196294252545577e-06,aging tsunami,limiting,2023-05
2023-05-27,315199,0,0.0,aging tsunami,limiting,2023-05
2023-05-28,311410,0,0.0,aging tsunami,limiting,2023-05
2023-05-29,422001,1,2.369662631131206e-06,aging tsunami,limiting,2023-05
2023-05-30,492310,3,6.09372143568077e-06,aging tsunami,limiting,2023-05
2023-05-31,511821,4,7.815232278472356e-06,aging tsunami,limiting,2023-05
2023-06-01,520029,3,5.768909041611141e-06,aging tsunami,limiting,2023-06
2023-06-02,471163,0,0.0,aging tsunami,limiting,2023-06
2023-06-03,316228,1,3.16227532033849e-06,aging tsunami,limiting,2023-06
2023-06-04,302435,0,0.0,aging tsunami,limiting,2023-06
2023-06-05,478406,0,0.0,aging tsunami,limiting,2023-06
2023-06-06,497032,3,6.035828679038774e-06,aging tsunami,limiting,2023-06
2023-06-07,511926,1,1.9534073284029333e-06,aging tsunami,limiting,2023-06
2023-06-08,485205,1,2.060984532311085e-06,aging tsunami,limiting,2023-06
2023-06-09,469746,2,4.25762007553018e-06,aging tsunami,limiting,2023-06
2023-06-10,309255,2,6.4671549368644e-06,aging tsunami,limiting,2023-06
2023-06-11,301437,1,3.3174427824056104e-06,aging tsunami,limiting,2023-06
2023-06-12,469490,1,2.129970819399774e-06,aging tsunami,limiting,2023-06
2023-06-13,507360,1,1.9709870703248187e-06,aging tsunami,limiting,2023-06
2023-06-14,513410,1,1.9477610486745486e-06,aging tsunami,limiting,2023-06
2023-06-15,512254,4,7.808626189351376e-06,aging tsunami,limiting,2023-06
2023-06-16,479492,1,2.085540530394668e-06,aging tsunami,limiting,2023-06
2023-06-17,313647,2,6.376595344447739e-06,aging tsunami,limiting,2023-06
2023-06-18,297948,11,3.691919395330729e-05,aging tsunami,limiting,2023-06
2023-06-19,454954,4,8.792097662620836e-06,aging tsunami,limiting,2023-06
2023-06-20,501975,1,1.9921310822252102e-06,aging tsunami,limiting,2023-06
2023-06-21,511651,1,1.9544572374528732e-06,aging tsunami,limiting,2023-06
2023-06-22,500891,0,0.0,aging tsunami,limiting,2023-06
2023-06-23,462693,1,2.161260274091028e-06,aging tsunami,limiting,2023-06
2023-06-24,311142,0,0.0,aging tsunami,limiting,2023-06
2023-06-25,294103,1,3.4001693284325558e-06,aging tsunami,limiting,2023-06
2023-06-26,466890,3,6.4254963695945515e-06,aging tsunami,limiting,2023-06
2023-06-27,488208,0,0.0,aging tsunami,limiting,2023-06
2023-06-28,487306,0,0.0,aging tsunami,limiting,2023-06
2023-06-29,476127,1,2.100279967319644e-06,aging tsunami,limiting,2023-06
2023-06-30,457265,0,0.0,aging tsunami,limiting,2023-06
2023-07-01,303381,1,3.2961853247236973e-06,aging tsunami,limiting,2023-07
2023-07-02,284625,0,0.0,aging tsunami,limiting,2023-07
2023-07-03,445952,1,2.242393800229621e-06,aging tsunami,limiting,2023-07
2023-07-04,455884,2,4.387080924094726e-06,aging tsunami,limiting,2023-07
2023-07-05,501180,1,1.995291112973383e-06,aging tsunami,limiting,2023-07
2023-07-06,493339,12,2.432404492651098e-05,aging tsunami,limiting,2023-07
2023-07-07,463370,0,0.0,aging tsunami,limiting,2023-07
2023-07-08,305403,0,0.0,aging tsunami,limiting,2023-07
2023-07-09,291177,6,2.0606023140563988e-05,aging tsunami,limiting,2023-07
2023-07-10,454453,6,1.3202685426215692e-05,aging tsunami,limiting,2023-07
2023-07-11,492786,0,0.0,aging tsunami,limiting,2023-07
2023-07-12,495376,1,2.0186686476534996e-06,aging tsunami,limiting,2023-07
2023-07-13,488915,1,2.0453453054211876e-06,aging tsunami,limiting,2023-07
2023-07-14,449795,5,1.1116175146455607e-05,aging tsunami,limiting,2023-07
2023-07-15,300453,3,9.9849227666224e-06,aging tsunami,limiting,2023-07
2023-07-16,288895,1,3.461465238235345e-06,aging tsunami,limiting,2023-07
2023-07-17,452038,24,5.3092881571903245e-05,aging tsunami,limiting,2023-07
2023-07-18,489747,2,4.0837411969853826e-06,aging tsunami,limiting,2023-07
2023-07-19,486941,2,4.107273776494483e-06,aging tsunami,limiting,2023-07
2023-07-20,476929,1,2.096748153289064e-06,aging tsunami,limiting,2023-07
2023-07-21,454340,1,2.2009948496720516e-06,aging tsunami,limiting,2023-07
2023-07-22,300123,0,0.0,aging tsunami,limiting,2023-07
2023-07-23,292470,1,3.4191541012753446e-06,aging tsunami,limiting,2023-07
2023-07-24,453290,1,2.206093229499879e-06,aging tsunami,limiting,2023-07
2023-07-25,481260,1,2.077878901217637e-06,aging tsunami,limiting,2023-07
2023-07-26,491615,1,2.034112059233343e-06,aging tsunami,limiting,2023-07
2023-07-27,487834,0,0.0,aging tsunami,limiting,2023-07
2023-07-28,459847,2,4.349272692873934e-06,aging tsunami,limiting,2023-07
2023-07-29,299402,0,0.0,aging tsunami,limiting,2023-07
2023-07-30,284070,0,0.0,aging tsunami,limiting,2023-07
2023-07-31,455803,1,2.193930272508079e-06,aging tsunami,limiting,2023-07
2023-08-01,477822,12,2.5113954568856185e-05,aging tsunami,limiting,2023-08
2023-08-02,477375,2,4.1895784236711185e-06,aging tsunami,limiting,2023-08
2023-08-03,477836,1,2.0927682301040523e-06,aging tsunami,limiting,2023-08
2023-08-04,448645,1,2.228933789521782e-06,aging tsunami,limiting,2023-08
2023-08-05,300483,1,3.327975293111424e-06,aging tsunami,limiting,2023-08
2023-08-06,287612,0,0.0,aging tsunami,limiting,2023-08
2023-08-07,440347,1,2.2709363297581225e-06,aging tsunami,limiting,2023-08
2023-08-08,469410,1,2.130333823310113e-06,aging tsunami,limiting,2023-08
2023-08-09,478458,3,6.270142833853755e-06,aging tsunami,limiting,2023-08
2023-08-10,476103,0,0.0,aging tsunami,limiting,2023-08
2023-08-11,439680,2,4.548762736535663e-06,aging tsunami,limiting,2023-08
2023-08-12,302092,1,3.3102498576592563e-06,aging tsunami,limiting,2023-08
2023-08-13,287942,0,0.0,aging tsunami,limiting,2023-08
2023-08-14,440043,4,9.090020747972357e-06,aging tsunami,limiting,2023-08
2023-08-15,470864,5,1.0618777396445683e-05,aging tsunami,limiting,2023-08
2023-08-16,468638,13,2.7739961334761585e-05,aging tsunami,limiting,2023-08
2023-08-17,475136,67,0.00014101225754310345,aging tsunami,limiting,2023-08
2023-08-18,449947,3,6.667451944340111e-06,aging tsunami,limiting,2023-08
2023-08-19,313733,0,0.0,aging tsunami,limiting,2023-08
2023-08-20,300751,1,3.3250097256534473e-06,aging tsunami,limiting,2023-08
2023-08-21,438028,0,0.0,aging tsunami,limiting,2023-08
2023-08-22,401105,2,4.9862255519128405e-06,aging tsunami,limiting,2023-08
2023-08-23,370413,4,1.0798757063062041e-05,aging tsunami,limiting,2023-08
2023-08-24,503040,2,3.975826972010178e-06,aging tsunami,limiting,2023-08
2023-08-25,456353,4,8.765144526276807e-06,aging tsunami,limiting,2023-08
2023-08-26,308918,2,6.474209984526638e-06,aging tsunami,limiting,2023-08
2023-08-27,295769,3,1.0143050826827694e-05,aging tsunami,limiting,2023-08
2023-08-28,448775,1,2.2282881176536124e-06,aging tsunami,limiting,2023-08
2023-08-29,481751,2,4.151522259424475e-06,aging tsunami,limiting,2023-08
2023-08-30,490413,1,2.039097658504159e-06,aging tsunami,limiting,2023-08
2023-08-31,497911,4,8.033564231358617e-06,aging tsunami,limiting,2023-08
2023-09-01,476936,0,0.0,aging tsunami,limiting,2023-09
2023-09-02,313119,1,3.1936739705990376e-06,aging tsunami,limiting,2023-09
2023-09-03,311627,1,3.2089645634043265e-06,aging tsunami,limiting,2023-09
2023-09-04,435333,0,0.0,aging tsunami,limiting,2023-09
2023-09-05,493288,0,0.0,aging tsunami,limiting,2023-09
2023-09-06,510752,2,3.9157947497024e-06,aging tsunami,limiting,2023-09
2023-09-07,488234,1,2.048198200043422e-06,aging tsunami,limiting,2023-09
2023-09-08,463682,3,6.469951389098563e-06,aging tsunami,limiting,2023-09
2023-09-09,321208,0,0.0,aging tsunami,limiting,2023-09
2023-09-10,313055,4,1.2777307501876667e-05,aging tsunami,limiting,2023-09
2023-09-11,474764,2,4.2126193224423084e-06,aging tsunami,limiting,2023-09
2023-09-12,501177,2,3.990606113209505e-06,aging tsunami,limiting,2023-09
2023-09-13,512947,0,0.0,aging tsunami,limiting,2023-09
2023-09-14,504052,5,9.919611468657996e-06,aging tsunami,limiting,2023-09
2023-09-15,477614,2,4.187481941484127e-06,aging tsunami,limiting,2023-09
2023-09-16,313024,0,0.0,aging tsunami,limiting,2023-09
2023-09-17,307869,1,3.2481347586148654e-06,aging tsunami,limiting,2023-09
2023-09-18,467258,0,0.0,aging tsunami,limiting,2023-09
2023-09-19,502742,3,5.967275461369848e-06,aging tsunami,limiting,2023-09
2023-09-20,519399,4,7.701208512145768e-06,aging tsunami,limiting,2023-09
2023-09-21,511175,3,5.868831613439624e-06,aging tsunami,limiting,2023-09
2023-09-22,473154,1,2.113476796138255e-06,aging tsunami,limiting,2023-09
2023-09-23,316117,2,6.3267714169120925e-06,aging tsunami,limiting,2023-09
2023-09-24,279092,2,7.16609576770384e-06,aging tsunami,limiting,2023-09
2023-09-25,471557,3,6.36190322696938e-06,aging tsunami,limiting,2023-09
2023-09-26,493643,2,4.051510909706002e-06,aging tsunami,limiting,2023-09
2023-09-27,505379,4,7.914852021947885e-06,aging tsunami,limiting,2023-09
2023-09-28,488069,2,4.097781256338755e-06,aging tsunami,limiting,2023-09
2023-09-29,447544,3,6.703251523872513e-06,aging tsunami,limiting,2023-09
2023-09-30,315650,0,0.0,aging tsunami,limiting,2023-09
2023-10-01,291636,0,0.0,aging tsunami,limiting,2023-10
2023-10-02,449201,3,6.678524758404367e-06,aging tsunami,limiting,2023-10
2023-10-03,405978,1,2.4631876604150962e-06,aging tsunami,limiting,2023-10
2023-10-04,414982,3,7.2292292195806084e-06,aging tsunami,limiting,2023-10
2023-10-05,450132,6,1.332942336914505e-05,aging tsunami,limiting,2023-10
2023-10-06,377905,1,2.646167687646366e-06,aging tsunami,limiting,2023-10
2023-10-07,251209,10,3.9807490973651424e-05,aging tsunami,limiting,2023-10
2023-10-08,309776,7,2.259697329683384e-05,aging tsunami,limiting,2023-10
2023-10-09,440844,0,0.0,aging tsunami,limiting,2023-10
2023-10-10,490873,2,4.074373615986212e-06,aging tsunami,limiting,2023-10
2023-10-11,503094,1,1.9877001117087465e-06,aging tsunami,limiting,2023-10
2023-10-12,487234,2,4.104803851947935e-06,aging tsunami,limiting,2023-10
2023-10-13,468088,0,0.0,aging tsunami,limiting,2023-10
2023-10-14,310303,1,3.222656564712555e-06,aging tsunami,limiting,2023-10
2023-10-15,229331,0,0.0,aging tsunami,limiting,2023-10
2023-10-16,378908,0,0.0,aging tsunami,limiting,2023-10
2023-10-17,354366,1,2.8219411568829965e-06,aging tsunami,limiting,2023-10
2023-10-18,454881,5,1.0991885789909888e-05,aging tsunami,limiting,2023-10
2023-10-19,324728,2,6.1590007637160945e-06,aging tsunami,limiting,2023-10
2023-10-20,449556,2,4.448833960618922e-06,aging tsunami,limiting,2023-10
2023-10-21,300472,1,3.3280971271865597e-06,aging tsunami,limiting,2023-10
2023-10-22,295955,0,0.0,aging tsunami,limiting,2023-10
2023-10-23,414959,2,4.819753276829759e-06,aging tsunami,limiting,2023-10
2023-10-24,417249,3,7.189951324029537e-06,aging tsunami,limiting,2023-10
2023-10-25,379766,0,0.0,aging tsunami,limiting,2023-10
2023-10-26,375887,1,2.66037399537627e-06,aging tsunami,limiting,2023-10
2023-10-27,474875,3,6.317451961042379e-06,aging tsunami,limiting,2023-10
2023-10-28,240563,1,4.156915236341416e-06,aging tsunami,limiting,2023-10
2023-10-29,279231,1,3.581264257908327e-06,aging tsunami,limiting,2023-10
2023-10-30,325647,3,9.212429409759648e-06,aging tsunami,limiting,2023-10
2023-10-31,454676,1,2.1993683414123465e-06,aging tsunami,limiting,2023-10
2023-11-01,406342,2,4.9219622879249495e-06,aging tsunami,limiting,2023-11
2023-11-02,313387,0,0.0,aging tsunami,limiting,2023-11
2023-11-03,353019,2,5.665417442120679e-06,aging tsunami,limiting,2023-11
2023-11-04,217424,1,4.599308264037089e-06,aging tsunami,limiting,2023-11
2023-11-05,238825,1,4.187166335182665e-06,aging tsunami,limiting,2023-11
2023-11-06,293997,3,1.0204185756997521e-05,aging tsunami,limiting,2023-11
2023-11-07,349578,0,0.0,aging tsunami,limiting,2023-11
2023-11-08,395019,2,5.063047600242014e-06,aging tsunami,limiting,2023-11
2023-11-09,477530,2,4.188218541243482e-06,aging tsunami,limiting,2023-11
2023-11-10,496152,0,0.0,aging tsunami,limiting,2023-11
2023-11-11,372697,2,5.3662895059525564e-06,aging tsunami,limiting,2023-11
2023-11-12,343914,1,2.9077036701035723e-06,aging tsunami,limiting,2023-11
2023-11-13,505874,0,0.0,aging tsunami,limiting,2023-11
2023-11-14,531886,1,1.8801021271475466e-06,aging tsunami,limiting,2023-11
2023-11-15,532214,2,3.7578868650580405e-06,aging tsunami,limiting,2023-11
2023-11-16,528144,3,5.680269017540671e-06,aging tsunami,limiting,2023-11
2023-11-17,518066,2,3.860511981098933e-06,aging tsunami,limiting,2023-11
2023-11-18,374406,0,0.0,aging tsunami,limiting,2023-11
2023-11-19,346778,1,2.8836892767130557e-06,aging tsunami,limiting,2023-11
2023-11-20,489625,3,6.12713811590503e-06,aging tsunami,limiting,2023-11
2023-11-21,493213,0,0.0,aging tsunami,limiting,2023-11
2023-11-22,570322,1,1.7533954502894856e-06,aging tsunami,limiting,2023-11
2023-11-23,510558,3,5.875923989047278e-06,aging tsunami,limiting,2023-11
2023-11-24,465253,0,0.0,aging tsunami,limiting,2023-11
2023-11-25,339983,2,5.882647073530147e-06,aging tsunami,limiting,2023-11
2023-11-26,350990,2,5.69816803897547e-06,aging tsunami,limiting,2023-11
2023-11-27,499915,1,2.0003400578098275e-06,aging tsunami,limiting,2023-11
2023-11-28,531630,3,5.643022402798939e-06,aging tsunami,limiting,2023-11
2023-11-29,552523,2,3.619758815470125e-06,aging tsunami,limiting,2023-11
2023-11-30,560459,4,7.137007345764811e-06,aging tsunami,limiting,2023-11
2023-12-01,521593,17,3.2592461938714665e-05,aging tsunami,limiting,2023-12
2023-12-02,370071,5,1.3510920877345157e-05,aging tsunami,limiting,2023-12
2023-12-03,346452,0,0.0,aging tsunami,limiting,2023-12
2023-12-04,508715,1,1.9657372005936527e-06,aging tsunami,limiting,2023-12
2023-12-05,439522,3,6.825596898448769e-06,aging tsunami,limiting,2023-12
2023-12-06,447712,1,2.2335787291830463e-06,aging tsunami,limiting,2023-12
2023-12-07,444233,0,0.0,aging tsunami,limiting,2023-12
2023-12-08,426877,0,0.0,aging tsunami,limiting,2023-12
2023-12-09,306237,0,0.0,aging tsunami,limiting,2023-12
2023-12-10,301897,5,1.656193999940377e-05,aging tsunami,limiting,2023-12
2023-12-11,432070,0,0.0,aging tsunami,limiting,2023-12
2023-12-12,453920,2,4.406062742333451e-06,aging tsunami,limiting,2023-12
2023-12-13,464155,1,2.154452715149034e-06,aging tsunami,limiting,2023-12
2023-12-14,457220,0,0.0,aging tsunami,limiting,2023-12
2023-12-15,434987,1,2.2989192780473898e-06,aging tsunami,limiting,2023-12
2023-12-16,299627,0,0.0,aging tsunami,limiting,2023-12
2023-12-17,289281,1,3.4568464572509085e-06,aging tsunami,limiting,2023-12
2023-12-18,432847,7,1.6171996109479794e-05,aging tsunami,limiting,2023-12
2023-12-19,442004,0,0.0,aging tsunami,limiting,2023-12
2023-12-20,453183,2,4.413228210237366e-06,aging tsunami,limiting,2023-12
2023-12-21,439238,0,0.0,aging tsunami,limiting,2023-12
2023-12-22,409045,0,0.0,aging tsunami,limiting,2023-12
2023-12-23,284409,2,7.0321262688592836e-06,aging tsunami,limiting,2023-12
2023-12-24,254126,2,7.870111676884695e-06,aging tsunami,limiting,2023-12
2023-12-25,262260,0,0.0,aging tsunami,limiting,2023-12
2023-12-26,334738,2,5.974822099671982e-06,aging tsunami,limiting,2023-12
2023-12-27,385441,2,5.188861589711525e-06,aging tsunami,limiting,2023-12
2023-12-28,390902,4,1.0232743756747216e-05,aging tsunami,limiting,2023-12
2023-12-29,368395,1,2.714477666634998e-06,aging tsunami,limiting,2023-12
2023-12-30,276938,0,0.0,aging tsunami,limiting,2023-12
2023-12-31,253133,2,7.900984857762521e-06,aging tsunami,limiting,2023-12
2023-01-01,386660,5,1.2931257435473025e-05,silver tsunami,limiting,2023-01
2023-01-02,376736,2,5.30875732608511e-06,silver tsunami,limiting,2023-01
2023-01-03,463750,3,6.46900269541779e-06,silver tsunami,limiting,2023-01
2023-01-04,476285,3,6.298749698184911e-06,silver tsunami,limiting,2023-01
2023-01-05,513716,6,1.1679605073620444e-05,silver tsunami,limiting,2023-01
2023-01-06,446257,1,2.2408612077793737e-06,silver tsunami,limiting,2023-01
2023-01-07,338006,0,0.0,silver tsunami,limiting,2023-01
2023-01-08,321144,1,3.113867922178213e-06,silver tsunami,limiting,2023-01
2023-01-09,516613,0,0.0,silver tsunami,limiting,2023-01
2023-01-10,518847,4,7.709401808240194e-06,silver tsunami,limiting,2023-01
2023-01-11,555868,2,3.597976498017515e-06,silver tsunami,limiting,2023-01
2023-01-12,526056,6,1.1405629818878598e-05,silver tsunami,limiting,2023-01
2023-01-13,488831,4,8.182787098199582e-06,silver tsunami,limiting,2023-01
2023-01-14,322746,0,0.0,silver tsunami,limiting,2023-01
2023-01-15,311609,2,6.418299856550998e-06,silver tsunami,limiting,2023-01
2023-01-16,460938,2,4.338978344159084e-06,silver tsunami,limiting,2023-01
2023-01-17,508077,5,9.841028033152456e-06,silver tsunami,limiting,2023-01
2023-01-18,524187,3,5.723148418407935e-06,silver tsunami,limiting,2023-01
2023-01-19,517612,0,0.0,silver tsunami,limiting,2023-01
2023-01-20,483858,3,6.2001661644532075e-06,silver tsunami,limiting,2023-01
2023-01-21,325412,3,9.219082271090188e-06,silver tsunami,limiting,2023-01
2023-01-22,311528,0,0.0,silver tsunami,limiting,2023-01
2023-01-23,474487,7,1.4752775102373722e-05,silver tsunami,limiting,2023-01
2023-01-24,503497,3,5.958327457760424e-06,silver tsunami,limiting,2023-01
2023-01-25,513829,5,9.730863769853395e-06,silver tsunami,limiting,2023-01
2023-01-26,504774,0,0.0,silver tsunami,limiting,2023-01
2023-01-27,478129,2,4.1829715411531194e-06,silver tsunami,limiting,2023-01
2023-01-28,327154,2,6.1133288909810056e-06,silver tsunami,limiting,2023-01
2023-01-29,337263,2,5.930090167020989e-06,silver tsunami,limiting,2023-01
2023-01-30,498506,8,1.6047951278419918e-05,silver tsunami,limiting,2023-01
2023-01-31,520924,8,1.5357326596586068e-05,silver tsunami,limiting,2023-01
2023-02-01,545720,7,1.2827090815802975e-05,silver tsunami,limiting,2023-02
2023-02-02,521178,0,0.0,silver tsunami,limiting,2023-02
2023-02-03,479265,5,1.0432641649191992e-05,silver tsunami,limiting,2023-02
2023-02-04,336576,4,1.1884388667046967e-05,silver tsunami,limiting,2023-02
2023-02-05,313435,1,3.1904541611498395e-06,silver tsunami,limiting,2023-02
2023-02-06,489890,5,1.0206372859213292e-05,silver tsunami,limiting,2023-02
2023-02-07,509337,1,1.9633366513722743e-06,silver tsunami,limiting,2023-02
2023-02-08,527289,5,9.48246597217086e-06,silver tsunami,limiting,2023-02
2023-02-09,519827,4,7.694867715605383e-06,silver tsunami,limiting,2023-02
2023-02-10,490576,3,6.115260428557451e-06,silver tsunami,limiting,2023-02
2023-02-11,321346,1,3.1119105263485465e-06,silver tsunami,limiting,2023-02
2023-02-12,315406,1,3.1705167308167887e-06,silver tsunami,limiting,2023-02
2023-02-13,484652,0,0.0,silver tsunami,limiting,2023-02
2023-02-14,511527,3,5.86479306077685e-06,silver tsunami,limiting,2023-02
2023-02-15,517380,2,3.865630677645058e-06,silver tsunami,limiting,2023-02
2023-02-16,519253,2,3.8516869425886805e-06,silver tsunami,limiting,2023-02
2023-02-17,484478,2,4.128154426000768e-06,silver tsunami,limiting,2023-02
2023-02-18,321085,1,3.1144401015307473e-06,silver tsunami,limiting,2023-02
2023-02-19,310960,2,6.431695394906097e-06,silver tsunami,limiting,2023-02
2023-02-20,443848,3,6.759070672842955e-06,silver tsunami,limiting,2023-02
2023-02-21,479395,6,1.2515775091521605e-05,silver tsunami,limiting,2023-02
2023-02-22,501956,3,5.976619464654273e-06,silver tsunami,limiting,2023-02
2023-02-23,496300,2,4.029820672980052e-06,silver tsunami,limiting,2023-02
2023-02-24,471742,2,4.239605547099898e-06,silver tsunami,limiting,2023-02
2023-02-25,323605,1,3.090187110829561e-06,silver tsunami,limiting,2023-02
2023-02-26,307580,1,3.2511866831393458e-06,silver tsunami,limiting,2023-02
2023-02-27,475064,4,8.4199181583955e-06,silver tsunami,limiting,2023-02
2023-02-28,500745,1,1.997024433593945e-06,silver tsunami,limiting,2023-02
2023-03-01,514545,4,7.773858457472136e-06,silver tsunami,limiting,2023-03
2023-03-02,510532,1,1.95874107793439e-06,silver tsunami,limiting,2023-03
2023-03-03,478228,4,8.364211213061552e-06,silver tsunami,limiting,2023-03
2023-03-04,318967,1,3.1351205610611755e-06,silver tsunami,limiting,2023-03
2023-03-05,306986,1,3.257477539692364e-06,silver tsunami,limiting,2023-03
2023-03-06,477110,3,6.287858145920228e-06,silver tsunami,limiting,2023-03
2023-03-07,491276,2,4.071031355083497e-06,silver tsunami,limiting,2023-03
2023-03-08,479238,2,4.173291767347331e-06,silver tsunami,limiting,2023-03
2023-03-09,500869,0,0.0,silver tsunami,limiting,2023-03
2023-03-10,474747,1,2.1063850851084895e-06,silver tsunami,limiting,2023-03
2023-03-11,312372,2,6.4026225141818085e-06,silver tsunami,limiting,2023-03
2023-03-12,313775,1,3.186997052027727e-06,silver tsunami,limiting,2023-03
2023-03-13,483073,1,2.0700805054308562e-06,silver tsunami,limiting,2023-03
2023-03-14,502396,6,1.1942770244986026e-05,silver tsunami,limiting,2023-03
2023-03-15,512681,5,9.752653209305592e-06,silver tsunami,limiting,2023-03
2023-03-16,515796,4,7.755003916276977e-06,silver tsunami,limiting,2023-03
2023-03-17,477867,2,4.185264937733721e-06,silver tsunami,limiting,2023-03
2023-03-18,312067,2,6.408880144327981e-06,silver tsunami,limiting,2023-03
2023-03-19,301941,3,9.935715918010473e-06,silver tsunami,limiting,2023-03
2023-03-20,473417,28,5.9144475166713486e-05,silver tsunami,limiting,2023-03
2023-03-21,486641,9,1.849412606007303e-05,silver tsunami,limiting,2023-03
2023-03-22,503482,3,5.958504971379314e-06,silver tsunami,limiting,2023-03
2023-03-23,494531,1,2.022117925873201e-06,silver tsunami,limiting,2023-03
2023-03-24,462455,1,2.16237255516753e-06,silver tsunami,limiting,2023-03
2023-03-25,309743,8,2.5827863745104813e-05,silver tsunami,limiting,2023-03
2023-03-26,299147,3,1.0028514409303787e-05,silver tsunami,limiting,2023-03
2023-03-27,475695,2,4.204374651825224e-06,silver tsunami,limiting,2023-03
2023-03-28,490819,14,2.8523753155440193e-05,silver tsunami,limiting,2023-03
2023-03-29,497556,8,1.6078592158470605e-05,silver tsunami,limiting,2023-03
2023-03-30,420677,3,7.131362066383472e-06,silver tsunami,limiting,2023-03
2023-03-31,449869,1,2.2228693241810394e-06,silver tsunami,limiting,2023-03
2023-04-01,315540,3,9.507510933637574e-06,silver tsunami,limiting,2023-04
2023-04-02,309179,2,6.468744643070842e-06,silver tsunami,limiting,2023-04
2023-04-03,476836,0,0.0,silver tsunami,limiting,2023-04
2023-04-04,487193,4,8.2102985880339e-06,silver tsunami,limiting,2023-04
2023-04-05,488458,3,6.141776775075851e-06,silver tsunami,limiting,2023-04
2023-04-06,459113,0,0.0,silver tsunami,limiting,2023-04
2023-04-07,389270,1,2.568911038610733e-06,silver tsunami,limiting,2023-04
2023-04-08,290669,1,3.4403393550739846e-06,silver tsunami,limiting,2023-04
2023-04-09,273774,0,0.0,silver tsunami,limiting,2023-04
2023-04-10,405537,0,0.0,silver tsunami,limiting,2023-04
2023-04-11,477794,5,1.0464760963930063e-05,silver tsunami,limiting,2023-04
2023-04-12,488672,1,2.0463623862222514e-06,silver tsunami,limiting,2023-04
2023-04-13,490386,6,1.2235259571031799e-05,silver tsunami,limiting,2023-04
2023-04-14,456649,2,4.379731478663043e-06,silver tsunami,limiting,2023-04
2023-04-15,304282,0,0.0,silver tsunami,limiting,2023-04
2023-04-16,294116,1,3.4000190401066246e-06,silver tsunami,limiting,2023-04
2023-04-17,449839,1,2.223017568507844e-06,silver tsunami,limiting,2023-04
2023-04-18,487585,2,4.10184890839546e-06,silver tsunami,limiting,2023-04
2023-04-19,495117,1,2.0197246307438445e-06,silver tsunami,limiting,2023-04
2023-04-20,505072,1,1.9799157347863274e-06,silver tsunami,limiting,2023-04
2023-04-21,442165,0,0.0,silver tsunami,limiting,2023-04
2023-04-22,291122,5,1.71749300980345e-05,silver tsunami,limiting,2023-04
2023-04-23,285319,0,0.0,silver tsunami,limiting,2023-04
2023-04-24,453171,5,1.1033362682078068e-05,silver tsunami,limiting,2023-04
2023-04-25,478078,2,4.1834177686486304e-06,silver tsunami,limiting,2023-04
2023-04-26,499642,11,2.2015763286513142e-05,silver tsunami,limiting,2023-04
2023-04-27,503305,2,3.973733620766732e-06,silver tsunami,limiting,2023-04
2023-04-28,477911,4,8.369759222951554e-06,silver tsunami,limiting,2023-04
2023-04-29,312100,5,1.6020506247997437e-05,silver tsunami,limiting,2023-04
2023-04-30,292074,6,2.0542739168840774e-05,silver tsunami,limiting,2023-04
2023-05-01,382308,0,0.0,silver tsunami,limiting,2023-05
2023-05-02,472981,2,4.228499664891401e-06,silver tsunami,limiting,2023-05
2023-05-03,496390,4,8.058180060033442e-06,silver tsunami,limiting,2023-05
2023-05-04,496481,5,1.0070878845313315e-05,silver tsunami,limiting,2023-05
2023-05-05,463524,9,1.941647034457763e-05,silver tsunami,limiting,2023-05
2023-05-06,318236,3,9.426966150906875e-06,silver tsunami,limiting,2023-05
2023-05-07,305413,1,3.2742548614499056e-06,silver tsunami,limiting,2023-05
2023-05-08,460286,2,4.345124552995311e-06,silver tsunami,limiting,2023-05
2023-05-09,488772,5,1.0229718559982977e-05,silver tsunami,limiting,2023-05
2023-05-10,520267,21,4.0363890079516865e-05,silver tsunami,limiting,2023-05
2023-05-11,499831,3,6.002028685695765e-06,silver tsunami,limiting,2023-05
2023-05-12,475520,4,8.411843876177658e-06,silver tsunami,limiting,2023-05
2023-05-13,290386,1,3.443692189017377e-06,silver tsunami,limiting,2023-05
2023-05-14,247082,2,8.094478756040504e-06,silver tsunami,limiting,2023-05
2023-05-15,476911,1,2.096827290626553e-06,silver tsunami,limiting,2023-05
2023-05-16,508558,2,3.9326881103040365e-06,silver tsunami,limiting,2023-05
2023-05-17,516177,3,5.81195985098135e-06,silver tsunami,limiting,2023-05
2023-05-18,491864,3,6.099246946310362e-06,silver tsunami,limiting,2023-05
2023-05-19,475987,0,0.0,silver tsunami,limiting,2023-05
2023-05-20,313906,9,2.8671003421406408e-05,silver tsunami,limiting,2023-05
2023-05-21,305588,0,0.0,silver tsunami,limiting,2023-05
2023-05-22,478952,1,2.0878918973091248e-06,silver tsunami,limiting,2023-05
2023-05-23,502427,3,5.971016685010957e-06,silver tsunami,limiting,2023-05
2023-05-24,515438,1,1.9400975481047185e-06,silver tsunami,limiting,2023-05
2023-05-25,506377,3,5.92443969611574e-06,silver tsunami,limiting,2023-05
2023-05-26,476611,5,1.0490735631363942e-05,silver tsunami,limiting,2023-05
2023-05-27,315199,2,6.345197795678286e-06,silver tsunami,limiting,2023-05
2023-05-28,311410,2,6.4224013358594775e-06,silver tsunami,limiting,2023-05
2023-05-29,422001,0,0.0,silver tsunami,limiting,2023-05
2023-05-30,492310,2,4.062480957120513e-06,silver tsunami,limiting,2023-05
2023-05-31,511821,5,9.769040348090446e-06,silver tsunami,limiting,2023-05
2023-06-01,520029,3,5.768909041611141e-06,silver tsunami,limiting,2023-06
2023-06-02,471163,2,4.2448154884827544e-06,silver tsunami,limiting,2023-06
2023-06-03,316228,1,3.16227532033849e-06,silver tsunami,limiting,2023-06
2023-06-04,302435,0,0.0,silver tsunami,limiting,2023-06
2023-06-05,478406,17,3.5534671387900654e-05,silver tsunami,limiting,2023-06
2023-06-06,497032,8,1.6095543144103397e-05,silver tsunami,limiting,2023-06
2023-06-07,511926,3,5.860221985208799e-06,silver tsunami,limiting,2023-06
2023-06-08,485205,2,4.12196906462217e-06,silver tsunami,limiting,2023-06
2023-06-09,469746,2,4.25762007553018e-06,silver tsunami,limiting,2023-06
2023-06-10,309255,1,3.2335774684322e-06,silver tsunami,limiting,2023-06
2023-06-11,301437,2,6.634885564811221e-06,silver tsunami,limiting,2023-06
2023-06-12,469490,1,2.129970819399774e-06,silver tsunami,limiting,2023-06
2023-06-13,507360,4,7.883948281299275e-06,silver tsunami,limiting,2023-06
2023-06-14,513410,3,5.843283146023646e-06,silver tsunami,limiting,2023-06
2023-06-15,512254,13,2.5378035115391975e-05,silver tsunami,limiting,2023-06
2023-06-16,479492,16,3.3368648486314686e-05,silver tsunami,limiting,2023-06
2023-06-17,313647,7,2.2318083705567087e-05,silver tsunami,limiting,2023-06
2023-06-18,297948,3,1.0068871078174716e-05,silver tsunami,limiting,2023-06
2023-06-19,454954,2,4.396048831310418e-06,silver tsunami,limiting,2023-06
2023-06-20,501975,1,1.9921310822252102e-06,silver tsunami,limiting,2023-06
2023-06-21,511651,0,0.0,silver tsunami,limiting,2023-06
2023-06-22,500891,1,1.9964423397505644e-06,silver tsunami,limiting,2023-06
2023-06-23,462693,9,1.945134246681925e-05,silver tsunami,limiting,2023-06
2023-06-24,311142,1,3.213966613314821e-06,silver tsunami,limiting,2023-06
2023-06-25,294103,4,1.3600677313730223e-05,silver tsunami,limiting,2023-06
2023-06-26,466890,3,6.4254963695945515e-06,silver tsunami,limiting,2023-06
2023-06-27,488208,0,0.0,silver tsunami,limiting,2023-06
2023-06-28,487306,0,0.0,silver tsunami,limiting,2023-06
2023-06-29,476127,0,0.0,silver tsunami,limiting,2023-06
2023-06-30,457265,6,1.3121494100794944e-05,silver tsunami,limiting,2023-06
2023-07-01,303381,2,6.592370649447395e-06,silver tsunami,limiting,2023-07
2023-07-02,284625,0,0.0,silver tsunami,limiting,2023-07
2023-07-03,445952,1,2.242393800229621e-06,silver tsunami,limiting,2023-07
2023-07-04,455884,1,2.193540462047363e-06,silver tsunami,limiting,2023-07
2023-07-05,501180,7,1.396703779081368e-05,silver tsunami,limiting,2023-07
2023-07-06,493339,45,9.121516847441617e-05,silver tsunami,limiting,2023-07
2023-07-07,463370,26,5.6110667501133004e-05,silver tsunami,limiting,2023-07
2023-07-08,305403,1,3.2743620724092427e-06,silver tsunami,limiting,2023-07
2023-07-09,291177,0,0.0,silver tsunami,limiting,2023-07
2023-07-10,454453,5,1.1002237855179743e-05,silver tsunami,limiting,2023-07
2023-07-11,492786,3,6.087835287528461e-06,silver tsunami,limiting,2023-07
2023-07-12,495376,2,4.037337295306999e-06,silver tsunami,limiting,2023-07
2023-07-13,488915,14,2.8634834275896627e-05,silver tsunami,limiting,2023-07
2023-07-14,449795,5,1.1116175146455607e-05,silver tsunami,limiting,2023-07
2023-07-15,300453,3,9.9849227666224e-06,silver tsunami,limiting,2023-07
2023-07-16,288895,7,2.4230256667647416e-05,silver tsunami,limiting,2023-07
2023-07-17,452038,26,5.751728836956185e-05,silver tsunami,limiting,2023-07
2023-07-18,489747,7,1.4293094189448838e-05,silver tsunami,limiting,2023-07
2023-07-19,486941,1,2.0536368882472414e-06,silver tsunami,limiting,2023-07
2023-07-20,476929,10,2.096748153289064e-05,silver tsunami,limiting,2023-07
2023-07-21,454340,2,4.401989699344103e-06,silver tsunami,limiting,2023-07
2023-07-22,300123,0,0.0,silver tsunami,limiting,2023-07
2023-07-23,292470,5,1.7095770506376724e-05,silver tsunami,limiting,2023-07
2023-07-24,453290,28,6.17706104259966e-05,silver tsunami,limiting,2023-07
2023-07-25,481260,4,8.311515604870549e-06,silver tsunami,limiting,2023-07
2023-07-26,491615,3,6.10233617770003e-06,silver tsunami,limiting,2023-07
2023-07-27,487834,4,8.199510489223793e-06,silver tsunami,limiting,2023-07
2023-07-28,459847,4,8.698545385747869e-06,silver tsunami,limiting,2023-07
2023-07-29,299402,0,0.0,silver tsunami,limiting,2023-07
2023-07-30,284070,0,0.0,silver tsunami,limiting,2023-07
2023-07-31,455803,1,2.193930272508079e-06,silver tsunami,limiting,2023-07
2023-08-01,477822,54,0.00011301279555985283,silver tsunami,limiting,2023-08
2023-08-02,477375,5,1.0473946059177795e-05,silver tsunami,limiting,2023-08
2023-08-03,477836,3,6.2783046903121574e-06,silver tsunami,limiting,2023-08
2023-08-04,448645,5,1.1144668947608912e-05,silver tsunami,limiting,2023-08
2023-08-05,300483,2,6.655950586222848e-06,silver tsunami,limiting,2023-08
2023-08-06,287612,5,1.7384531938862077e-05,silver tsunami,limiting,2023-08
2023-08-07,440347,1,2.2709363297581225e-06,silver tsunami,limiting,2023-08
2023-08-08,469410,3,6.391001469930338e-06,silver tsunami,limiting,2023-08
2023-08-09,478458,6,1.254028566770751e-05,silver tsunami,limiting,2023-08
2023-08-10,476103,6,1.2602315045273817e-05,silver tsunami,limiting,2023-08
2023-08-11,439680,8,1.819505094614265e-05,silver tsunami,limiting,2023-08
2023-08-12,302092,1,3.3102498576592563e-06,silver tsunami,limiting,2023-08
2023-08-13,287942,1,3.4729216300504964e-06,silver tsunami,limiting,2023-08
2023-08-14,440043,6,1.3635031121958535e-05,silver tsunami,limiting,2023-08
2023-08-15,470864,6,1.274253287573482e-05,silver tsunami,limiting,2023-08
2023-08-16,468638,17,3.627533405314977e-05,silver tsunami,limiting,2023-08
2023-08-17,475136,20,4.2093211206896555e-05,silver tsunami,limiting,2023-08
2023-08-18,449947,2,4.444967962893407e-06,silver tsunami,limiting,2023-08
2023-08-19,313733,1,3.1874237010451562e-06,silver tsunami,limiting,2023-08
2023-08-20,300751,7,2.3275068079574133e-05,silver tsunami,limiting,2023-08
2023-08-21,438028,0,0.0,silver tsunami,limiting,2023-08
2023-08-22,401105,7,1.7451789431694944e-05,silver tsunami,limiting,2023-08
2023-08-23,370413,2,5.399378531531021e-06,silver tsunami,limiting,2023-08
2023-08-24,503040,4,7.951653944020356e-06,silver tsunami,limiting,2023-08
2023-08-25,456353,4,8.765144526276807e-06,silver tsunami,limiting,2023-08
2023-08-26,308918,3,9.711314976789958e-06,silver tsunami,limiting,2023-08
2023-08-27,295769,3,1.0143050826827694e-05,silver tsunami,limiting,2023-08
2023-08-28,448775,4,8.91315247061445e-06,silver tsunami,limiting,2023-08
2023-08-29,481751,11,2.283337242683461e-05,silver tsunami,limiting,2023-08
2023-08-30,490413,17,3.4664660194570696e-05,silver tsunami,limiting,2023-08
2023-08-31,497911,3,6.025173173518962e-06,silver tsunami,limiting,2023-08
2023-09-01,476936,4,8.386869517084054e-06,silver tsunami,limiting,2023-09
2023-09-02,313119,2,6.387347941198075e-06,silver tsunami,limiting,2023-09
2023-09-03,311627,5,1.604482281702163e-05,silver tsunami,limiting,2023-09
2023-09-04,435333,1,2.297092111096563e-06,silver tsunami,limiting,2023-09
2023-09-05,493288,3,6.081639934480466e-06,silver tsunami,limiting,2023-09
2023-09-06,510752,2,3.9157947497024e-06,silver tsunami,limiting,2023-09
2023-09-07,488234,4,8.192792800173687e-06,silver tsunami,limiting,2023-09
2023-09-08,463682,1,2.1566504630328543e-06,silver tsunami,limiting,2023-09
2023-09-09,321208,2,6.226494981445045e-06,silver tsunami,limiting,2023-09
2023-09-10,313055,10,3.194326875469167e-05,silver tsunami,limiting,2023-09
2023-09-11,474764,6,1.2637857967326925e-05,silver tsunami,limiting,2023-09
2023-09-12,501177,4,7.98121222641901e-06,silver tsunami,limiting,2023-09
2023-09-13,512947,9,1.7545672359912428e-05,silver tsunami,limiting,2023-09
2023-09-14,504052,4,7.935689174926396e-06,silver tsunami,limiting,2023-09
2023-09-15,477614,18,3.768733747335715e-05,silver tsunami,limiting,2023-09
2023-09-16,313024,1,3.1946432222449397e-06,silver tsunami,limiting,2023-09
2023-09-17,307869,11,3.572948234476352e-05,silver tsunami,limiting,2023-09
2023-09-18,467258,2,4.280290546122271e-06,silver tsunami,limiting,2023-09
2023-09-19,502742,3,5.967275461369848e-06,silver tsunami,limiting,2023-09
2023-09-20,519399,4,7.701208512145768e-06,silver tsunami,limiting,2023-09
2023-09-21,511175,3,5.868831613439624e-06,silver tsunami,limiting,2023-09
2023-09-22,473154,2,4.22695359227651e-06,silver tsunami,limiting,2023-09
2023-09-23,316117,1,3.1633857084560462e-06,silver tsunami,limiting,2023-09
2023-09-24,279092,1,3.58304788385192e-06,silver tsunami,limiting,2023-09
2023-09-25,471557,3,6.36190322696938e-06,silver tsunami,limiting,2023-09
2023-09-26,493643,2,4.051510909706002e-06,silver tsunami,limiting,2023-09
2023-09-27,505379,4,7.914852021947885e-06,silver tsunami,limiting,2023-09
2023-09-28,488069,28,5.7368937588742576e-05,silver tsunami,limiting,2023-09
2023-09-29,447544,2,4.468834349248342e-06,silver tsunami,limiting,2023-09
2023-09-30,315650,5,1.584032947885316e-05,silver tsunami,limiting,2023-09
2023-10-01,291636,2,6.8578639125485195e-06,silver tsunami,limiting,2023-10
2023-10-02,449201,3,6.678524758404367e-06,silver tsunami,limiting,2023-10
2023-10-03,405978,4,9.852750641660385e-06,silver tsunami,limiting,2023-10
2023-10-04,414982,4,9.638972292774145e-06,silver tsunami,limiting,2023-10
2023-10-05,450132,6,1.332942336914505e-05,silver tsunami,limiting,2023-10
2023-10-06,377905,1,2.646167687646366e-06,silver tsunami,limiting,2023-10
2023-10-07,251209,0,0.0,silver tsunami,limiting,2023-10
2023-10-08,309776,4,1.2912556169619337e-05,silver tsunami,limiting,2023-10
2023-10-09,440844,1,2.2683761149068603e-06,silver tsunami,limiting,2023-10
2023-10-10,490873,2,4.074373615986212e-06,silver tsunami,limiting,2023-10
2023-10-11,503094,4,7.950800446834986e-06,silver tsunami,limiting,2023-10
2023-10-12,487234,0,0.0,silver tsunami,limiting,2023-10
2023-10-13,468088,1,2.1363504298337066e-06,silver tsunami,limiting,2023-10
2023-10-14,310303,0,0.0,silver tsunami,limiting,2023-10
2023-10-15,229331,1,4.360509481927869e-06,silver tsunami,limiting,2023-10
2023-10-16,378908,1,2.639163068607683e-06,silver tsunami,limiting,2023-10
2023-10-17,354366,2,5.643882313765993e-06,silver tsunami,limiting,2023-10
2023-10-18,454881,4,8.79350863192791e-06,silver tsunami,limiting,2023-10
2023-10-19,324728,10,3.0795003818580474e-05,silver tsunami,limiting,2023-10
2023-10-20,449556,47,0.00010454759807454466,silver tsunami,limiting,2023-10
2023-10-21,300472,4,1.3312388508746239e-05,silver tsunami,limiting,2023-10
2023-10-22,295955,1,3.378892061293102e-06,silver tsunami,limiting,2023-10
2023-10-23,414959,3,7.229629915244639e-06,silver tsunami,limiting,2023-10
2023-10-24,417249,4,9.586601765372715e-06,silver tsunami,limiting,2023-10
2023-10-25,379766,0,0.0,silver tsunami,limiting,2023-10
2023-10-26,375887,0,0.0,silver tsunami,limiting,2023-10
2023-10-27,474875,1,2.1058173203474597e-06,silver tsunami,limiting,2023-10
2023-10-28,240563,2,8.313830472682832e-06,silver tsunami,limiting,2023-10
2023-10-29,279231,0,0.0,silver tsunami,limiting,2023-10
2023-10-30,325647,3,9.212429409759648e-06,silver tsunami,limiting,2023-10
2023-10-31,454676,6,1.3196210048474078e-05,silver tsunami,limiting,2023-10
2023-11-01,406342,2,4.9219622879249495e-06,silver tsunami,limiting,2023-11
2023-11-02,313387,3,9.57282848363206e-06,silver tsunami,limiting,2023-11
2023-11-03,353019,0,0.0,silver tsunami,limiting,2023-11
2023-11-04,217424,3,1.3797924792111266e-05,silver tsunami,limiting,2023-11
2023-11-05,238825,0,0.0,silver tsunami,limiting,2023-11
2023-11-06,293997,8,2.7211162018660055e-05,silver tsunami,limiting,2023-11
2023-11-07,349578,1,2.8605919136787783e-06,silver tsunami,limiting,2023-11
2023-11-08,395019,1,2.531523800121007e-06,silver tsunami,limiting,2023-11
2023-11-09,477530,4,8.376437082486965e-06,silver tsunami,limiting,2023-11
2023-11-10,496152,6,1.2093068253277222e-05,silver tsunami,limiting,2023-11
2023-11-11,372697,1,2.6831447529762782e-06,silver tsunami,limiting,2023-11
2023-11-12,343914,4,1.163081468041429e-05,silver tsunami,limiting,2023-11
2023-11-13,505874,2,3.953553651699831e-06,silver tsunami,limiting,2023-11
2023-11-14,531886,3,5.64030638144264e-06,silver tsunami,limiting,2023-11
2023-11-15,532214,4,7.515773730116081e-06,silver tsunami,limiting,2023-11
2023-11-16,528144,2,3.7868460116937806e-06,silver tsunami,limiting,2023-11
2023-11-17,518066,7,1.3511791933846267e-05,silver tsunami,limiting,2023-11
2023-11-18,374406,0,0.0,silver tsunami,limiting,2023-11
2023-11-19,346778,0,0.0,silver tsunami,limiting,2023-11
2023-11-20,489625,1,2.0423793719683433e-06,silver tsunami,limiting,2023-11
2023-11-21,493213,4,8.11008631159357e-06,silver tsunami,limiting,2023-11
2023-11-22,570322,3,5.260186350868457e-06,silver tsunami,limiting,2023-11
2023-11-23,510558,2,3.9172826593648514e-06,silver tsunami,limiting,2023-11
2023-11-24,465253,4,8.597472772878413e-06,silver tsunami,limiting,2023-11
2023-11-25,339983,5,1.4706617683825367e-05,silver tsunami,limiting,2023-11
2023-11-26,350990,3,8.547252058463204e-06,silver tsunami,limiting,2023-11
2023-11-27,499915,3,6.001020173429483e-06,silver tsunami,limiting,2023-11
2023-11-28,531630,2,3.7620149351992927e-06,silver tsunami,limiting,2023-11
2023-11-29,552523,1,1.8098794077350626e-06,silver tsunami,limiting,2023-11
2023-11-30,560459,5,8.921259182206013e-06,silver tsunami,limiting,2023-11
2023-12-01,521593,7,1.3420425504176629e-05,silver tsunami,limiting,2023-12
2023-12-02,370071,4,1.0808736701876127e-05,silver tsunami,limiting,2023-12
2023-12-03,346452,1,2.8864027340006696e-06,silver tsunami,limiting,2023-12
2023-12-04,508715,4,7.86294880237461e-06,silver tsunami,limiting,2023-12
2023-12-05,439522,0,0.0,silver tsunami,limiting,2023-12
2023-12-06,447712,1,2.2335787291830463e-06,silver tsunami,limiting,2023-12
2023-12-07,444233,4,9.004283788012147e-06,silver tsunami,limiting,2023-12
2023-12-08,426877,3,7.027785521356269e-06,silver tsunami,limiting,2023-12
2023-12-09,306237,2,6.530889474491978e-06,silver tsunami,limiting,2023-12
2023-12-10,301897,5,1.656193999940377e-05,silver tsunami,limiting,2023-12
2023-12-11,432070,2,4.6288795796977345e-06,silver tsunami,limiting,2023-12
2023-12-12,453920,1,2.2030313711667256e-06,silver tsunami,limiting,2023-12
2023-12-13,464155,5,1.0772263575745171e-05,silver tsunami,limiting,2023-12
2023-12-14,457220,6,1.3122785529941823e-05,silver tsunami,limiting,2023-12
2023-12-15,434987,2,4.5978385560947795e-06,silver tsunami,limiting,2023-12
2023-12-16,299627,3,1.0012448811355452e-05,silver tsunami,limiting,2023-12
2023-12-17,289281,2,6.913692914501817e-06,silver tsunami,limiting,2023-12
2023-12-18,432847,4,9.241140633988453e-06,silver tsunami,limiting,2023-12
2023-12-19,442004,2,4.5248459289961175e-06,silver tsunami,limiting,2023-12
2023-12-20,453183,2,4.413228210237366e-06,silver tsunami,limiting,2023-12
2023-12-21,439238,2,4.553340102632286e-06,silver tsunami,limiting,2023-12
2023-12-22,409045,12,2.9336625554645578e-05,silver tsunami,limiting,2023-12
2023-12-23,284409,13,4.570882074758534e-05,silver tsunami,limiting,2023-12
2023-12-24,254126,3,1.1805167515327042e-05,silver tsunami,limiting,2023-12
2023-12-25,262260,0,0.0,silver tsunami,limiting,2023-12
2023-12-26,334738,3,8.962233149507973e-06,silver tsunami,limiting,2023-12
2023-12-27,385441,2,5.188861589711525e-06,silver tsunami,limiting,2023-12
2023-12-28,390902,14,3.5814603148615253e-05,silver tsunami,limiting,2023-12
2023-12-29,368395,5,1.3572388333174988e-05,silver tsunami,limiting,2023-12
2023-12-30,276938,5,1.8054582614159127e-05,silver tsunami,limiting,2023-12
2023-12-31,253133,15,5.92573864332189e-05,silver tsunami,limiting,2023-12
2023-01-01,386660,6,1.551750892256763e-05,demographic time bomb,limiting,2023-01
2023-01-02,376736,0,0.0,demographic time bomb,limiting,2023-01
2023-01-03,463750,10,2.15633423180593e-05,demographic time bomb,limiting,2023-01
2023-01-04,476285,8,1.6796665861826427e-05,demographic time bomb,limiting,2023-01
2023-01-05,513716,6,1.1679605073620444e-05,demographic time bomb,limiting,2023-01
2023-01-06,446257,13,2.913119570113186e-05,demographic time bomb,limiting,2023-01
2023-01-07,338006,12,3.550232836103501e-05,demographic time bomb,limiting,2023-01
2023-01-08,321144,6,1.8683207533069276e-05,demographic time bomb,limiting,2023-01
2023-01-09,516613,3,5.807054797304752e-06,demographic time bomb,limiting,2023-01
2023-01-10,518847,7,1.349145316442034e-05,demographic time bomb,limiting,2023-01
2023-01-11,555868,8,1.439190599207006e-05,demographic time bomb,limiting,2023-01
2023-01-12,526056,1,1.9009383031464332e-06,demographic time bomb,limiting,2023-01
2023-01-13,488831,7,1.431987742184927e-05,demographic time bomb,limiting,2023-01
2023-01-14,322746,0,0.0,demographic time bomb,limiting,2023-01
2023-01-15,311609,14,4.492809899585699e-05,demographic time bomb,limiting,2023-01
2023-01-16,460938,15,3.254233758119313e-05,demographic time bomb,limiting,2023-01
2023-01-17,508077,40,7.872822426521964e-05,demographic time bomb,limiting,2023-01
2023-01-18,524187,11,2.0984877534162426e-05,demographic time bomb,limiting,2023-01
2023-01-19,517612,25,4.829872568642149e-05,demographic time bomb,limiting,2023-01
2023-01-20,483858,16,3.3067552877083776e-05,demographic time bomb,limiting,2023-01
2023-01-21,325412,5,1.5365137118483644e-05,demographic time bomb,limiting,2023-01
2023-01-22,311528,9,2.8889859017487995e-05,demographic time bomb,limiting,2023-01
2023-01-23,474487,20,4.215078600678206e-05,demographic time bomb,limiting,2023-01
2023-01-24,503497,19,3.773607389914935e-05,demographic time bomb,limiting,2023-01
2023-01-25,513829,16,3.113876406353086e-05,demographic time bomb,limiting,2023-01
2023-01-26,504774,18,3.565952287558393e-05,demographic time bomb,limiting,2023-01
2023-01-27,478129,18,3.764674387037808e-05,demographic time bomb,limiting,2023-01
2023-01-28,327154,5,1.5283322227452514e-05,demographic time bomb,limiting,2023-01
2023-01-29,337263,3,8.895135250531485e-06,demographic time bomb,limiting,2023-01
2023-01-30,498506,17,3.4101896466642325e-05,demographic time bomb,limiting,2023-01
2023-01-31,520924,20,3.8393316491465166e-05,demographic time bomb,limiting,2023-01
2023-02-01,545720,16,2.9319064721835372e-05,demographic time bomb,limiting,2023-02
2023-02-02,521178,17,3.261841443806147e-05,demographic time bomb,limiting,2023-02
2023-02-03,479265,10,2.0865283298383983e-05,demographic time bomb,limiting,2023-02
2023-02-04,336576,12,3.56531660011409e-05,demographic time bomb,limiting,2023-02
2023-02-05,313435,8,2.5523633289198716e-05,demographic time bomb,limiting,2023-02
2023-02-06,489890,17,3.47016677213252e-05,demographic time bomb,limiting,2023-02
2023-02-07,509337,5,9.816683256861371e-06,demographic time bomb,limiting,2023-02
2023-02-08,527289,3,5.689479583302515e-06,demographic time bomb,limiting,2023-02
2023-02-09,519827,1,1.923716928901346e-06,demographic time bomb,limiting,2023-02
2023-02-10,490576,2,4.076840285704967e-06,demographic time bomb,limiting,2023-02
2023-02-11,321346,0,0.0,demographic time bomb,limiting,2023-02
2023-02-12,315406,2,6.341033461633577e-06,demographic time bomb,limiting,2023-02
2023-02-13,484652,5,1.0316680834908346e-05,demographic time bomb,limiting,2023-02
2023-02-14,511527,11,2.150424122284845e-05,demographic time bomb,limiting,2023-02
2023-02-15,517380,2,3.865630677645058e-06,demographic time bomb,limiting,2023-02
2023-02-16,519253,2,3.8516869425886805e-06,demographic time bomb,limiting,2023-02
2023-02-17,484478,3,6.192231639001152e-06,demographic time bomb,limiting,2023-02
2023-02-18,321085,1,3.1144401015307473e-06,demographic time bomb,limiting,2023-02
2023-02-19,310960,21,6.753280164651403e-05,demographic time bomb,limiting,2023-02
2023-02-20,443848,8,1.8024188460914547e-05,demographic time bomb,limiting,2023-02
2023-02-21,479395,8,1.6687700122028807e-05,demographic time bomb,limiting,2023-02
2023-02-22,501956,4,7.968825952872363e-06,demographic time bomb,limiting,2023-02
2023-02-23,496300,5,1.007455168245013e-05,demographic time bomb,limiting,2023-02
2023-02-24,471742,3,6.359408320649846e-06,demographic time bomb,limiting,2023-02
2023-02-25,323605,1,3.090187110829561e-06,demographic time bomb,limiting,2023-02
2023-02-26,307580,15,4.876780024709019e-05,demographic time bomb,limiting,2023-02
2023-02-27,475064,0,0.0,demographic time bomb,limiting,2023-02
2023-02-28,500745,4,7.98809773437578e-06,demographic time bomb,limiting,2023-02
2023-03-01,514545,10,1.943464614368034e-05,demographic time bomb,limiting,2023-03
2023-03-02,510532,5,9.79370538967195e-06,demographic time bomb,limiting,2023-03
2023-03-03,478228,6,1.2546316819592328e-05,demographic time bomb,limiting,2023-03
2023-03-04,318967,13,4.075656729379528e-05,demographic time bomb,limiting,2023-03
2023-03-05,306986,3,9.772432619077092e-06,demographic time bomb,limiting,2023-03
2023-03-06,477110,5,1.0479763576533714e-05,demographic time bomb,limiting,2023-03
2023-03-07,491276,17,3.4603766518209725e-05,demographic time bomb,limiting,2023-03
2023-03-08,479238,1,2.0866458836736654e-06,demographic time bomb,limiting,2023-03
2023-03-09,500869,0,0.0,demographic time bomb,limiting,2023-03
2023-03-10,474747,0,0.0,demographic time bomb,limiting,2023-03
2023-03-11,312372,2,6.4026225141818085e-06,demographic time bomb,limiting,2023-03
2023-03-12,313775,2,6.373994104055454e-06,demographic time bomb,limiting,2023-03
2023-03-13,483073,3,6.210241516292568e-06,demographic time bomb,limiting,2023-03
2023-03-14,502396,2,3.980923414995342e-06,demographic time bomb,limiting,2023-03
2023-03-15,512681,2,3.901061283722236e-06,demographic time bomb,limiting,2023-03
2023-03-16,515796,2,3.8775019581384885e-06,demographic time bomb,limiting,2023-03
2023-03-17,477867,1,2.0926324688668604e-06,demographic time bomb,limiting,2023-03
2023-03-18,312067,2,6.408880144327981e-06,demographic time bomb,limiting,2023-03
2023-03-19,301941,5,1.6559526530017454e-05,demographic time bomb,limiting,2023-03
2023-03-20,473417,1,2.112302684525482e-06,demographic time bomb,limiting,2023-03
2023-03-21,486641,4,8.21961158225468e-06,demographic time bomb,limiting,2023-03
2023-03-22,503482,7,1.3903178266551733e-05,demographic time bomb,limiting,2023-03
2023-03-23,494531,8,1.6176943406985608e-05,demographic time bomb,limiting,2023-03
2023-03-24,462455,4,8.64949022067012e-06,demographic time bomb,limiting,2023-03
2023-03-25,309743,3,9.685448904414305e-06,demographic time bomb,limiting,2023-03
2023-03-26,299147,1,3.3428381364345955e-06,demographic time bomb,limiting,2023-03
2023-03-27,475695,3,6.306561977737836e-06,demographic time bomb,limiting,2023-03
2023-03-28,490819,3,6.112232819022898e-06,demographic time bomb,limiting,2023-03
2023-03-29,497556,4,8.039296079235302e-06,demographic time bomb,limiting,2023-03
2023-03-30,420677,2,4.754241377588982e-06,demographic time bomb,limiting,2023-03
2023-03-31,449869,3,6.668607972543118e-06,demographic time bomb,limiting,2023-03
2023-04-01,315540,0,0.0,demographic time bomb,limiting,2023-04
2023-04-02,309179,3,9.703116964606264e-06,demographic time bomb,limiting,2023-04
2023-04-03,476836,6,1.2582942563061514e-05,demographic time bomb,limiting,2023-04
2023-04-04,487193,5,1.0262873235042375e-05,demographic time bomb,limiting,2023-04
2023-04-05,488458,2,4.0945178500505675e-06,demographic time bomb,limiting,2023-04
2023-04-06,459113,4,8.712452054287289e-06,demographic time bomb,limiting,2023-04
2023-04-07,389270,3,7.706733115832198e-06,demographic time bomb,limiting,2023-04
2023-04-08,290669,9,3.096305419566586e-05,demographic time bomb,limiting,2023-04
2023-04-09,273774,4,1.4610591217573618e-05,demographic time bomb,limiting,2023-04
2023-04-10,405537,3,7.397598739449175e-06,demographic time bomb,limiting,2023-04
2023-04-11,477794,4,8.371808771144049e-06,demographic time bomb,limiting,2023-04
2023-04-12,488672,7,1.4324536703555759e-05,demographic time bomb,limiting,2023-04
2023-04-13,490386,1,2.0392099285053e-06,demographic time bomb,limiting,2023-04
2023-04-14,456649,26,5.693650922261956e-05,demographic time bomb,limiting,2023-04
2023-04-15,304282,2,6.572850185025733e-06,demographic time bomb,limiting,2023-04
2023-04-16,294116,8,2.7200152320852997e-05,demographic time bomb,limiting,2023-04
2023-04-17,449839,6,1.3338105411047063e-05,demographic time bomb,limiting,2023-04
2023-04-18,487585,2,4.10184890839546e-06,demographic time bomb,limiting,2023-04
2023-04-19,495117,4,8.078898522975378e-06,demographic time bomb,limiting,2023-04
2023-04-20,505072,2,3.959831469572655e-06,demographic time bomb,limiting,2023-04
2023-04-21,442165,6,1.3569595060667398e-05,demographic time bomb,limiting,2023-04
2023-04-22,291122,2,6.869972039213801e-06,demographic time bomb,limiting,2023-04
2023-04-23,285319,3,1.0514546875602396e-05,demographic time bomb,limiting,2023-04
2023-04-24,453171,3,6.620017609246841e-06,demographic time bomb,limiting,2023-04
2023-04-25,478078,2,4.1834177686486304e-06,demographic time bomb,limiting,2023-04
2023-04-26,499642,7,1.4010031182326545e-05,demographic time bomb,limiting,2023-04
2023-04-27,503305,3,5.960600431150098e-06,demographic time bomb,limiting,2023-04
2023-04-28,477911,8,1.6739518445903108e-05,demographic time bomb,limiting,2023-04
2023-04-29,312100,2,6.4082024991989746e-06,demographic time bomb,limiting,2023-04
2023-04-30,292074,12,4.108547833768155e-05,demographic time bomb,limiting,2023-04
2023-05-01,382308,9,2.354122853824665e-05,demographic time bomb,limiting,2023-05
2023-05-02,472981,2,4.228499664891401e-06,demographic time bomb,limiting,2023-05
2023-05-03,496390,1,2.0145450150083605e-06,demographic time bomb,limiting,2023-05
2023-05-04,496481,1,2.014175769062663e-06,demographic time bomb,limiting,2023-05
2023-05-05,463524,5,1.0786927969209793e-05,demographic time bomb,limiting,2023-05
2023-05-06,318236,1,3.1423220503022914e-06,demographic time bomb,limiting,2023-05
2023-05-07,305413,15,4.911382292174858e-05,demographic time bomb,limiting,2023-05
2023-05-08,460286,3,6.517686829492967e-06,demographic time bomb,limiting,2023-05
2023-05-09,488772,3,6.137831135989787e-06,demographic time bomb,limiting,2023-05
2023-05-10,520267,5,9.610450018932586e-06,demographic time bomb,limiting,2023-05
2023-05-11,499831,3,6.002028685695765e-06,demographic time bomb,limiting,2023-05
2023-05-12,475520,4,8.411843876177658e-06,demographic time bomb,limiting,2023-05
2023-05-13,290386,0,0.0,demographic time bomb,limiting,2023-05
2023-05-14,247082,1,4.047239378020252e-06,demographic time bomb,limiting,2023-05
2023-05-15,476911,4,8.387309162506212e-06,demographic time bomb,limiting,2023-05
2023-05-16,508558,15,2.949516082728027e-05,demographic time bomb,limiting,2023-05
2023-05-17,516177,4,7.749279801308465e-06,demographic time bomb,limiting,2023-05
2023-05-18,491864,2,4.066164630873575e-06,demographic time bomb,limiting,2023-05
2023-05-19,475987,3,6.302693140779055e-06,demographic time bomb,limiting,2023-05
2023-05-20,313906,2,6.371334093645869e-06,demographic time bomb,limiting,2023-05
2023-05-21,305588,9,2.94514182494077e-05,demographic time bomb,limiting,2023-05
2023-05-22,478952,7,1.4615243281163874e-05,demographic time bomb,limiting,2023-05
2023-05-23,502427,5,9.95169447501826e-06,demographic time bomb,limiting,2023-05
2023-05-24,515438,3,5.820292644314156e-06,demographic time bomb,limiting,2023-05
2023-05-25,506377,6,1.184887939223148e-05,demographic time bomb,limiting,2023-05
2023-05-26,476611,7,1.4687029883909519e-05,demographic time bomb,limiting,2023-05
2023-05-27,315199,12,3.8071186774069716e-05,demographic time bomb,limiting,2023-05
2023-05-28,311410,5,1.6056003339648694e-05,demographic time bomb,limiting,2023-05
2023-05-29,422001,2,4.739325262262412e-06,demographic time bomb,limiting,2023-05
2023-05-30,492310,18,3.656232861408462e-05,demographic time bomb,limiting,2023-05
2023-05-31,511821,8,1.5630464556944712e-05,demographic time bomb,limiting,2023-05
2023-06-01,520029,2,3.845939361074094e-06,demographic time bomb,limiting,2023-06
2023-06-02,471163,1,2.1224077442413772e-06,demographic time bomb,limiting,2023-06
2023-06-03,316228,2,6.32455064067698e-06,demographic time bomb,limiting,2023-06
2023-06-04,302435,6,1.9838973663762462e-05,demographic time bomb,limiting,2023-06
2023-06-05,478406,4,8.361099150094271e-06,demographic time bomb,limiting,2023-06
2023-06-06,497032,1,2.0119428930129247e-06,demographic time bomb,limiting,2023-06
2023-06-07,511926,4,7.813629313611733e-06,demographic time bomb,limiting,2023-06
2023-06-08,485205,6,1.236590719386651e-05,demographic time bomb,limiting,2023-06
2023-06-09,469746,4,8.51524015106036e-06,demographic time bomb,limiting,2023-06
2023-06-10,309255,7,2.26350422790254e-05,demographic time bomb,limiting,2023-06
2023-06-11,301437,12,3.9809313388867324e-05,demographic time bomb,limiting,2023-06
2023-06-12,469490,11,2.3429679013397516e-05,demographic time bomb,limiting,2023-06
2023-06-13,507360,2,3.941974140649637e-06,demographic time bomb,limiting,2023-06
2023-06-14,513410,6,1.1686566292047292e-05,demographic time bomb,limiting,2023-06
2023-06-15,512254,3,5.8564696420135326e-06,demographic time bomb,limiting,2023-06
2023-06-16,479492,3,6.256621591184003e-06,demographic time bomb,limiting,2023-06
2023-06-17,313647,1,3.1882976722238696e-06,demographic time bomb,limiting,2023-06
2023-06-18,297948,0,0.0,demographic time bomb,limiting,2023-06
2023-06-19,454954,7,1.5386170909586462e-05,demographic time bomb,limiting,2023-06
2023-06-20,501975,5,9.960655411126052e-06,demographic time bomb,limiting,2023-06
2023-06-21,511651,1,1.9544572374528732e-06,demographic time bomb,limiting,2023-06
2023-06-22,500891,6,1.1978654038503387e-05,demographic time bomb,limiting,2023-06
2023-06-23,462693,7,1.5128821918637195e-05,demographic time bomb,limiting,2023-06
2023-06-24,311142,3,9.641899839944463e-06,demographic time bomb,limiting,2023-06
2023-06-25,294103,3,1.0200507985297668e-05,demographic time bomb,limiting,2023-06
2023-06-26,466890,13,2.7843817601576388e-05,demographic time bomb,limiting,2023-06
2023-06-27,488208,7,1.4338150952053223e-05,demographic time bomb,limiting,2023-06
2023-06-28,487306,4,8.20839472528555e-06,demographic time bomb,limiting,2023-06
2023-06-29,476127,3,6.300839901958931e-06,demographic time bomb,limiting,2023-06
2023-06-30,457265,5,1.093457841732912e-05,demographic time bomb,limiting,2023-06
2023-07-01,303381,4,1.318474129889479e-05,demographic time bomb,limiting,2023-07
2023-07-02,284625,1,3.513394817742644e-06,demographic time bomb,limiting,2023-07
2023-07-03,445952,2,4.484787600459242e-06,demographic time bomb,limiting,2023-07
2023-07-04,455884,8,1.7548323696378904e-05,demographic time bomb,limiting,2023-07
2023-07-05,501180,2,3.990582225946766e-06,demographic time bomb,limiting,2023-07
2023-07-06,493339,4,8.10801497550366e-06,demographic time bomb,limiting,2023-07
2023-07-07,463370,9,1.942292336577681e-05,demographic time bomb,limiting,2023-07
2023-07-08,305403,14,4.58410690137294e-05,demographic time bomb,limiting,2023-07
2023-07-09,291177,4,1.373734876037599e-05,demographic time bomb,limiting,2023-07
2023-07-10,454453,3,6.601342713107846e-06,demographic time bomb,limiting,2023-07
2023-07-11,492786,3,6.087835287528461e-06,demographic time bomb,limiting,2023-07
2023-07-12,495376,2,4.037337295306999e-06,demographic time bomb,limiting,2023-07
2023-07-13,488915,8,1.63627624433695e-05,demographic time bomb,limiting,2023-07
2023-07-14,449795,1,2.2232350292911215e-06,demographic time bomb,limiting,2023-07
2023-07-15,300453,1,3.3283075888741333e-06,demographic time bomb,limiting,2023-07
2023-07-16,288895,6,2.076879142941207e-05,demographic time bomb,limiting,2023-07
2023-07-17,452038,3,6.636610196487906e-06,demographic time bomb,limiting,2023-07
2023-07-18,489747,7,1.4293094189448838e-05,demographic time bomb,limiting,2023-07
2023-07-19,486941,3,6.160910664741724e-06,demographic time bomb,limiting,2023-07
2023-07-20,476929,3,6.290244459867192e-06,demographic time bomb,limiting,2023-07
2023-07-21,454340,15,3.301492274508078e-05,demographic time bomb,limiting,2023-07
2023-07-22,300123,7,2.3323770587392504e-05,demographic time bomb,limiting,2023-07
2023-07-23,292470,10,3.419154101275345e-05,demographic time bomb,limiting,2023-07
2023-07-24,453290,5,1.1030466147499393e-05,demographic time bomb,limiting,2023-07
2023-07-25,481260,6,1.2467273407305823e-05,demographic time bomb,limiting,2023-07
2023-07-26,491615,3,6.10233617770003e-06,demographic time bomb,limiting,2023-07
2023-07-27,487834,2,4.0997552446118966e-06,demographic time bomb,limiting,2023-07
2023-07-28,459847,2,4.349272692873934e-06,demographic time bomb,limiting,2023-07
2023-07-29,299402,6,2.0039946292943936e-05,demographic time bomb,limiting,2023-07
2023-07-30,284070,3,1.0560777273207309e-05,demographic time bomb,limiting,2023-07
2023-07-31,455803,4,8.775721090032317e-06,demographic time bomb,limiting,2023-07
2023-08-01,477822,4,8.371318189618728e-06,demographic time bomb,limiting,2023-08
2023-08-02,477375,5,1.0473946059177795e-05,demographic time bomb,limiting,2023-08
2023-08-03,477836,3,6.2783046903121574e-06,demographic time bomb,limiting,2023-08
2023-08-04,448645,2,4.457867579043564e-06,demographic time bomb,limiting,2023-08
2023-08-05,300483,1,3.327975293111424e-06,demographic time bomb,limiting,2023-08
2023-08-06,287612,0,0.0,demographic time bomb,limiting,2023-08
2023-08-07,440347,4,9.08374531903249e-06,demographic time bomb,limiting,2023-08
2023-08-08,469410,0,0.0,demographic time bomb,limiting,2023-08
2023-08-09,478458,2,4.18009522256917e-06,demographic time bomb,limiting,2023-08
2023-08-10,476103,4,8.401543363515878e-06,demographic time bomb,limiting,2023-08
2023-08-11,439680,17,3.866448326055313e-05,demographic time bomb,limiting,2023-08
2023-08-12,302092,1,3.3102498576592563e-06,demographic time bomb,limiting,2023-08
2023-08-13,287942,1,3.4729216300504964e-06,demographic time bomb,limiting,2023-08
2023-08-14,440043,5,1.1362525934965447e-05,demographic time bomb,limiting,2023-08
2023-08-15,470864,11,2.3361310272180502e-05,demographic time bomb,limiting,2023-08
2023-08-16,468638,6,1.280305907758227e-05,demographic time bomb,limiting,2023-08
2023-08-17,475136,6,1.2627963362068965e-05,demographic time bomb,limiting,2023-08
2023-08-18,449947,9,2.0002355833020332e-05,demographic time bomb,limiting,2023-08
2023-08-19,313733,10,3.187423701045156e-05,demographic time bomb,limiting,2023-08
2023-08-20,300751,3,9.975029176960342e-06,demographic time bomb,limiting,2023-08
2023-08-21,438028,1,2.2829590802414457e-06,demographic time bomb,limiting,2023-08
2023-08-22,401105,4,9.972451103825681e-06,demographic time bomb,limiting,2023-08
2023-08-23,370413,1,2.6996892657655104e-06,demographic time bomb,limiting,2023-08
2023-08-24,503040,16,3.1806615776081425e-05,demographic time bomb,limiting,2023-08
2023-08-25,456353,12,2.6295433578830423e-05,demographic time bomb,limiting,2023-08
2023-08-26,308918,4,1.2948419969053276e-05,demographic time bomb,limiting,2023-08
2023-08-27,295769,9,3.042915248048308e-05,demographic time bomb,limiting,2023-08
2023-08-28,448775,2,4.456576235307225e-06,demographic time bomb,limiting,2023-08
2023-08-29,481751,2,4.151522259424475e-06,demographic time bomb,limiting,2023-08
2023-08-30,490413,0,0.0,demographic time bomb,limiting,2023-08
2023-08-31,497911,1,2.008391057839654e-06,demographic time bomb,limiting,2023-08
2023-09-01,476936,5,1.0483586896355067e-05,demographic time bomb,limiting,2023-09
2023-09-02,313119,8,2.55493917647923e-05,demographic time bomb,limiting,2023-09
2023-09-03,311627,15,4.8134468451064896e-05,demographic time bomb,limiting,2023-09
2023-09-04,435333,73,0.0001676877241100491,demographic time bomb,limiting,2023-09
2023-09-05,493288,9,1.8244919803441397e-05,demographic time bomb,limiting,2023-09
2023-09-06,510752,6,1.1747384249107199e-05,demographic time bomb,limiting,2023-09
2023-09-07,488234,7,1.4337387400303953e-05,demographic time bomb,limiting,2023-09
2023-09-08,463682,5,1.0783252315164272e-05,demographic time bomb,limiting,2023-09
2023-09-09,321208,17,5.292520734228288e-05,demographic time bomb,limiting,2023-09
2023-09-10,313055,3,9.5829806264075e-06,demographic time bomb,limiting,2023-09
2023-09-11,474764,14,2.9488335257096156e-05,demographic time bomb,limiting,2023-09
2023-09-12,501177,4,7.98121222641901e-06,demographic time bomb,limiting,2023-09
2023-09-13,512947,2,3.8990383022027616e-06,demographic time bomb,limiting,2023-09
2023-09-14,504052,1,1.983922293731599e-06,demographic time bomb,limiting,2023-09
2023-09-15,477614,9,1.8843668736678574e-05,demographic time bomb,limiting,2023-09
2023-09-16,313024,6,1.916785933346964e-05,demographic time bomb,limiting,2023-09
2023-09-17,307869,9,2.9233212827533787e-05,demographic time bomb,limiting,2023-09
2023-09-18,467258,10,2.1401452730611352e-05,demographic time bomb,limiting,2023-09
2023-09-19,502742,7,1.3923642743196311e-05,demographic time bomb,limiting,2023-09
2023-09-20,519399,0,0.0,demographic time bomb,limiting,2023-09
2023-09-21,511175,5,9.781386022399374e-06,demographic time bomb,limiting,2023-09
2023-09-22,473154,8,1.690781436910604e-05,demographic time bomb,limiting,2023-09
2023-09-23,316117,6,1.8980314250736277e-05,demographic time bomb,limiting,2023-09
2023-09-24,279092,10,3.58304788385192e-05,demographic time bomb,limiting,2023-09
2023-09-25,471557,2,4.241268817979587e-06,demographic time bomb,limiting,2023-09
2023-09-26,493643,4,8.103021819412003e-06,demographic time bomb,limiting,2023-09
2023-09-27,505379,8,1.582970404389577e-05,demographic time bomb,limiting,2023-09
2023-09-28,488069,7,1.4342234397185644e-05,demographic time bomb,limiting,2023-09
2023-09-29,447544,0,0.0,demographic time bomb,limiting,2023-09
2023-09-30,315650,1,3.168065895770632e-06,demographic time bomb,limiting,2023-09
2023-10-01,291636,1,3.4289319562742597e-06,demographic time bomb,limiting,2023-10
2023-10-02,449201,2,4.4523498389362444e-06,demographic time bomb,limiting,2023-10
2023-10-03,405978,0,0.0,demographic time bomb,limiting,2023-10
2023-10-04,414982,3,7.2292292195806084e-06,demographic time bomb,limiting,2023-10
2023-10-05,450132,15,3.3323558422862624e-05,demographic time bomb,limiting,2023-10
2023-10-06,377905,0,0.0,demographic time bomb,limiting,2023-10
2023-10-07,251209,1,3.980749097365142e-06,demographic time bomb,limiting,2023-10
2023-10-08,309776,3,9.684417127214503e-06,demographic time bomb,limiting,2023-10
2023-10-09,440844,3,6.805128344720582e-06,demographic time bomb,limiting,2023-10
2023-10-10,490873,4,8.148747231972425e-06,demographic time bomb,limiting,2023-10
2023-10-11,503094,11,2.186470122879621e-05,demographic time bomb,limiting,2023-10
2023-10-12,487234,1,2.0524019259739673e-06,demographic time bomb,limiting,2023-10
2023-10-13,468088,7,1.4954453008835945e-05,demographic time bomb,limiting,2023-10
2023-10-14,310303,5,1.6113282823562777e-05,demographic time bomb,limiting,2023-10
2023-10-15,229331,6,2.6163056891567212e-05,demographic time bomb,limiting,2023-10
2023-10-16,378908,10,2.639163068607683e-05,demographic time bomb,limiting,2023-10
2023-10-17,354366,4,1.1287764627531986e-05,demographic time bomb,limiting,2023-10
2023-10-18,454881,2,4.396754315963955e-06,demographic time bomb,limiting,2023-10
2023-10-19,324728,9,2.7715503436722426e-05,demographic time bomb,limiting,2023-10
2023-10-20,449556,1,2.224416980309461e-06,demographic time bomb,limiting,2023-10
2023-10-21,300472,1,3.3280971271865597e-06,demographic time bomb,limiting,2023-10
2023-10-22,295955,7,2.3652244429051713e-05,demographic time bomb,limiting,2023-10
2023-10-23,414959,3,7.229629915244639e-06,demographic time bomb,limiting,2023-10
2023-10-24,417249,2,4.7933008826863575e-06,demographic time bomb,limiting,2023-10
2023-10-25,379766,4,1.053280177793694e-05,demographic time bomb,limiting,2023-10
2023-10-26,375887,3,7.98112198612881e-06,demographic time bomb,limiting,2023-10
2023-10-27,474875,2,4.211634640694919e-06,demographic time bomb,limiting,2023-10
2023-10-28,240563,2,8.313830472682832e-06,demographic time bomb,limiting,2023-10
2023-10-29,279231,6,2.148758554744996e-05,demographic time bomb,limiting,2023-10
2023-10-30,325647,4,1.2283239213012863e-05,demographic time bomb,limiting,2023-10
2023-10-31,454676,7,1.5395578389886425e-05,demographic time bomb,limiting,2023-10
2023-11-01,406342,3,7.382943431887425e-06,demographic time bomb,limiting,2023-11
2023-11-02,313387,7,2.233659979514147e-05,demographic time bomb,limiting,2023-11
2023-11-03,353019,8,2.2661669768482715e-05,demographic time bomb,limiting,2023-11
2023-11-04,217424,3,1.3797924792111266e-05,demographic time bomb,limiting,2023-11
2023-11-05,238825,7,2.9310164346278657e-05,demographic time bomb,limiting,2023-11
2023-11-06,293997,7,2.3809766766327547e-05,demographic time bomb,limiting,2023-11
2023-11-07,349578,5,1.4302959568393891e-05,demographic time bomb,limiting,2023-11
2023-11-08,395019,10,2.531523800121007e-05,demographic time bomb,limiting,2023-11
2023-11-09,477530,7,1.4658764894352188e-05,demographic time bomb,limiting,2023-11
2023-11-10,496152,3,6.046534126638611e-06,demographic time bomb,limiting,2023-11
2023-11-11,372697,6,1.609886851785767e-05,demographic time bomb,limiting,2023-11
2023-11-12,343914,6,1.7446222020621433e-05,demographic time bomb,limiting,2023-11
2023-11-13,505874,16,3.1628429213598646e-05,demographic time bomb,limiting,2023-11
2023-11-14,531886,3,5.64030638144264e-06,demographic time bomb,limiting,2023-11
2023-11-15,532214,3,5.636830297587061e-06,demographic time bomb,limiting,2023-11
2023-11-16,528144,5,9.467115029234452e-06,demographic time bomb,limiting,2023-11
2023-11-17,518066,5,9.651279952747334e-06,demographic time bomb,limiting,2023-11
2023-11-18,374406,2,5.341794736195467e-06,demographic time bomb,limiting,2023-11
2023-11-19,346778,0,0.0,demographic time bomb,limiting,2023-11
2023-11-20,489625,3,6.12713811590503e-06,demographic time bomb,limiting,2023-11
2023-11-21,493213,2,4.055043155796785e-06,demographic time bomb,limiting,2023-11
2023-11-22,570322,3,5.260186350868457e-06,demographic time bomb,limiting,2023-11
2023-11-23,510558,5,9.79320664841213e-06,demographic time bomb,limiting,2023-11
2023-11-24,465253,4,8.597472772878413e-06,demographic time bomb,limiting,2023-11
2023-11-25,339983,7,2.0589264757355514e-05,demographic time bomb,limiting,2023-11
2023-11-26,350990,4,1.139633607795094e-05,demographic time bomb,limiting,2023-11
2023-11-27,499915,6,1.2002040346858966e-05,demographic time bomb,limiting,2023-11
2023-11-28,531630,14,2.633410454639505e-05,demographic time bomb,limiting,2023-11
2023-11-29,552523,11,1.990867348508569e-05,demographic time bomb,limiting,2023-11
2023-11-30,560459,1,1.7842518364412027e-06,demographic time bomb,limiting,2023-11
2023-12-01,521593,2,3.834407286907608e-06,demographic time bomb,limiting,2023-12
2023-12-02,370071,1,2.702184175469032e-06,demographic time bomb,limiting,2023-12
2023-12-03,346452,3,8.659208202002008e-06,demographic time bomb,limiting,2023-12
2023-12-04,508715,1,1.9657372005936527e-06,demographic time bomb,limiting,2023-12
2023-12-05,439522,3,6.825596898448769e-06,demographic time bomb,limiting,2023-12
2023-12-06,447712,5,1.1167893645915231e-05,demographic time bomb,limiting,2023-12
2023-12-07,444233,3,6.75321284100911e-06,demographic time bomb,limiting,2023-12
2023-12-08,426877,5,1.1712975868927115e-05,demographic time bomb,limiting,2023-12
2023-12-09,306237,9,2.9389002635213902e-05,demographic time bomb,limiting,2023-12
2023-12-10,301897,1,3.312387999880754e-06,demographic time bomb,limiting,2023-12
2023-12-11,432070,2,4.6288795796977345e-06,demographic time bomb,limiting,2023-12
2023-12-12,453920,3,6.6090941135001764e-06,demographic time bomb,limiting,2023-12
2023-12-13,464155,0,0.0,demographic time bomb,limiting,2023-12
2023-12-14,457220,2,4.3742618433139404e-06,demographic time bomb,limiting,2023-12
2023-12-15,434987,2,4.5978385560947795e-06,demographic time bomb,limiting,2023-12
2023-12-16,299627,9,3.0037346434066357e-05,demographic time bomb,limiting,2023-12
2023-12-17,289281,3,1.0370539371752725e-05,demographic time bomb,limiting,2023-12
2023-12-18,432847,2,4.620570316994227e-06,demographic time bomb,limiting,2023-12
2023-12-19,442004,5,1.1312114822490294e-05,demographic time bomb,limiting,2023-12
2023-12-20,453183,3,6.619842315356049e-06,demographic time bomb,limiting,2023-12
2023-12-21,439238,3,6.830010153948429e-06,demographic time bomb,limiting,2023-12
2023-12-22,409045,3,7.3341563886613945e-06,demographic time bomb,limiting,2023-12
2023-12-23,284409,2,7.0321262688592836e-06,demographic time bomb,limiting,2023-12
2023-12-24,254126,0,0.0,demographic time bomb,limiting,2023-12
2023-12-25,262260,1,3.813009990086174e-06,demographic time bomb,limiting,2023-12
2023-12-26,334738,8,2.389928839868793e-05,demographic time bomb,limiting,2023-12
2023-12-27,385441,6,1.5566584769134577e-05,demographic time bomb,limiting,2023-12
2023-12-28,390902,3,7.674557817560412e-06,demographic time bomb,limiting,2023-12
2023-12-29,368395,5,1.3572388333174988e-05,demographic time bomb,limiting,2023-12
2023-12-30,276938,6,2.1665499136990952e-05,demographic time bomb,limiting,2023-12
2023-12-31,253133,7,2.765344700216882e-05,demographic time bomb,limiting,2023-12
2023-01-01,386660,68,0.00017586510112243314,aging population,neutral,2023-01
2023-01-02,376736,97,0.0002574747303151278,aging population,neutral,2023-01
2023-01-03,463750,244,0.0005261455525606469,aging population,neutral,2023-01
2023-01-04,476285,192,0.0004031199806838343,aging population,neutral,2023-01
2023-01-05,513716,140,0.00027252411838447703,aging population,neutral,2023-01
2023-01-06,446257,142,0.00031820229150467106,aging population,neutral,2023-01
2023-01-07,338006,144,0.00042602794033242016,aging population,neutral,2023-01
2023-01-08,321144,62,0.0001930598111750492,aging population,neutral,2023-01
2023-01-09,516613,144,0.0002787386302706281,aging population,neutral,2023-01
2023-01-10,518847,204,0.0003931794922202499,aging population,neutral,2023-01
2023-01-11,555868,216,0.00038858146178589163,aging population,neutral,2023-01
2023-01-12,526056,190,0.0003611782775978223,aging population,neutral,2023-01
2023-01-13,488831,141,0.00028844324521153526,aging population,neutral,2023-01
2023-01-14,322746,77,0.00023857770506838195,aging population,neutral,2023-01
2023-01-15,311609,58,0.00018613069583997896,aging population,neutral,2023-01
2023-01-16,460938,157,0.00034060980001648813,aging population,neutral,2023-01
2023-01-17,508077,563,0.0011080997565329665,aging population,neutral,2023-01
2023-01-18,524187,827,0.0015776812473411207,aging population,neutral,2023-01
2023-01-19,517612,438,0.0008461936740261045,aging population,neutral,2023-01
2023-01-20,483858,154,0.0003182751964419313,aging population,neutral,2023-01
2023-01-21,325412,70,0.00021511191965877105,aging population,neutral,2023-01
2023-01-22,311528,80,0.0002567987468221155,aging population,neutral,2023-01
2023-01-23,474487,384,0.0008092950913302155,aging population,neutral,2023-01
2023-01-24,503497,238,0.00047269397831566025,aging population,neutral,2023-01
2023-01-25,513829,366,0.0007122992279532685,aging population,neutral,2023-01
2023-01-26,504774,214,0.00042395210529860887,aging population,neutral,2023-01
2023-01-27,478129,203,0.00042457161142704164,aging population,neutral,2023-01
2023-01-28,327154,72,0.0002200798400753162,aging population,neutral,2023-01
2023-01-29,337263,44,0.00013046198367446177,aging population,neutral,2023-01
2023-01-30,498506,177,0.0003550609220350407,aging population,neutral,2023-01
2023-01-31,520924,186,0.00035705784337062603,aging population,neutral,2023-01
2023-02-01,545720,246,0.0004507806200982189,aging population,neutral,2023-02
2023-02-02,521178,190,0.00036455874960186345,aging population,neutral,2023-02
2023-02-03,479265,283,0.0005904875173442667,aging population,neutral,2023-02
2023-02-04,336576,135,0.00040109811751283514,aging population,neutral,2023-02
2023-02-05,313435,157,0.0005009013033005249,aging population,neutral,2023-02
2023-02-06,489890,244,0.0004980709955296087,aging population,neutral,2023-02
2023-02-07,509337,263,0.0005163575393109081,aging population,neutral,2023-02
2023-02-08,527289,247,0.0004684338190252404,aging population,neutral,2023-02
2023-02-09,519827,347,0.000667529774328767,aging population,neutral,2023-02
2023-02-10,490576,209,0.0004260298098561691,aging population,neutral,2023-02
2023-02-11,321346,44,0.00013692406315933604,aging population,neutral,2023-02
2023-02-12,315406,47,0.00014901428634838906,aging population,neutral,2023-02
2023-02-13,484652,169,0.00034870381221990213,aging population,neutral,2023-02
2023-02-14,511527,237,0.0004633186518013712,aging population,neutral,2023-02
2023-02-15,517380,165,0.0003189145309057173,aging population,neutral,2023-02
2023-02-16,519253,155,0.0002985057380506227,aging population,neutral,2023-02
2023-02-17,484478,238,0.0004912503766940913,aging population,neutral,2023-02
2023-02-18,321085,81,0.00025226964822399055,aging population,neutral,2023-02
2023-02-19,310960,89,0.0002862104450733213,aging population,neutral,2023-02
2023-02-20,443848,217,0.0004889061120023071,aging population,neutral,2023-02
2023-02-21,479395,150,0.00031289437728804014,aging population,neutral,2023-02
2023-02-22,501956,160,0.00031875303811489456,aging population,neutral,2023-02
2023-02-23,496300,196,0.00039492242595204514,aging population,neutral,2023-02
2023-02-24,471742,162,0.00034340804931509174,aging population,neutral,2023-02
2023-02-25,323605,67,0.00020704253642558058,aging population,neutral,2023-02
2023-02-26,307580,80,0.00026009493465114765,aging population,neutral,2023-02
2023-02-27,475064,178,0.00037468635804859977,aging population,neutral,2023-02
2023-02-28,500745,341,0.0006809853318555353,aging population,neutral,2023-02
2023-03-01,514545,293,0.0005694351320098339,aging population,neutral,2023-03
2023-03-02,510532,186,0.00036432584049579653,aging population,neutral,2023-03
2023-03-03,478228,305,0.0006377711049959433,aging population,neutral,2023-03
2023-03-04,318967,63,0.00019751259534685407,aging population,neutral,2023-03
2023-03-05,306986,56,0.00018241874222277237,aging population,neutral,2023-03
2023-03-06,477110,208,0.00043595816478380245,aging population,neutral,2023-03
2023-03-07,491276,170,0.0003460376651820972,aging population,neutral,2023-03
2023-03-08,479238,237,0.0004945350744306586,aging population,neutral,2023-03
2023-03-09,500869,204,0.00040729212628451753,aging population,neutral,2023-03
2023-03-10,474747,167,0.0003517663092131177,aging population,neutral,2023-03
2023-03-11,312372,127,0.00040656652965054485,aging population,neutral,2023-03
2023-03-12,313775,80,0.00025495976416221817,aging population,neutral,2023-03
2023-03-13,483073,149,0.0003084419953091976,aging population,neutral,2023-03
2023-03-14,502396,226,0.0004498443458944737,aging population,neutral,2023-03
2023-03-15,512681,184,0.0003588976381024458,aging population,neutral,2023-03
2023-03-16,515796,149,0.0002888738958813174,aging population,neutral,2023-03
2023-03-17,477867,189,0.00039550753661583664,aging population,neutral,2023-03
2023-03-18,312067,74,0.0002371285653401353,aging population,neutral,2023-03
2023-03-19,301941,87,0.0002881357616223037,aging population,neutral,2023-03
2023-03-20,473417,259,0.0005470863952920997,aging population,neutral,2023-03
2023-03-21,486641,210,0.0004315296080683707,aging population,neutral,2023-03
2023-03-22,503482,168,0.0003336762783972416,aging population,neutral,2023-03
2023-03-23,494531,300,0.0006066353777619603,aging population,neutral,2023-03
2023-03-24,462455,190,0.00041085078548183066,aging population,neutral,2023-03
2023-03-25,309743,104,0.0003357622286863626,aging population,neutral,2023-03
2023-03-26,299147,53,0.00017717042123103357,aging population,neutral,2023-03
2023-03-27,475695,175,0.0003678827820347071,aging population,neutral,2023-03
2023-03-28,490819,179,0.0003646965582016996,aging population,neutral,2023-03
2023-03-29,497556,318,0.0006391240382992065,aging population,neutral,2023-03
2023-03-30,420677,202,0.0004801783791364871,aging population,neutral,2023-03
2023-03-31,449869,281,0.0006246262800948721,aging population,neutral,2023-03
2023-04-01,315540,99,0.0003137478608100399,aging population,neutral,2023-04
2023-04-02,309179,132,0.0004269371464426756,aging population,neutral,2023-04
2023-04-03,476836,183,0.00038377974817337617,aging population,neutral,2023-04
2023-04-04,487193,300,0.0006157723941025425,aging population,neutral,2023-04
2023-04-05,488458,251,0.0005138619901813462,aging population,neutral,2023-04
2023-04-06,459113,187,0.00040730713353793075,aging population,neutral,2023-04
2023-04-07,389270,125,0.0003211138798263416,aging population,neutral,2023-04
2023-04-08,290669,38,0.0001307328954928114,aging population,neutral,2023-04
2023-04-09,273774,48,0.00017532709461088344,aging population,neutral,2023-04
2023-04-10,405537,244,0.0006016713641418662,aging population,neutral,2023-04
2023-04-11,477794,213,0.00044579881706342063,aging population,neutral,2023-04
2023-04-12,488672,238,0.0004870342479208958,aging population,neutral,2023-04
2023-04-13,490386,206,0.0004200772452720918,aging population,neutral,2023-04
2023-04-14,456649,149,0.0003262899951603967,aging population,neutral,2023-04
2023-04-15,304282,44,0.0001446027040705661,aging population,neutral,2023-04
2023-04-16,294116,49,0.00016660093296522462,aging population,neutral,2023-04
2023-04-17,449839,114,0.0002534240028098942,aging population,neutral,2023-04
2023-04-18,487585,148,0.000303536819221264,aging population,neutral,2023-04
2023-04-19,495117,342,0.0006907458237143947,aging population,neutral,2023-04
2023-04-20,505072,283,0.0005603161529445307,aging population,neutral,2023-04
2023-04-21,442165,140,0.00031662388474890595,aging population,neutral,2023-04
2023-04-22,291122,63,0.0002164041192352347,aging population,neutral,2023-04
2023-04-23,285319,81,0.0002838927656412647,aging population,neutral,2023-04
2023-04-24,453171,239,0.0005273947362033316,aging population,neutral,2023-04
2023-04-25,478078,228,0.00047690962562594387,aging population,neutral,2023-04
2023-04-26,499642,202,0.0004042894712614232,aging population,neutral,2023-04
2023-04-27,503305,182,0.0003616097594897726,aging population,neutral,2023-04
2023-04-28,477911,134,0.00028038693396887705,aging population,neutral,2023-04
2023-04-29,312100,51,0.00016340916372957386,aging population,neutral,2023-04
2023-04-30,292074,216,0.0007395386100782678,aging population,neutral,2023-04
2023-05-01,382308,131,0.000342655659834479,aging population,neutral,2023-05
2023-05-02,472981,174,0.00036787947084555194,aging population,neutral,2023-05
2023-05-03,496390,162,0.0003263562924313544,aging population,neutral,2023-05
2023-05-04,496481,166,0.0003343531776644021,aging population,neutral,2023-05
2023-05-05,463524,174,0.0003753850933285008,aging population,neutral,2023-05
2023-05-06,318236,47,0.0001476891363642077,aging population,neutral,2023-05
2023-05-07,305413,74,0.00024229485974729302,aging population,neutral,2023-05
2023-05-08,460286,150,0.0003258843414746484,aging population,neutral,2023-05
2023-05-09,488772,250,0.0005114859279991489,aging population,neutral,2023-05
2023-05-10,520267,215,0.0004132493508141012,aging population,neutral,2023-05
2023-05-11,499831,205,0.00041013862685587726,aging population,neutral,2023-05
2023-05-12,475520,122,0.00025656123822341857,aging population,neutral,2023-05
2023-05-13,290386,43,0.00014807876412774722,aging population,neutral,2023-05
2023-05-14,247082,41,0.00016593681449883035,aging population,neutral,2023-05
2023-05-15,476911,162,0.0003396860210815016,aging population,neutral,2023-05
2023-05-16,508558,168,0.000330345801265539,aging population,neutral,2023-05
2023-05-17,516177,170,0.0003293443915556098,aging population,neutral,2023-05
2023-05-18,491864,192,0.00039035180456386317,aging population,neutral,2023-05
2023-05-19,475987,128,0.00026891490733990637,aging population,neutral,2023-05
2023-05-20,313906,55,0.0001752116875752614,aging population,neutral,2023-05
2023-05-21,305588,61,0.0001996151681348744,aging population,neutral,2023-05
2023-05-22,478952,134,0.00027977751423942273,aging population,neutral,2023-05
2023-05-23,502427,137,0.00027267642861550037,aging population,neutral,2023-05
2023-05-24,515438,184,0.00035697794885126825,aging population,neutral,2023-05
2023-05-25,506377,465,0.0009182881528979397,aging population,neutral,2023-05
2023-05-26,476611,207,0.00043431645513846725,aging population,neutral,2023-05
2023-05-27,315199,84,0.000266498307418488,aging population,neutral,2023-05
2023-05-28,311410,55,0.00017661603673613564,aging population,neutral,2023-05
2023-05-29,422001,140,0.00033175276835836884,aging population,neutral,2023-05
2023-05-30,492310,205,0.00041640429810485264,aging population,neutral,2023-05
2023-05-31,511821,236,0.00046109870442986905,aging population,neutral,2023-05
2023-06-01,520029,243,0.0004672816323705024,aging population,neutral,2023-06
2023-06-02,471163,168,0.00035656450103255135,aging population,neutral,2023-06
2023-06-03,316228,74,0.00023400837370504826,aging population,neutral,2023-06
2023-06-04,302435,52,0.000171937771752608,aging population,neutral,2023-06
2023-06-05,478406,162,0.000338624515578818,aging population,neutral,2023-06
2023-06-06,497032,123,0.00024746897584058974,aging population,neutral,2023-06
2023-06-07,511926,112,0.00021878162078112852,aging population,neutral,2023-06
2023-06-08,485205,186,0.0003833431230098618,aging population,neutral,2023-06
2023-06-09,469746,285,0.0006067108607630507,aging population,neutral,2023-06
2023-06-10,309255,68,0.0002198832678533896,aging population,neutral,2023-06
2023-06-11,301437,39,0.0001293802685138188,aging population,neutral,2023-06
2023-06-12,469490,143,0.0003045858271741677,aging population,neutral,2023-06
2023-06-13,507360,146,0.0002877641122674235,aging population,neutral,2023-06
2023-06-14,513410,170,0.00033111937827467325,aging population,neutral,2023-06
2023-06-15,512254,204,0.0003982399356569202,aging population,neutral,2023-06
2023-06-16,479492,238,0.0004963586462339309,aging population,neutral,2023-06
2023-06-17,313647,71,0.00022636913472789475,aging population,neutral,2023-06
2023-06-18,297948,70,0.00023494032515741003,aging population,neutral,2023-06
2023-06-19,454954,137,0.00030112934494476364,aging population,neutral,2023-06
2023-06-20,501975,165,0.00032870162856715973,aging population,neutral,2023-06
2023-06-21,511651,120,0.00023453486849434477,aging population,neutral,2023-06
2023-06-22,500891,183,0.0003653489481743533,aging population,neutral,2023-06
2023-06-23,462693,162,0.0003501241644027465,aging population,neutral,2023-06
2023-06-24,311142,49,0.00015748436405242622,aging population,neutral,2023-06
2023-06-25,294103,72,0.000244812191647144,aging population,neutral,2023-06
2023-06-26,466890,117,0.0002505943584141875,aging population,neutral,2023-06
2023-06-27,488208,188,0.00038508176842657227,aging population,neutral,2023-06
2023-06-28,487306,170,0.00034885677582463585,aging population,neutral,2023-06
2023-06-29,476127,223,0.00046836243271228056,aging population,neutral,2023-06
2023-06-30,457265,173,0.00037833641323958757,aging population,neutral,2023-06
2023-07-01,303381,61,0.00020106730480814553,aging population,neutral,2023-07
2023-07-02,284625,38,0.00013350900307422046,aging population,neutral,2023-07
2023-07-03,445952,133,0.0002982383754305396,aging population,neutral,2023-07
2023-07-04,455884,196,0.00042993393056128316,aging population,neutral,2023-07
2023-07-05,501180,156,0.0003112654136238477,aging population,neutral,2023-07
2023-07-06,493339,197,0.00039931973754355523,aging population,neutral,2023-07
2023-07-07,463370,184,0.0003970908777003259,aging population,neutral,2023-07
2023-07-08,305403,32,0.00010477958631709577,aging population,neutral,2023-07
2023-07-09,291177,36,0.0001236361388433839,aging population,neutral,2023-07
2023-07-10,454453,172,0.0003784769822181832,aging population,neutral,2023-07
2023-07-11,492786,144,0.0002922160938013661,aging population,neutral,2023-07
2023-07-12,495376,180,0.0003633603565776299,aging population,neutral,2023-07
2023-07-13,488915,139,0.0002843029974535451,aging population,neutral,2023-07
2023-07-14,449795,104,0.00023121644304627663,aging population,neutral,2023-07
2023-07-15,300453,43,0.00014311722632158772,aging population,neutral,2023-07
2023-07-16,288895,34,0.00011768981810000173,aging population,neutral,2023-07
2023-07-17,452038,327,0.0007233905114171818,aging population,neutral,2023-07
2023-07-18,489747,212,0.0004328765668804505,aging population,neutral,2023-07
2023-07-19,486941,170,0.000349118271002031,aging population,neutral,2023-07
2023-07-20,476929,162,0.00033967320083282837,aging population,neutral,2023-07
2023-07-21,454340,168,0.0003697671347449047,aging population,neutral,2023-07
2023-07-22,300123,37,0.00012328278739050322,aging population,neutral,2023-07
2023-07-23,292470,55,0.00018805347557014396,aging population,neutral,2023-07
2023-07-24,453290,115,0.00025370072139248604,aging population,neutral,2023-07
2023-07-25,481260,145,0.00030129244067655735,aging population,neutral,2023-07
2023-07-26,491615,260,0.0005288691354006693,aging population,neutral,2023-07
2023-07-27,487834,163,0.0003341300524358696,aging population,neutral,2023-07
2023-07-28,459847,159,0.0003457671790834778,aging population,neutral,2023-07
2023-07-29,299402,35,0.00011689968670883962,aging population,neutral,2023-07
2023-07-30,284070,57,0.00020065476819093885,aging population,neutral,2023-07
2023-07-31,455803,158,0.0003466409830562765,aging population,neutral,2023-07
2023-08-01,477822,164,0.00034322404577436785,aging population,neutral,2023-08
2023-08-02,477375,330,0.0006912804399057345,aging population,neutral,2023-08
2023-08-03,477836,182,0.00038088381787893753,aging population,neutral,2023-08
2023-08-04,448645,94,0.00020951977621504753,aging population,neutral,2023-08
2023-08-05,300483,138,0.00045926059044937653,aging population,neutral,2023-08
2023-08-06,287612,55,0.00019122985132748286,aging population,neutral,2023-08
2023-08-07,440347,131,0.00029749265919831405,aging population,neutral,2023-08
2023-08-08,469410,157,0.0003344624102596877,aging population,neutral,2023-08
2023-08-09,478458,142,0.0002967867608024111,aging population,neutral,2023-08
2023-08-10,476103,109,0.00022894205665580767,aging population,neutral,2023-08
2023-08-11,439680,140,0.00031841339155749636,aging population,neutral,2023-08
2023-08-12,302092,56,0.00018537399202891834,aging population,neutral,2023-08
2023-08-13,287942,51,0.0001771190031325753,aging population,neutral,2023-08
2023-08-14,440043,162,0.0003681458402928805,aging population,neutral,2023-08
2023-08-15,470864,154,0.00032705834381052706,aging population,neutral,2023-08
2023-08-16,468638,174,0.00037128871324988586,aging population,neutral,2023-08
2023-08-17,475136,142,0.0002988617995689655,aging population,neutral,2023-08
2023-08-18,449947,176,0.00039115718073461987,aging population,neutral,2023-08
2023-08-19,313733,59,0.00018805799836166422,aging population,neutral,2023-08
2023-08-20,300751,59,0.0001961755738135534,aging population,neutral,2023-08
2023-08-21,438028,179,0.00040864967536321877,aging population,neutral,2023-08
2023-08-22,401105,124,0.00030914598421859614,aging population,neutral,2023-08
2023-08-23,370413,118,0.00031856333336033023,aging population,neutral,2023-08
2023-08-24,503040,214,0.00042541348600508907,aging population,neutral,2023-08
2023-08-25,456353,211,0.0004623613737611016,aging population,neutral,2023-08
2023-08-26,308918,60,0.00019422629953579914,aging population,neutral,2023-08
2023-08-27,295769,90,0.0003042915248048308,aging population,neutral,2023-08
2023-08-28,448775,275,0.0006127792323547434,aging population,neutral,2023-08
2023-08-29,481751,248,0.0005147887601686348,aging population,neutral,2023-08
2023-08-30,490413,251,0.0005118135122845438,aging population,neutral,2023-08
2023-08-31,497911,142,0.00028519153021323087,aging population,neutral,2023-08
2023-09-01,476936,158,0.0003312813459248201,aging population,neutral,2023-09
2023-09-02,313119,157,0.0005014068133840488,aging population,neutral,2023-09
2023-09-03,311627,87,0.0002791799170161764,aging population,neutral,2023-09
2023-09-04,435333,97,0.0002228179347763666,aging population,neutral,2023-09
2023-09-05,493288,147,0.0002980003567895428,aging population,neutral,2023-09
2023-09-06,510752,142,0.0002780214272288704,aging population,neutral,2023-09
2023-09-07,488234,187,0.0003830130634081199,aging population,neutral,2023-09
2023-09-08,463682,112,0.0002415448518596797,aging population,neutral,2023-09
2023-09-09,321208,39,0.00012141665213817838,aging population,neutral,2023-09
2023-09-10,313055,73,0.00023318586190924917,aging population,neutral,2023-09
2023-09-11,474764,167,0.00035175371342393273,aging population,neutral,2023-09
2023-09-12,501177,216,0.0004309854602266265,aging population,neutral,2023-09
2023-09-13,512947,222,0.0004327932515445065,aging population,neutral,2023-09
2023-09-14,504052,175,0.0003471864014030298,aging population,neutral,2023-09
2023-09-15,477614,132,0.0002763738081379524,aging population,neutral,2023-09
2023-09-16,313024,83,0.00026515538744633,aging population,neutral,2023-09
2023-09-17,307869,56,0.00018189554648243247,aging population,neutral,2023-09
2023-09-18,467258,223,0.0004772523958926332,aging population,neutral,2023-09
2023-09-19,502742,148,0.00029438558942757915,aging population,neutral,2023-09
2023-09-20,519399,168,0.00032345075751012226,aging population,neutral,2023-09
2023-09-21,511175,171,0.00033452340196605856,aging population,neutral,2023-09
2023-09-22,473154,152,0.00032124847301301477,aging population,neutral,2023-09
2023-09-23,316117,76,0.00024041731384265953,aging population,neutral,2023-09
2023-09-24,279092,38,0.00013615581958637294,aging population,neutral,2023-09
2023-09-25,471557,156,0.00033081896780240774,aging population,neutral,2023-09
2023-09-26,493643,226,0.00045782073279677823,aging population,neutral,2023-09
2023-09-27,505379,140,0.00027701982076817596,aging population,neutral,2023-09
2023-09-28,488069,247,0.0005060759851578363,aging population,neutral,2023-09
2023-09-29,447544,106,0.00023684822051016214,aging population,neutral,2023-09
2023-09-30,315650,63,0.0001995881514335498,aging population,neutral,2023-09
2023-10-01,291636,110,0.00037718251519016857,aging population,neutral,2023-10
2023-10-02,449201,163,0.00036286651187330393,aging population,neutral,2023-10
2023-10-03,405978,103,0.0002537083290227549,aging population,neutral,2023-10
2023-10-04,414982,164,0.00039519786400373994,aging population,neutral,2023-10
2023-10-05,450132,157,0.0003487865781592955,aging population,neutral,2023-10
2023-10-06,377905,266,0.0007038806049139334,aging population,neutral,2023-10
2023-10-07,251209,39,0.00015524921479724053,aging population,neutral,2023-10
2023-10-08,309776,45,0.00014526625690821756,aging population,neutral,2023-10
2023-10-09,440844,128,0.0002903521427080781,aging population,neutral,2023-10
2023-10-10,490873,172,0.00035039613097481427,aging population,neutral,2023-10
2023-10-11,503094,141,0.0002802657157509332,aging population,neutral,2023-10
2023-10-12,487234,258,0.0005295196969012835,aging population,neutral,2023-10
2023-10-13,468088,151,0.0003225889149048897,aging population,neutral,2023-10
2023-10-14,310303,41,0.00013212891915321477,aging population,neutral,2023-10
2023-10-15,229331,45,0.00019622292668675407,aging population,neutral,2023-10
2023-10-16,378908,82,0.00021641137162583003,aging population,neutral,2023-10
2023-10-17,354366,159,0.0004486886439443965,aging population,neutral,2023-10
2023-10-18,454881,161,0.00035393872243509844,aging population,neutral,2023-10
2023-10-19,324728,111,0.00034182454238624324,aging population,neutral,2023-10
2023-10-20,449556,110,0.0002446858678340407,aging population,neutral,2023-10
2023-10-21,300472,48,0.00015974866210495488,aging population,neutral,2023-10
2023-10-22,295955,47,0.00015880792688077578,aging population,neutral,2023-10
2023-10-23,414959,129,0.00031087408635551946,aging population,neutral,2023-10
2023-10-24,417249,198,0.0004745367873859494,aging population,neutral,2023-10
2023-10-25,379766,168,0.0004423776746733515,aging population,neutral,2023-10
2023-10-26,375887,191,0.0005081314331168676,aging population,neutral,2023-10
2023-10-27,474875,160,0.00033693077125559356,aging population,neutral,2023-10
2023-10-28,240563,40,0.00016627660945365663,aging population,neutral,2023-10
2023-10-29,279231,43,0.00015399436309005806,aging population,neutral,2023-10
2023-10-30,325647,115,0.0003531431273741198,aging population,neutral,2023-10
2023-10-31,454676,172,0.00037829135472292356,aging population,neutral,2023-10
2023-11-01,406342,162,0.00039867894532192097,aging population,neutral,2023-11
2023-11-02,313387,103,0.0003286671112713673,aging population,neutral,2023-11
2023-11-03,353019,108,0.0003059325418745167,aging population,neutral,2023-11
2023-11-04,217424,61,0.00028055780410626244,aging population,neutral,2023-11
2023-11-05,238825,50,0.00020935831675913326,aging population,neutral,2023-11
2023-11-06,293997,92,0.00031292836321459064,aging population,neutral,2023-11
2023-11-07,349578,160,0.00045769470618860453,aging population,neutral,2023-11
2023-11-08,395019,160,0.0004050438080193611,aging population,neutral,2023-11
2023-11-09,477530,259,0.0005423743010910309,aging population,neutral,2023-11
2023-11-10,496152,174,0.0003506989793450394,aging population,neutral,2023-11
2023-11-11,372697,75,0.00020123585647322087,aging population,neutral,2023-11
2023-11-12,343914,86,0.00025006251562890725,aging population,neutral,2023-11
2023-11-13,505874,117,0.0002312828886244401,aging population,neutral,2023-11
2023-11-14,531886,176,0.0003308979743779682,aging population,neutral,2023-11
2023-11-15,532214,222,0.0004171254420214425,aging population,neutral,2023-11
2023-11-16,528144,204,0.0003862582931927656,aging population,neutral,2023-11
2023-11-17,518066,237,0.0004574706697602236,aging population,neutral,2023-11
2023-11-18,374406,56,0.00014957025261347307,aging population,neutral,2023-11
2023-11-19,346778,79,0.0002278114528603314,aging population,neutral,2023-11
2023-11-20,489625,165,0.0003369925963747766,aging population,neutral,2023-11
2023-11-21,493213,114,0.00023113745988041678,aging population,neutral,2023-11
2023-11-22,570322,146,0.0002559957357422649,aging population,neutral,2023-11
2023-11-23,510558,104,0.00020369869828697229,aging population,neutral,2023-11
2023-11-24,465253,86,0.00018484566461688585,aging population,neutral,2023-11
2023-11-25,339983,68,0.000200010000500025,aging population,neutral,2023-11
2023-11-26,350990,47,0.00013390694891592353,aging population,neutral,2023-11
2023-11-27,499915,117,0.00023403978676374984,aging population,neutral,2023-11
2023-11-28,531630,165,0.00031036623215394165,aging population,neutral,2023-11
2023-11-29,552523,312,0.0005646823752133395,aging population,neutral,2023-11
2023-11-30,560459,217,0.00038718264850774096,aging population,neutral,2023-11
2023-12-01,521593,214,0.00041028157969911404,aging population,neutral,2023-12
2023-12-02,370071,53,0.0001432157612998587,aging population,neutral,2023-12
2023-12-03,346452,52,0.00015009294216803483,aging population,neutral,2023-12
2023-12-04,508715,188,0.0003695585937116067,aging population,neutral,2023-12
2023-12-05,439522,112,0.00025482228420875406,aging population,neutral,2023-12
2023-12-06,447712,139,0.00031046744335644344,aging population,neutral,2023-12
2023-12-07,444233,186,0.00041869919614256483,aging population,neutral,2023-12
2023-12-08,426877,210,0.0004919449864949388,aging population,neutral,2023-12
2023-12-09,306237,120,0.0003918533684695187,aging population,neutral,2023-12
2023-12-10,301897,171,0.000566418347979609,aging population,neutral,2023-12
2023-12-11,432070,274,0.0006341565024185896,aging population,neutral,2023-12
2023-12-12,453920,148,0.00032604864293267537,aging population,neutral,2023-12
2023-12-13,464155,257,0.0005536943477933018,aging population,neutral,2023-12
2023-12-14,457220,340,0.00074362451336337,aging population,neutral,2023-12
2023-12-15,434987,207,0.00047587629055580974,aging population,neutral,2023-12
2023-12-16,299627,113,0.0003771355718943887,aging population,neutral,2023-12
2023-12-17,289281,77,0.00026617717720831994,aging population,neutral,2023-12
2023-12-18,432847,236,0.0005452272974053187,aging population,neutral,2023-12
2023-12-19,442004,208,0.00047058397661559623,aging population,neutral,2023-12
2023-12-20,453183,268,0.0005913725801718069,aging population,neutral,2023-12
2023-12-21,439238,155,0.0003528838579540022,aging population,neutral,2023-12
2023-12-22,409045,91,0.0002224694104560623,aging population,neutral,2023-12
2023-12-23,284409,30,0.00010548189403288925,aging population,neutral,2023-12
2023-12-24,254126,24,9.444134012261634e-05,aging population,neutral,2023-12
2023-12-25,262260,25,9.532524975215435e-05,aging population,neutral,2023-12
2023-12-26,334738,76,0.00022704323978753533,aging population,neutral,2023-12
2023-12-27,385441,151,0.00039175905002322015,aging population,neutral,2023-12
2023-12-28,390902,125,0.0003197732423983505,aging population,neutral,2023-12
2023-12-29,368395,80,0.0002171582133307998,aging population,neutral,2023-12
2023-12-30,276938,42,0.00015165849395893665,aging population,neutral,2023-12
2023-12-31,253133,29,0.00011456428043755654,aging population,neutral,2023-12
2023-01-01,386660,242,0.0006258728598768944,older adults,neutral,2023-01
2023-01-02,376736,248,0.0006582859084345536,older adults,neutral,2023-01
2023-01-03,463750,501,0.0010803234501347708,older adults,neutral,2023-01
2023-01-04,476285,323,0.000678165384171242,older adults,neutral,2023-01
2023-01-05,513716,441,0.0008584509729111027,older adults,neutral,2023-01
2023-01-06,446257,441,0.0009882197926307037,older adults,neutral,2023-01
2023-01-07,338006,401,0.0011863694727312533,older adults,neutral,2023-01
2023-01-08,321144,262,0.0008158333956106917,older adults,neutral,2023-01
2023-01-09,516613,643,0.001244645411555652,older adults,neutral,2023-01
2023-01-10,518847,536,0.001033059842304186,older adults,neutral,2023-01
2023-01-11,555868,530,0.0009534637719746414,older adults,neutral,2023-01
2023-01-12,526056,515,0.000978983226120413,older adults,neutral,2023-01
2023-01-13,488831,448,0.0009164721549983532,older adults,neutral,2023-01
2023-01-14,322746,277,0.000858260055895348,older adults,neutral,2023-01
2023-01-15,311609,214,0.0006867580846509568,older adults,neutral,2023-01
2023-01-16,460938,389,0.0008439312879389419,older adults,neutral,2023-01
2023-01-17,508077,472,0.0009289930463295918,older adults,neutral,2023-01
2023-01-18,524187,487,0.0009290577599215547,older adults,neutral,2023-01
2023-01-19,517612,674,0.0013021336445059233,older adults,neutral,2023-01
2023-01-20,483858,342,0.0007068189427476656,older adults,neutral,2023-01
2023-01-21,325412,189,0.0005808021830786818,older adults,neutral,2023-01
2023-01-22,311528,221,0.000709406538096094,older adults,neutral,2023-01
2023-01-23,474487,460,0.0009694680781559875,older adults,neutral,2023-01
2023-01-24,503497,513,0.0010188739952770324,older adults,neutral,2023-01
2023-01-25,513829,520,0.0010120098320647532,older adults,neutral,2023-01
2023-01-26,504774,606,0.0012005372701446588,older adults,neutral,2023-01
2023-01-27,478129,467,0.0009767238548592536,older adults,neutral,2023-01
2023-01-28,327154,220,0.0006724661780079106,older adults,neutral,2023-01
2023-01-29,337263,200,0.0005930090167020989,older adults,neutral,2023-01
2023-01-30,498506,461,0.0009247631924189478,older adults,neutral,2023-01
2023-01-31,520924,475,0.0009118412666722977,older adults,neutral,2023-01
2023-02-01,545720,546,0.001000513083632632,older adults,neutral,2023-02
2023-02-02,521178,537,0.0010303581501905298,older adults,neutral,2023-02
2023-02-03,479265,474,0.0009890144283434008,older adults,neutral,2023-02
2023-02-04,336576,273,0.0008111095265259555,older adults,neutral,2023-02
2023-02-05,313435,204,0.0006508526488745673,older adults,neutral,2023-02
2023-02-06,489890,514,0.0010492151299271264,older adults,neutral,2023-02
2023-02-07,509337,597,0.0011721119808692476,older adults,neutral,2023-02
2023-02-08,527289,419,0.000794630648467918,older adults,neutral,2023-02
2023-02-09,519827,673,0.001294661493150606,older adults,neutral,2023-02
2023-02-10,490576,408,0.0008316754182838133,older adults,neutral,2023-02
2023-02-11,321346,183,0.000569479626321784,older adults,neutral,2023-02
2023-02-12,315406,207,0.0006562969632790752,older adults,neutral,2023-02
2023-02-13,484652,367,0.0007572443732822726,older adults,neutral,2023-02
2023-02-14,511527,434,0.0008484400627923844,older adults,neutral,2023-02
2023-02-15,517380,366,0.0007074104140090456,older adults,neutral,2023-02
2023-02-16,519253,528,0.0010168453528434116,older adults,neutral,2023-02
2023-02-17,484478,456,0.000941219209128175,older adults,neutral,2023-02
2023-02-18,321085,418,0.0013018359624398523,older adults,neutral,2023-02
2023-02-19,310960,254,0.0008168253151530744,older adults,neutral,2023-02
2023-02-20,443848,380,0.000856148951893441,older adults,neutral,2023-02
2023-02-21,479395,433,0.0009032217691048092,older adults,neutral,2023-02
2023-02-22,501956,497,0.0009901266246443911,older adults,neutral,2023-02
2023-02-23,496300,505,0.0010175297199274632,older adults,neutral,2023-02
2023-02-24,471742,387,0.0008203636733638302,older adults,neutral,2023-02
2023-02-25,323605,188,0.0005809551768359574,older adults,neutral,2023-02
2023-02-26,307580,242,0.0007867871773197217,older adults,neutral,2023-02
2023-02-27,475064,382,0.0008041021841267703,older adults,neutral,2023-02
2023-02-28,500745,619,0.001236158124394652,older adults,neutral,2023-02
2023-03-01,514545,753,0.0014634288546191295,older adults,neutral,2023-03
2023-03-02,510532,517,0.0010126691372920797,older adults,neutral,2023-03
2023-03-03,478228,516,0.0010789832464849403,older adults,neutral,2023-03
2023-03-04,318967,313,0.000981292735612148,older adults,neutral,2023-03
2023-03-05,306986,196,0.0006384655977797033,older adults,neutral,2023-03
2023-03-06,477110,412,0.000863532518706378,older adults,neutral,2023-03
2023-03-07,491276,728,0.001481855413250393,older adults,neutral,2023-03
2023-03-08,479238,470,0.0009807235653266227,older adults,neutral,2023-03
2023-03-09,500869,745,0.0014874148729508115,older adults,neutral,2023-03
2023-03-10,474747,508,0.0010700436232351125,older adults,neutral,2023-03
2023-03-11,312372,218,0.0006978858540458171,older adults,neutral,2023-03
2023-03-12,313775,188,0.0005991554457812127,older adults,neutral,2023-03
2023-03-13,483073,393,0.0008135416386343265,older adults,neutral,2023-03
2023-03-14,502396,497,0.0009892594686263425,older adults,neutral,2023-03
2023-03-15,512681,588,0.0011469120174143375,older adults,neutral,2023-03
2023-03-16,515796,480,0.0009306004699532373,older adults,neutral,2023-03
2023-03-17,477867,385,0.0008056635005137413,older adults,neutral,2023-03
2023-03-18,312067,201,0.0006440924545049621,older adults,neutral,2023-03
2023-03-19,301941,208,0.0006888763036487261,older adults,neutral,2023-03
2023-03-20,473417,425,0.0008977286409233298,older adults,neutral,2023-03
2023-03-21,486641,372,0.0007644238771496853,older adults,neutral,2023-03
2023-03-22,503482,488,0.0009692501420110352,older adults,neutral,2023-03
2023-03-23,494531,557,0.001126319684711373,older adults,neutral,2023-03
2023-03-24,462455,480,0.0010379388264804142,older adults,neutral,2023-03
2023-03-25,309743,210,0.0006779814233090014,older adults,neutral,2023-03
2023-03-26,299147,194,0.0006485105984683115,older adults,neutral,2023-03
2023-03-27,475695,518,0.001088933034822733,older adults,neutral,2023-03
2023-03-28,490819,699,0.0014241502468323353,older adults,neutral,2023-03
2023-03-29,497556,652,0.0013104052609153542,older adults,neutral,2023-03
2023-03-30,420677,482,0.0011457721719989446,older adults,neutral,2023-03
2023-03-31,449869,506,0.001124771878035606,older adults,neutral,2023-03
2023-04-01,315540,238,0.0007542625340685808,older adults,neutral,2023-04
2023-04-02,309179,166,0.0005369058053748799,older adults,neutral,2023-04
2023-04-03,476836,521,0.001092618845892508,older adults,neutral,2023-04
2023-04-04,487193,419,0.000860028777096551,older adults,neutral,2023-04
2023-04-05,488458,496,0.0010154404268125407,older adults,neutral,2023-04
2023-04-06,459113,505,0.00109994707185377,older adults,neutral,2023-04
2023-04-07,389270,584,0.001500244046548668,older adults,neutral,2023-04
2023-04-08,290669,197,0.0006777468529495749,older adults,neutral,2023-04
2023-04-09,273774,154,0.0005625077618765843,older adults,neutral,2023-04
2023-04-10,405537,479,0.001181149932065385,older adults,neutral,2023-04
2023-04-11,477794,710,0.0014859960568780687,older adults,neutral,2023-04
2023-04-12,488672,461,0.0009433730600484579,older adults,neutral,2023-04
2023-04-13,490386,455,0.0009278405174699114,older adults,neutral,2023-04
2023-04-14,456649,342,0.0007489340828513804,older adults,neutral,2023-04
2023-04-15,304282,165,0.000542260140264623,older adults,neutral,2023-04
2023-04-16,294116,206,0.0007004039222619647,older adults,neutral,2023-04
2023-04-17,449839,409,0.0009092141855197082,older adults,neutral,2023-04
2023-04-18,487585,683,0.0014007814022170494,older adults,neutral,2023-04
2023-04-19,495117,717,0.0014481425602433365,older adults,neutral,2023-04
2023-04-20,505072,710,0.0014057401716982925,older adults,neutral,2023-04
2023-04-21,442165,660,0.0014926554566734138,older adults,neutral,2023-04
2023-04-22,291122,278,0.0009549261134507183,older adults,neutral,2023-04
2023-04-23,285319,191,0.0006694261510800192,older adults,neutral,2023-04
2023-04-24,453171,403,0.0008892890321754922,older adults,neutral,2023-04
2023-04-25,478078,383,0.0008011245026962127,older adults,neutral,2023-04
2023-04-26,499642,501,0.0010027179460493714,older adults,neutral,2023-04
2023-04-27,503305,460,0.0009139587327763484,older adults,neutral,2023-04
2023-04-28,477911,469,0.0009813542688910696,older adults,neutral,2023-04
2023-04-29,312100,251,0.0008042294136494713,older adults,neutral,2023-04
2023-04-30,292074,184,0.000629977334511117,older adults,neutral,2023-04
2023-05-01,382308,514,0.0013444657187398643,older adults,neutral,2023-05
2023-05-02,472981,438,0.0009260414266112169,older adults,neutral,2023-05
2023-05-03,496390,793,0.0015975341969016298,older adults,neutral,2023-05
2023-05-04,496481,789,0.0015891846817904412,older adults,neutral,2023-05
2023-05-05,463524,514,0.0011088961952347668,older adults,neutral,2023-05
2023-05-06,318236,148,0.00046506366344473913,older adults,neutral,2023-05
2023-05-07,305413,264,0.0008644032834227751,older adults,neutral,2023-05
2023-05-08,460286,541,0.0011753561915852319,older adults,neutral,2023-05
2023-05-09,488772,756,0.0015467334462694261,older adults,neutral,2023-05
2023-05-10,520267,509,0.0009783438119273372,older adults,neutral,2023-05
2023-05-11,499831,483,0.0009663266183970182,older adults,neutral,2023-05
2023-05-12,475520,464,0.0009757738896366084,older adults,neutral,2023-05
2023-05-13,290386,163,0.0005613218268098324,older adults,neutral,2023-05
2023-05-14,247082,188,0.0007608810030678074,older adults,neutral,2023-05
2023-05-15,476911,547,0.0011469645279727245,older adults,neutral,2023-05
2023-05-16,508558,553,0.001087388262499066,older adults,neutral,2023-05
2023-05-17,516177,635,0.001230198168457719,older adults,neutral,2023-05
2023-05-18,491864,685,0.0013926613860741994,older adults,neutral,2023-05
2023-05-19,475987,505,0.0010609533453644743,older adults,neutral,2023-05
2023-05-20,313906,240,0.0007645600912375043,older adults,neutral,2023-05
2023-05-21,305588,286,0.0009359006243700669,older adults,neutral,2023-05
2023-05-22,478952,486,0.0010147154620922347,older adults,neutral,2023-05
2023-05-23,502427,621,0.0012360004537972681,older adults,neutral,2023-05
2023-05-24,515438,734,0.0014240316003088635,older adults,neutral,2023-05
2023-05-25,506377,661,0.0013053515463775014,older adults,neutral,2023-05
2023-05-26,476611,498,0.0010448772688838486,older adults,neutral,2023-05
2023-05-27,315199,204,0.0006472101751591852,older adults,neutral,2023-05
2023-05-28,311410,260,0.0008349121736617322,older adults,neutral,2023-05
2023-05-29,422001,361,0.0008554482098383653,older adults,neutral,2023-05
2023-05-30,492310,515,0.0010460888464585323,older adults,neutral,2023-05
2023-05-31,511821,549,0.001072640630220331,older adults,neutral,2023-05
2023-06-01,520029,596,0.00114608992960008,older adults,neutral,2023-06
2023-06-02,471163,628,0.001332872063383585,older adults,neutral,2023-06
2023-06-03,316228,532,0.0016823304704200767,older adults,neutral,2023-06
2023-06-04,302435,189,0.0006249276704085175,older adults,neutral,2023-06
2023-06-05,478406,447,0.0009343528300230348,older adults,neutral,2023-06
2023-06-06,497032,715,0.0014385391685042411,older adults,neutral,2023-06
2023-06-07,511926,1089,0.0021272605806307945,older adults,neutral,2023-06
2023-06-08,485205,946,0.0019496913675662864,older adults,neutral,2023-06
2023-06-09,469746,563,0.0011985200512617457,older adults,neutral,2023-06
2023-06-10,309255,221,0.0007146206205235162,older adults,neutral,2023-06
2023-06-11,301437,281,0.0009322014218559765,older adults,neutral,2023-06
2023-06-12,469490,591,0.0012588127542652666,older adults,neutral,2023-06
2023-06-13,507360,457,0.0009007410911384421,older adults,neutral,2023-06
2023-06-14,513410,819,0.0015952162988644553,older adults,neutral,2023-06
2023-06-15,512254,941,0.0018369793110449113,older adults,neutral,2023-06
2023-06-16,479492,509,0.0010615401299708858,older adults,neutral,2023-06
2023-06-17,313647,183,0.0005834584740169682,older adults,neutral,2023-06
2023-06-18,297948,198,0.0006645454911595312,older adults,neutral,2023-06
2023-06-19,454954,305,0.0006703974467748388,older adults,neutral,2023-06
2023-06-20,501975,545,0.0010857114398127397,older adults,neutral,2023-06
2023-06-21,511651,644,0.0012586704609196502,older adults,neutral,2023-06
2023-06-22,500891,653,0.0013036768478571186,older adults,neutral,2023-06
2023-06-23,462693,398,0.0008601815890882292,older adults,neutral,2023-06
2023-06-24,311142,181,0.0005817279570099825,older adults,neutral,2023-06
2023-06-25,294103,258,0.0008772436867355995,older adults,neutral,2023-06
2023-06-26,466890,499,0.0010687742294758938,older adults,neutral,2023-06
2023-06-27,488208,635,0.0013006751220791138,older adults,neutral,2023-06
2023-06-28,487306,1253,0.0025712796476956984,older adults,neutral,2023-06
2023-06-29,476127,815,0.0017117281733655097,older adults,neutral,2023-06
2023-06-30,457265,488,0.0010672148535313221,older adults,neutral,2023-06
2023-07-01,303381,281,0.000926228076247359,older adults,neutral,2023-07
2023-07-02,284625,200,0.0007026789635485288,older adults,neutral,2023-07
2023-07-03,445952,408,0.0009148966704936854,older adults,neutral,2023-07
2023-07-04,455884,309,0.0006778040027726352,older adults,neutral,2023-07
2023-07-05,501180,542,0.0010814477832315735,older adults,neutral,2023-07
2023-07-06,493339,554,0.001122960074107257,older adults,neutral,2023-07
2023-07-07,463370,611,0.0013186006862766257,older adults,neutral,2023-07
2023-07-08,305403,195,0.0006385006041198023,older adults,neutral,2023-07
2023-07-09,291177,232,0.0007967662281018075,older adults,neutral,2023-07
2023-07-10,454453,414,0.0009109852944088828,older adults,neutral,2023-07
2023-07-11,492786,460,0.0009334680774210306,older adults,neutral,2023-07
2023-07-12,495376,403,0.0008135234650043603,older adults,neutral,2023-07
2023-07-13,488915,459,0.0009388134951883252,older adults,neutral,2023-07
2023-07-14,449795,502,0.001116063984704143,older adults,neutral,2023-07
2023-07-15,300453,226,0.0007521975150855542,older adults,neutral,2023-07
2023-07-16,288895,292,0.0010107478495647206,older adults,neutral,2023-07
2023-07-17,452038,891,0.001971073228356908,older adults,neutral,2023-07
2023-07-18,489747,560,0.0011434475351559071,older adults,neutral,2023-07
2023-07-19,486941,503,0.0010329793547883624,older adults,neutral,2023-07
2023-07-20,476929,525,0.0011007927804767587,older adults,neutral,2023-07
2023-07-21,454340,417,0.0009178148523132456,older adults,neutral,2023-07
2023-07-22,300123,208,0.0006930491831682343,older adults,neutral,2023-07
2023-07-23,292470,247,0.0008445310630150101,older adults,neutral,2023-07
2023-07-24,453290,607,0.0013390985903064263,older adults,neutral,2023-07
2023-07-25,481260,531,0.0011033536965465653,older adults,neutral,2023-07
2023-07-26,491615,495,0.0010068854693205049,older adults,neutral,2023-07
2023-07-27,487834,538,0.0011028341608006003,older adults,neutral,2023-07
2023-07-28,459847,491,0.0010677464461005509,older adults,neutral,2023-07
2023-07-29,299402,283,0.0009452174668171889,older adults,neutral,2023-07
2023-07-30,284070,215,0.0007568557045798571,older adults,neutral,2023-07
2023-07-31,455803,523,0.0011474255325217254,older adults,neutral,2023-07
2023-08-01,477822,390,0.000816203523487826,older adults,neutral,2023-08
2023-08-02,477375,563,0.0011793663262634198,older adults,neutral,2023-08
2023-08-03,477836,733,0.0015339991126662705,older adults,neutral,2023-08
2023-08-04,448645,774,0.0017251947530898596,older adults,neutral,2023-08
2023-08-05,300483,297,0.0009884086620540928,older adults,neutral,2023-08
2023-08-06,287612,152,0.0005284897709414072,older adults,neutral,2023-08
2023-08-07,440347,426,0.0009674188764769602,older adults,neutral,2023-08
2023-08-08,469410,498,0.0010609062440084362,older adults,neutral,2023-08
2023-08-09,478458,535,0.001118175472037253,older adults,neutral,2023-08
2023-08-10,476103,615,0.0012917372921405661,older adults,neutral,2023-08
2023-08-11,439680,429,0.0009757096069868996,older adults,neutral,2023-08
2023-08-12,302092,305,0.0010096262065860731,older adults,neutral,2023-08
2023-08-13,287942,158,0.0005487216175479784,older adults,neutral,2023-08
2023-08-14,440043,519,0.0011794301920494135,older adults,neutral,2023-08
2023-08-15,470864,507,0.0010767440279995921,older adults,neutral,2023-08
2023-08-16,468638,621,0.001325116614529765,older adults,neutral,2023-08
2023-08-17,475136,640,0.0013469827586206897,older adults,neutral,2023-08
2023-08-18,449947,620,0.0013779400684969564,older adults,neutral,2023-08
2023-08-19,313733,191,0.0006087979268996249,older adults,neutral,2023-08
2023-08-20,300751,186,0.0006184518089715412,older adults,neutral,2023-08
2023-08-21,438028,605,0.0013811902435460746,older adults,neutral,2023-08
2023-08-22,401105,351,0.0008750825843607036,older adults,neutral,2023-08
2023-08-23,370413,514,0.0013876402826034724,older adults,neutral,2023-08
2023-08-24,503040,730,0.001451176844783715,older adults,neutral,2023-08
2023-08-25,456353,539,0.0011811032249158,older adults,neutral,2023-08
2023-08-26,308918,243,0.0007866165131199866,older adults,neutral,2023-08
2023-08-27,295769,276,0.0009331606760681478,older adults,neutral,2023-08
2023-08-28,448775,672,0.0014974096150632277,older adults,neutral,2023-08
2023-08-29,481751,591,0.0012267748276599323,older adults,neutral,2023-08
2023-08-30,490413,389,0.0007932089891581177,older adults,neutral,2023-08
2023-08-31,497911,929,0.0018657952927330387,older adults,neutral,2023-08
2023-09-01,476936,531,0.0011133569283929081,older adults,neutral,2023-09
2023-09-02,313119,318,0.001015588322650494,older adults,neutral,2023-09
2023-09-03,311627,226,0.0007252259913293778,older adults,neutral,2023-09
2023-09-04,435333,223,0.0005122515407745335,older adults,neutral,2023-09
2023-09-05,493288,602,0.0012203824135190802,older adults,neutral,2023-09
2023-09-06,510752,1217,0.00238276110519391,older adults,neutral,2023-09
2023-09-07,488234,578,0.0011838585596250979,older adults,neutral,2023-09
2023-09-08,463682,404,0.0008712867870652732,older adults,neutral,2023-09
2023-09-09,321208,1003,0.00312258723319469,older adults,neutral,2023-09
2023-09-10,313055,251,0.0008017760457427608,older adults,neutral,2023-09
2023-09-11,474764,573,0.0012069154358797212,older adults,neutral,2023-09
2023-09-12,501177,730,0.0014565712313214692,older adults,neutral,2023-09
2023-09-13,512947,590,0.0011502162991498146,older adults,neutral,2023-09
2023-09-14,504052,490,0.0009721219239284836,older adults,neutral,2023-09
2023-09-15,477614,390,0.0008165589785894048,older adults,neutral,2023-09
2023-09-16,313024,221,0.0007060161521161317,older adults,neutral,2023-09
2023-09-17,307869,204,0.0006626194907574326,older adults,neutral,2023-09
2023-09-18,467258,342,0.0007319296833869083,older adults,neutral,2023-09
2023-09-19,502742,414,0.000823484013669039,older adults,neutral,2023-09
2023-09-20,519399,558,0.0010743185874443346,older adults,neutral,2023-09
2023-09-21,511175,439,0.000858805692766665,older adults,neutral,2023-09
2023-09-22,473154,470,0.00099333409418498,older adults,neutral,2023-09
2023-09-23,316117,378,0.0011957597977963856,older adults,neutral,2023-09
2023-09-24,279092,235,0.0008420162527052012,older adults,neutral,2023-09
2023-09-25,471557,666,0.0014123425163872023,older adults,neutral,2023-09
2023-09-26,493643,505,0.0010230065047007655,older adults,neutral,2023-09
2023-09-27,505379,550,0.0010882921530178341,older adults,neutral,2023-09
2023-09-28,488069,636,0.0013030944395157242,older adults,neutral,2023-09
2023-09-29,447544,686,0.0015328101817921813,older adults,neutral,2023-09
2023-09-30,315650,260,0.0008236971329003643,older adults,neutral,2023-09
2023-10-01,291636,260,0.0008915223086313075,older adults,neutral,2023-10
2023-10-02,449201,403,0.0008971484925456533,older adults,neutral,2023-10
2023-10-03,405978,442,0.0010887289459034727,older adults,neutral,2023-10
2023-10-04,414982,444,0.00106992592449793,older adults,neutral,2023-10
2023-10-05,450132,381,0.0008464183839407108,older adults,neutral,2023-10
2023-10-06,377905,418,0.0011060980934361811,older adults,neutral,2023-10
2023-10-07,251209,177,0.0007045925902336302,older adults,neutral,2023-10
2023-10-08,309776,220,0.0007101905893290636,older adults,neutral,2023-10
2023-10-09,440844,793,0.0017988222591211404,older adults,neutral,2023-10
2023-10-10,490873,632,0.001287502062651643,older adults,neutral,2023-10
2023-10-11,503094,860,0.0017094220960695219,older adults,neutral,2023-10
2023-10-12,487234,655,0.0013443232615129486,older adults,neutral,2023-10
2023-10-13,468088,456,0.0009741757960041701,older adults,neutral,2023-10
2023-10-14,310303,271,0.0008733399290371025,older adults,neutral,2023-10
2023-10-15,229331,156,0.0006802394791807475,older adults,neutral,2023-10
2023-10-16,378908,397,0.00104774773823725,older adults,neutral,2023-10
2023-10-17,354366,360,0.001015898816477879,older adults,neutral,2023-10
2023-10-18,454881,351,0.0007716303824516742,older adults,neutral,2023-10
2023-10-19,324728,718,0.002211081274174078,older adults,neutral,2023-10
2023-10-20,449556,623,0.0013858117787327942,older adults,neutral,2023-10
2023-10-21,300472,203,0.0006756037168188716,older adults,neutral,2023-10
2023-10-22,295955,304,0.001027183186633103,older adults,neutral,2023-10
2023-10-23,414959,308,0.0007422420046317829,older adults,neutral,2023-10
2023-10-24,417249,490,0.0011743587162581575,older adults,neutral,2023-10
2023-10-25,379766,410,0.0010796121822385363,older adults,neutral,2023-10
2023-10-26,375887,489,0.001300922883738996,older adults,neutral,2023-10
2023-10-27,474875,800,0.001684653856277968,older adults,neutral,2023-10
2023-10-28,240563,203,0.0008438537929773074,older adults,neutral,2023-10
2023-10-29,279231,156,0.0005586772242336989,older adults,neutral,2023-10
2023-10-30,325647,428,0.0013143065957923765,older adults,neutral,2023-10
2023-10-31,454676,606,0.001332817214895882,older adults,neutral,2023-10
2023-11-01,406342,554,0.001363383553755211,older adults,neutral,2023-11
2023-11-02,313387,288,0.0009189915344286776,older adults,neutral,2023-11
2023-11-03,353019,307,0.0008696415773655242,older adults,neutral,2023-11
2023-11-04,217424,150,0.0006898962396055633,older adults,neutral,2023-11
2023-11-05,238825,137,0.0005736417879200251,older adults,neutral,2023-11
2023-11-06,293997,386,0.0013129385674003477,older adults,neutral,2023-11
2023-11-07,349578,434,0.00124149689053659,older adults,neutral,2023-11
2023-11-08,395019,444,0.001123996567253727,older adults,neutral,2023-11
2023-11-09,477530,544,0.001139195443218227,older adults,neutral,2023-11
2023-11-10,496152,490,0.0009876005740176398,older adults,neutral,2023-11
2023-11-11,372697,237,0.000635905306455378,older adults,neutral,2023-11
2023-11-12,343914,233,0.0006774949551341323,older adults,neutral,2023-11
2023-11-13,505874,733,0.001448977413347988,older adults,neutral,2023-11
2023-11-14,531886,553,0.0010396964763125932,older adults,neutral,2023-11
2023-11-15,532214,465,0.0008737086961259945,older adults,neutral,2023-11
2023-11-16,528144,736,0.0013935593323033111,older adults,neutral,2023-11
2023-11-17,518066,712,0.0013743422652712203,older adults,neutral,2023-11
2023-11-18,374406,272,0.0007264840841225835,older adults,neutral,2023-11
2023-11-19,346778,268,0.0007728287261590989,older adults,neutral,2023-11
2023-11-20,489625,532,0.0010865458258871585,older adults,neutral,2023-11
2023-11-21,493213,620,0.0012570633782970034,older adults,neutral,2023-11
2023-11-22,570322,675,0.0011835419289454028,older adults,neutral,2023-11
2023-11-23,510558,588,0.0011516811018532664,older adults,neutral,2023-11
2023-11-24,465253,885,0.0019021908509993487,older adults,neutral,2023-11
2023-11-25,339983,689,0.0020265719168311358,older adults,neutral,2023-11
2023-11-26,350990,197,0.0005612695518390837,older adults,neutral,2023-11
2023-11-27,499915,399,0.0007981356830661212,older adults,neutral,2023-11
2023-11-28,531630,618,0.0011624626149765816,older adults,neutral,2023-11
2023-11-29,552523,918,0.0016614692963007876,older adults,neutral,2023-11
2023-11-30,560459,951,0.0016968234964555838,older adults,neutral,2023-11
2023-12-01,521593,593,0.0011369017605681057,older adults,neutral,2023-12
2023-12-02,370071,221,0.0005971827027786559,older adults,neutral,2023-12
2023-12-03,346452,164,0.00047337004837610984,older adults,neutral,2023-12
2023-12-04,508715,368,0.0007233912898184641,older adults,neutral,2023-12
2023-12-05,439522,379,0.0008623004081706945,older adults,neutral,2023-12
2023-12-06,447712,470,0.0010497820027160318,older adults,neutral,2023-12
2023-12-07,444233,426,0.0009589562234232936,older adults,neutral,2023-12
2023-12-08,426877,446,0.0010447974475082987,older adults,neutral,2023-12
2023-12-09,306237,278,0.000907793636954385,older adults,neutral,2023-12
2023-12-10,301897,290,0.0009605925199654186,older adults,neutral,2023-12
2023-12-11,432070,548,0.0012683130048371791,older adults,neutral,2023-12
2023-12-12,453920,430,0.0009473034896016919,older adults,neutral,2023-12
2023-12-13,464155,321,0.00069157932156284,older adults,neutral,2023-12
2023-12-14,457220,374,0.0008179869646997069,older adults,neutral,2023-12
2023-12-15,434987,352,0.0008092195858726812,older adults,neutral,2023-12
2023-12-16,299627,240,0.0008009959049084361,older adults,neutral,2023-12
2023-12-17,289281,262,0.000905693771799738,older adults,neutral,2023-12
2023-12-18,432847,313,0.0007231192546095965,older adults,neutral,2023-12
2023-12-19,442004,395,0.0008936570709767332,older adults,neutral,2023-12
2023-12-20,453183,462,0.0010194557165648314,older adults,neutral,2023-12
2023-12-21,439238,512,0.0011656550662738651,older adults,neutral,2023-12
2023-12-22,409045,536,0.0013103692747741692,older adults,neutral,2023-12
2023-12-23,284409,240,0.000843855152263114,older adults,neutral,2023-12
2023-12-24,254126,213,0.00083816689358822,older adults,neutral,2023-12
2023-12-25,262260,152,0.0005795775184930985,older adults,neutral,2023-12
2023-12-26,334738,293,0.0008753114376019454,older adults,neutral,2023-12
2023-12-27,385441,440,0.0011415495497365355,older adults,neutral,2023-12
2023-12-28,390902,486,0.0012432783664447866,older adults,neutral,2023-12
2023-12-29,368395,389,0.001055931812321014,older adults,neutral,2023-12
2023-12-30,276938,178,0.0006427431410640649,older adults,neutral,2023-12
2023-12-31,253133,173,0.000683435190196458,older adults,neutral,2023-12
2023-01-01,386660,276,0.000713805410438111,senior citizens,neutral,2023-01
2023-01-02,376736,312,0.0008281661428692771,senior citizens,neutral,2023-01
2023-01-03,463750,384,0.0008280323450134771,senior citizens,neutral,2023-01
2023-01-04,476285,403,0.0008461320427895063,senior citizens,neutral,2023-01
2023-01-05,513716,504,0.0009810868261841174,senior citizens,neutral,2023-01
2023-01-06,446257,468,0.001048723045240747,senior citizens,neutral,2023-01
2023-01-07,338006,329,0.0009733555025650433,senior citizens,neutral,2023-01
2023-01-08,321144,462,0.0014386069800463343,senior citizens,neutral,2023-01
2023-01-09,516613,532,0.001029784384055376,senior citizens,neutral,2023-01
2023-01-10,518847,500,0.0009636752260300242,senior citizens,neutral,2023-01
2023-01-11,555868,547,0.0009840465722077904,senior citizens,neutral,2023-01
2023-01-12,526056,753,0.001431406542269264,senior citizens,neutral,2023-01
2023-01-13,488831,638,0.0013051545421628333,senior citizens,neutral,2023-01
2023-01-14,322746,368,0.0011402155255216175,senior citizens,neutral,2023-01
2023-01-15,311609,490,0.0015724834648549945,senior citizens,neutral,2023-01
2023-01-16,460938,506,0.0010977615210722483,senior citizens,neutral,2023-01
2023-01-17,508077,578,0.0011376228406324237,senior citizens,neutral,2023-01
2023-01-18,524187,548,0.0010454284444291826,senior citizens,neutral,2023-01
2023-01-19,517612,541,0.001045184423854161,senior citizens,neutral,2023-01
2023-01-20,483858,434,0.0008969573717908973,senior citizens,neutral,2023-01
2023-01-21,325412,290,0.0008911779528720514,senior citizens,neutral,2023-01
2023-01-22,311528,337,0.0010817647209881616,senior citizens,neutral,2023-01
2023-01-23,474487,462,0.0009736831567566656,senior citizens,neutral,2023-01
2023-01-24,503497,665,0.0013207625864702273,senior citizens,neutral,2023-01
2023-01-25,513829,791,0.0015394226483908071,senior citizens,neutral,2023-01
2023-01-26,504774,588,0.0011648777472690749,senior citizens,neutral,2023-01
2023-01-27,478129,517,0.0010812981433880814,senior citizens,neutral,2023-01
2023-01-28,327154,294,0.0008986593469742078,senior citizens,neutral,2023-01
2023-01-29,337263,476,0.0014113614597509956,senior citizens,neutral,2023-01
2023-01-30,498506,573,0.0011494345103168267,senior citizens,neutral,2023-01
2023-01-31,520924,552,0.0010596555351644386,senior citizens,neutral,2023-01
2023-02-01,545720,750,0.0013743311588360332,senior citizens,neutral,2023-02
2023-02-02,521178,644,0.001235662288124211,senior citizens,neutral,2023-02
2023-02-03,479265,717,0.0014960408124941316,senior citizens,neutral,2023-02
2023-02-04,336576,422,0.001253803004373455,senior citizens,neutral,2023-02
2023-02-05,313435,297,0.0009475648858615023,senior citizens,neutral,2023-02
2023-02-06,489890,461,0.0009410275776194656,senior citizens,neutral,2023-02
2023-02-07,509337,591,0.001160331960961014,senior citizens,neutral,2023-02
2023-02-08,527289,668,0.0012668574538820267,senior citizens,neutral,2023-02
2023-02-09,519827,549,0.001056120593966839,senior citizens,neutral,2023-02
2023-02-10,490576,525,0.001070170574997554,senior citizens,neutral,2023-02
2023-02-11,321346,248,0.0007717538105344395,senior citizens,neutral,2023-02
2023-02-12,315406,246,0.00077994711578093,senior citizens,neutral,2023-02
2023-02-13,484652,394,0.0008129544497907777,senior citizens,neutral,2023-02
2023-02-14,511527,521,0.0010185190615549131,senior citizens,neutral,2023-02
2023-02-15,517380,507,0.000979937376783022,senior citizens,neutral,2023-02
2023-02-16,519253,593,0.0011420251784775438,senior citizens,neutral,2023-02
2023-02-17,484478,609,0.0012570230227172338,senior citizens,neutral,2023-02
2023-02-18,321085,316,0.000984163072083716,senior citizens,neutral,2023-02
2023-02-19,310960,308,0.000990481090815539,senior citizens,neutral,2023-02
2023-02-20,443848,597,0.001345055063895748,senior citizens,neutral,2023-02
2023-02-21,479395,504,0.001051325107687815,senior citizens,neutral,2023-02
2023-02-22,501956,424,0.0008446955510044705,senior citizens,neutral,2023-02
2023-02-23,496300,581,0.0011706629055007053,senior citizens,neutral,2023-02
2023-02-24,471742,432,0.000915754798173578,senior citizens,neutral,2023-02
2023-02-25,323605,259,0.0008003584617048562,senior citizens,neutral,2023-02
2023-02-26,307580,285,0.0009265882046947135,senior citizens,neutral,2023-02
2023-02-27,475064,480,0.00101039017900746,senior citizens,neutral,2023-02
2023-02-28,500745,518,0.0010344586566016635,senior citizens,neutral,2023-02
2023-03-01,514545,514,0.0009989408117851695,senior citizens,neutral,2023-03
2023-03-02,510532,448,0.0008775160029146068,senior citizens,neutral,2023-03
2023-03-03,478228,430,0.0008991527054041169,senior citizens,neutral,2023-03
2023-03-04,318967,246,0.0007712396580210492,senior citizens,neutral,2023-03
2023-03-05,306986,229,0.0007459623565895514,senior citizens,neutral,2023-03
2023-03-06,477110,405,0.0008488608496992308,senior citizens,neutral,2023-03
2023-03-07,491276,671,0.0013658310196305132,senior citizens,neutral,2023-03
2023-03-08,479238,599,0.0012499008843205254,senior citizens,neutral,2023-03
2023-03-09,500869,646,0.0012897583999009722,senior citizens,neutral,2023-03
2023-03-10,474747,433,0.0009120647418519759,senior citizens,neutral,2023-03
2023-03-11,312372,253,0.0008099317480439988,senior citizens,neutral,2023-03
2023-03-12,313775,253,0.0008063102541630149,senior citizens,neutral,2023-03
2023-03-13,483073,456,0.0009439567104764704,senior citizens,neutral,2023-03
2023-03-14,502396,439,0.0008738126895914776,senior citizens,neutral,2023-03
2023-03-15,512681,427,0.0008328765840746975,senior citizens,neutral,2023-03
2023-03-16,515796,444,0.0008608054347067445,senior citizens,neutral,2023-03
2023-03-17,477867,481,0.0010065562175249599,senior citizens,neutral,2023-03
2023-03-18,312067,328,0.0010510563436697889,senior citizens,neutral,2023-03
2023-03-19,301941,397,0.0013148264064833859,senior citizens,neutral,2023-03
2023-03-20,473417,452,0.0009547608134055178,senior citizens,neutral,2023-03
2023-03-21,486641,502,0.0010315612535729624,senior citizens,neutral,2023-03
2023-03-22,503482,528,0.0010486968749627594,senior citizens,neutral,2023-03
2023-03-23,494531,469,0.0009483733072345313,senior citizens,neutral,2023-03
2023-03-24,462455,559,0.001208766258338649,senior citizens,neutral,2023-03
2023-03-25,309743,326,0.0010524854476130212,senior citizens,neutral,2023-03
2023-03-26,299147,265,0.0008858521061551679,senior citizens,neutral,2023-03
2023-03-27,475695,881,0.0018520270341290113,senior citizens,neutral,2023-03
2023-03-28,490819,601,0.001224483974744254,senior citizens,neutral,2023-03
2023-03-29,497556,637,0.0012802579006182218,senior citizens,neutral,2023-03
2023-03-30,420677,566,0.0013454503098576818,senior citizens,neutral,2023-03
2023-03-31,449869,475,0.0010558629289859937,senior citizens,neutral,2023-03
2023-04-01,315540,279,0.0008841985168282943,senior citizens,neutral,2023-04
2023-04-02,309179,441,0.0014263581937971207,senior citizens,neutral,2023-04
2023-04-03,476836,500,0.0010485785469217929,senior citizens,neutral,2023-04
2023-04-04,487193,458,0.0009400791883298816,senior citizens,neutral,2023-04
2023-04-05,488458,515,0.001054338346388021,senior citizens,neutral,2023-04
2023-04-06,459113,555,0.0012088527225323613,senior citizens,neutral,2023-04
2023-04-07,389270,468,0.001202250366069823,senior citizens,neutral,2023-04
2023-04-08,290669,336,0.0011559540233048587,senior citizens,neutral,2023-04
2023-04-09,273774,254,0.0009277725423159248,senior citizens,neutral,2023-04
2023-04-10,405537,437,0.0010775835497130965,senior citizens,neutral,2023-04
2023-04-11,477794,487,0.0010192677178867881,senior citizens,neutral,2023-04
2023-04-12,488672,405,0.0008287767664200118,senior citizens,neutral,2023-04
2023-04-13,490386,471,0.0009604678763259963,senior citizens,neutral,2023-04
2023-04-14,456649,614,0.0013445775639495542,senior citizens,neutral,2023-04
2023-04-15,304282,272,0.0008939076251634996,senior citizens,neutral,2023-04
2023-04-16,294116,262,0.0008908049885079357,senior citizens,neutral,2023-04
2023-04-17,449839,481,0.001069271450452273,senior citizens,neutral,2023-04
2023-04-18,487585,449,0.0009208650799347806,senior citizens,neutral,2023-04
2023-04-19,495117,645,0.0013027223868297797,senior citizens,neutral,2023-04
2023-04-20,505072,544,0.0010770741597237621,senior citizens,neutral,2023-04
2023-04-21,442165,484,0.0010946140015605035,senior citizens,neutral,2023-04
2023-04-22,291122,321,0.001102630512293815,senior citizens,neutral,2023-04
2023-04-23,285319,483,0.0016928420469719857,senior citizens,neutral,2023-04
2023-04-24,453171,546,0.001204843204882925,senior citizens,neutral,2023-04
2023-04-25,478078,555,0.001160898430799995,senior citizens,neutral,2023-04
2023-04-26,499642,595,0.0011908526504977564,senior citizens,neutral,2023-04
2023-04-27,503305,637,0.0012656341582142042,senior citizens,neutral,2023-04
2023-04-28,477911,558,0.0011675814116017418,senior citizens,neutral,2023-04
2023-04-29,312100,297,0.0009516180711310478,senior citizens,neutral,2023-04
2023-04-30,292074,340,0.0011640885529009771,senior citizens,neutral,2023-04
2023-05-01,382308,478,0.0012503008045868776,senior citizens,neutral,2023-05
2023-05-02,472981,536,0.0011332379101908956,senior citizens,neutral,2023-05
2023-05-03,496390,566,0.001140232478494732,senior citizens,neutral,2023-05
2023-05-04,496481,483,0.0009728468964572663,senior citizens,neutral,2023-05
2023-05-05,463524,471,0.0010161286146995626,senior citizens,neutral,2023-05
2023-05-06,318236,262,0.0008232883771792003,senior citizens,neutral,2023-05
2023-05-07,305413,302,0.0009888249681578715,senior citizens,neutral,2023-05
2023-05-08,460286,462,0.0010037237717419169,senior citizens,neutral,2023-05
2023-05-09,488772,548,0.0011211771541741343,senior citizens,neutral,2023-05
2023-05-10,520267,642,0.0012339817824309441,senior citizens,neutral,2023-05
2023-05-11,499831,503,0.0010063401429683233,senior citizens,neutral,2023-05
2023-05-12,475520,486,0.0010220390309555855,senior citizens,neutral,2023-05
2023-05-13,290386,302,0.0010399950410832479,senior citizens,neutral,2023-05
2023-05-14,247082,355,0.0014367699791971895,senior citizens,neutral,2023-05
2023-05-15,476911,494,0.0010358326815695172,senior citizens,neutral,2023-05
2023-05-16,508558,508,0.0009989027800172252,senior citizens,neutral,2023-05
2023-05-17,516177,477,0.0009241016163060345,senior citizens,neutral,2023-05
2023-05-18,491864,526,0.0010694012979197503,senior citizens,neutral,2023-05
2023-05-19,475987,527,0.0011071730950635206,senior citizens,neutral,2023-05
2023-05-20,313906,285,0.0009079151083445363,senior citizens,neutral,2023-05
2023-05-21,305588,245,0.0008017330523449874,senior citizens,neutral,2023-05
2023-05-22,478952,453,0.0009458150294810336,senior citizens,neutral,2023-05
2023-05-23,502427,553,0.0011006574089370198,senior citizens,neutral,2023-05
2023-05-24,515438,573,0.0011116758950640037,senior citizens,neutral,2023-05
2023-05-25,506377,524,0.0010348021335882158,senior citizens,neutral,2023-05
2023-05-26,476611,481,0.0010092087677372112,senior citizens,neutral,2023-05
2023-05-27,315199,249,0.0007899771255619466,senior citizens,neutral,2023-05
2023-05-28,311410,287,0.0009216145916958351,senior citizens,neutral,2023-05
2023-05-29,422001,761,0.0018033132622908476,senior citizens,neutral,2023-05
2023-05-30,492310,435,0.0008835896081737116,senior citizens,neutral,2023-05
2023-05-31,511821,484,0.0009456431056951551,senior citizens,neutral,2023-05
2023-06-01,520029,600,0.0011537818083222282,senior citizens,neutral,2023-06
2023-06-02,471163,443,0.0009402266306989301,senior citizens,neutral,2023-06
2023-06-03,316228,259,0.0008190293079676689,senior citizens,neutral,2023-06
2023-06-04,302435,326,0.0010779175690644272,senior citizens,neutral,2023-06
2023-06-05,478406,448,0.0009364431048105584,senior citizens,neutral,2023-06
2023-06-06,497032,460,0.0009254937307859453,senior citizens,neutral,2023-06
2023-06-07,511926,425,0.0008301981145712467,senior citizens,neutral,2023-06
2023-06-08,485205,455,0.0009377479622015437,senior citizens,neutral,2023-06
2023-06-09,469746,447,0.0009515780868809953,senior citizens,neutral,2023-06
2023-06-10,309255,264,0.0008536644516661008,senior citizens,neutral,2023-06
2023-06-11,301437,336,0.0011146607748882852,senior citizens,neutral,2023-06
2023-06-12,469490,389,0.0008285586487465122,senior citizens,neutral,2023-06
2023-06-13,507360,502,0.000989435509303059,senior citizens,neutral,2023-06
2023-06-14,513410,451,0.0008784402329522214,senior citizens,neutral,2023-06
2023-06-15,512254,560,0.0010932076665091928,senior citizens,neutral,2023-06
2023-06-16,479492,530,0.001105336481109174,senior citizens,neutral,2023-06
2023-06-17,313647,360,0.001147787162000593,senior citizens,neutral,2023-06
2023-06-18,297948,462,0.0015506061460389062,senior citizens,neutral,2023-06
2023-06-19,454954,840,0.0018463405091503756,senior citizens,neutral,2023-06
2023-06-20,501975,522,0.00103989242492156,senior citizens,neutral,2023-06
2023-06-21,511651,543,0.00106127027993691,senior citizens,neutral,2023-06
2023-06-22,500891,537,0.0010720895364460532,senior citizens,neutral,2023-06
2023-06-23,462693,653,0.0014113029589814413,senior citizens,neutral,2023-06
2023-06-24,311142,367,0.0011795257470865392,senior citizens,neutral,2023-06
2023-06-25,294103,359,0.0012206607889072875,senior citizens,neutral,2023-06
2023-06-26,466890,442,0.0009466897984535972,senior citizens,neutral,2023-06
2023-06-27,488208,458,0.0009381247337200537,senior citizens,neutral,2023-06
2023-06-28,487306,569,0.0011676441496718693,senior citizens,neutral,2023-06
2023-06-29,476127,510,0.0010711427833330182,senior citizens,neutral,2023-06
2023-06-30,457265,580,0.001268411096410178,senior citizens,neutral,2023-06
2023-07-01,303381,322,0.0010613716745610305,senior citizens,neutral,2023-07
2023-07-02,284625,261,0.00091699604743083,senior citizens,neutral,2023-07
2023-07-03,445952,487,0.0010920457807118255,senior citizens,neutral,2023-07
2023-07-04,455884,383,0.00084012599696414,senior citizens,neutral,2023-07
2023-07-05,501180,515,0.0010275749231812921,senior citizens,neutral,2023-07
2023-07-06,493339,458,0.0009283677146951691,senior citizens,neutral,2023-07
2023-07-07,463370,458,0.00098841098905842,senior citizens,neutral,2023-07
2023-07-08,305403,233,0.0007629263628713536,senior citizens,neutral,2023-07
2023-07-09,291177,310,0.0010646445289291394,senior citizens,neutral,2023-07
2023-07-10,454453,336,0.0007393503838680788,senior citizens,neutral,2023-07
2023-07-11,492786,470,0.0009537608617127922,senior citizens,neutral,2023-07
2023-07-12,495376,435,0.0008781208617292723,senior citizens,neutral,2023-07
2023-07-13,488915,606,0.0012394792550852398,senior citizens,neutral,2023-07
2023-07-14,449795,405,0.0009004101868629042,senior citizens,neutral,2023-07
2023-07-15,300453,233,0.0007754956682076731,senior citizens,neutral,2023-07
2023-07-16,288895,272,0.0009415185448000138,senior citizens,neutral,2023-07
2023-07-17,452038,549,0.0012144996659572867,senior citizens,neutral,2023-07
2023-07-18,489747,494,0.0010086840756553894,senior citizens,neutral,2023-07
2023-07-19,486941,474,0.0009734238850291925,senior citizens,neutral,2023-07
2023-07-20,476929,443,0.0009288594319070553,senior citizens,neutral,2023-07
2023-07-21,454340,464,0.001021261610247832,senior citizens,neutral,2023-07
2023-07-22,300123,279,0.0009296188562689298,senior citizens,neutral,2023-07
2023-07-23,292470,317,0.0010838718501042842,senior citizens,neutral,2023-07
2023-07-24,453290,392,0.0008647885459639524,senior citizens,neutral,2023-07
2023-07-25,481260,424,0.0008810206541162781,senior citizens,neutral,2023-07
2023-07-26,491615,509,0.0010353630381497716,senior citizens,neutral,2023-07
2023-07-27,487834,428,0.0008773476223469459,senior citizens,neutral,2023-07
2023-07-28,459847,387,0.0008415842660711063,senior citizens,neutral,2023-07
2023-07-29,299402,305,0.0010186972698913166,senior citizens,neutral,2023-07
2023-07-30,284070,208,0.0007322138909423734,senior citizens,neutral,2023-07
2023-07-31,455803,526,0.0011540073233392496,senior citizens,neutral,2023-07
2023-08-01,477822,734,0.0015361368877950367,senior citizens,neutral,2023-08
2023-08-02,477375,701,0.0014684472374967268,senior citizens,neutral,2023-08
2023-08-03,477836,553,0.001157300831247541,senior citizens,neutral,2023-08
2023-08-04,448645,469,0.0010453699472857158,senior citizens,neutral,2023-08
2023-08-05,300483,266,0.0008852414279676388,senior citizens,neutral,2023-08
2023-08-06,287612,261,0.0009074725672086005,senior citizens,neutral,2023-08
2023-08-07,440347,441,0.001001482921423332,senior citizens,neutral,2023-08
2023-08-08,469410,432,0.0009203042116699687,senior citizens,neutral,2023-08
2023-08-09,478458,526,0.0010993650435356917,senior citizens,neutral,2023-08
2023-08-10,476103,555,0.0011657141416878281,senior citizens,neutral,2023-08
2023-08-11,439680,418,0.0009506914119359534,senior citizens,neutral,2023-08
2023-08-12,302092,322,0.0010659004541662804,senior citizens,neutral,2023-08
2023-08-13,287942,272,0.000944634683373735,senior citizens,neutral,2023-08
2023-08-14,440043,521,0.0011839752024233995,senior citizens,neutral,2023-08
2023-08-15,470864,475,0.00100878385266234,senior citizens,neutral,2023-08
2023-08-16,468638,452,0.0009644971171778643,senior citizens,neutral,2023-08
2023-08-17,475136,515,0.0010839001885775861,senior citizens,neutral,2023-08
2023-08-18,449947,509,0.0011312443465563721,senior citizens,neutral,2023-08
2023-08-19,313733,317,0.0010104133132313145,senior citizens,neutral,2023-08
2023-08-20,300751,319,0.0010606781024834497,senior citizens,neutral,2023-08
2023-08-21,438028,439,0.0010022190362259946,senior citizens,neutral,2023-08
2023-08-22,401105,361,0.0009000137121202678,senior citizens,neutral,2023-08
2023-08-23,370413,373,0.0010069840961305354,senior citizens,neutral,2023-08
2023-08-24,503040,423,0.0008408874045801527,senior citizens,neutral,2023-08
2023-08-25,456353,412,0.0009028098862065111,senior citizens,neutral,2023-08
2023-08-26,308918,189,0.0006118128435377673,senior citizens,neutral,2023-08
2023-08-27,295769,220,0.0007438237273006975,senior citizens,neutral,2023-08
2023-08-28,448775,395,0.000880173806473177,senior citizens,neutral,2023-08
2023-08-29,481751,356,0.0007389709621775564,senior citizens,neutral,2023-08
2023-08-30,490413,602,0.0012275367904195035,senior citizens,neutral,2023-08
2023-08-31,497911,520,0.00104436335007662,senior citizens,neutral,2023-08
2023-09-01,476936,425,0.0008911048861901807,senior citizens,neutral,2023-09
2023-09-02,313119,222,0.0007089956214729863,senior citizens,neutral,2023-09
2023-09-03,311627,222,0.0007123901330757604,senior citizens,neutral,2023-09
2023-09-04,435333,284,0.0006523741595514239,senior citizens,neutral,2023-09
2023-09-05,493288,379,0.0007683138450560322,senior citizens,neutral,2023-09
2023-09-06,510752,560,0.0010964225299166718,senior citizens,neutral,2023-09
2023-09-07,488234,600,0.001228918920026053,senior citizens,neutral,2023-09
2023-09-08,463682,387,0.0008346237291937147,senior citizens,neutral,2023-09
2023-09-09,321208,225,0.0007004806854125676,senior citizens,neutral,2023-09
2023-09-10,313055,268,0.0008560796026257367,senior citizens,neutral,2023-09
2023-09-11,474764,440,0.0009267762509373077,senior citizens,neutral,2023-09
2023-09-12,501177,608,0.0012131442584156894,senior citizens,neutral,2023-09
2023-09-13,512947,570,0.001111225916127787,senior citizens,neutral,2023-09
2023-09-14,504052,477,0.0009463309341099728,senior citizens,neutral,2023-09
2023-09-15,477614,475,0.0009945269611024803,senior citizens,neutral,2023-09
2023-09-16,313024,310,0.0009903393988959313,senior citizens,neutral,2023-09
2023-09-17,307869,314,0.0010199143142050678,senior citizens,neutral,2023-09
2023-09-18,467258,807,0.0017270972353603362,senior citizens,neutral,2023-09
2023-09-19,502742,576,0.0011457168885830107,senior citizens,neutral,2023-09
2023-09-20,519399,772,0.0014863332428441333,senior citizens,neutral,2023-09
2023-09-21,511175,725,0.0014183009732479093,senior citizens,neutral,2023-09
2023-09-22,473154,478,0.001010241908554086,senior citizens,neutral,2023-09
2023-09-23,316117,320,0.0010122834267059348,senior citizens,neutral,2023-09
2023-09-24,279092,310,0.0011107448439940952,senior citizens,neutral,2023-09
2023-09-25,471557,465,0.000986095000180254,senior citizens,neutral,2023-09
2023-09-26,493643,495,0.0010027489501522355,senior citizens,neutral,2023-09
2023-09-27,505379,513,0.0010150797718148162,senior citizens,neutral,2023-09
2023-09-28,488069,455,0.0009322452358170669,senior citizens,neutral,2023-09
2023-09-29,447544,468,0.001045707237724112,senior citizens,neutral,2023-09
2023-09-30,315650,223,0.000706478694756851,senior citizens,neutral,2023-09
2023-10-01,291636,305,0.0010458242466636492,senior citizens,neutral,2023-10
2023-10-02,449201,394,0.0008771129182704401,senior citizens,neutral,2023-10
2023-10-03,405978,657,0.0016183142928927184,senior citizens,neutral,2023-10
2023-10-04,414982,498,0.001200052050450381,senior citizens,neutral,2023-10
2023-10-05,450132,398,0.0008841850834866217,senior citizens,neutral,2023-10
2023-10-06,377905,361,0.0009552665352403381,senior citizens,neutral,2023-10
2023-10-07,251209,469,0.0018669713266642517,senior citizens,neutral,2023-10
2023-10-08,309776,646,0.002085377821393523,senior citizens,neutral,2023-10
2023-10-09,440844,975,0.002211666712034189,senior citizens,neutral,2023-10
2023-10-10,490873,862,0.0017560550284900576,senior citizens,neutral,2023-10
2023-10-11,503094,1166,0.002317658330252398,senior citizens,neutral,2023-10
2023-10-12,487234,1083,0.0022227512858298067,senior citizens,neutral,2023-10
2023-10-13,468088,895,0.0019120336347011673,senior citizens,neutral,2023-10
2023-10-14,310303,461,0.001485644676332488,senior citizens,neutral,2023-10
2023-10-15,229331,338,0.0014738522048916196,senior citizens,neutral,2023-10
2023-10-16,378908,594,0.0015676628627529637,senior citizens,neutral,2023-10
2023-10-17,354366,606,0.001710096341071096,senior citizens,neutral,2023-10
2023-10-18,454881,622,0.0013673905922647902,senior citizens,neutral,2023-10
2023-10-19,324728,409,0.0012595156561799414,senior citizens,neutral,2023-10
2023-10-20,449556,556,0.0012367758410520603,senior citizens,neutral,2023-10
2023-10-21,300472,340,0.0011315530232434304,senior citizens,neutral,2023-10
2023-10-22,295955,365,0.0012332956023719823,senior citizens,neutral,2023-10
2023-10-23,414959,586,0.0014121877101111195,senior citizens,neutral,2023-10
2023-10-24,417249,540,0.0012941912383253166,senior citizens,neutral,2023-10
2023-10-25,379766,369,0.0009716509640146828,senior citizens,neutral,2023-10
2023-10-26,375887,512,0.0013621114856326502,senior citizens,neutral,2023-10
2023-10-27,474875,491,0.0010339563042906029,senior citizens,neutral,2023-10
2023-10-28,240563,231,0.000960247419594867,senior citizens,neutral,2023-10
2023-10-29,279231,259,0.0009275474427982566,senior citizens,neutral,2023-10
2023-10-30,325647,492,0.0015108384232005822,senior citizens,neutral,2023-10
2023-10-31,454676,575,0.0012646367963120991,senior citizens,neutral,2023-10
2023-11-01,406342,493,0.0012132637039735002,senior citizens,neutral,2023-11
2023-11-02,313387,359,0.0011455484752079697,senior citizens,neutral,2023-11
2023-11-03,353019,493,0.0013965253994827475,senior citizens,neutral,2023-11
2023-11-04,217424,241,0.0011084332916329383,senior citizens,neutral,2023-11
2023-11-05,238825,232,0.0009714225897623784,senior citizens,neutral,2023-11
2023-11-06,293997,293,0.0009966088089334245,senior citizens,neutral,2023-11
2023-11-07,349578,364,0.0010412554565790754,senior citizens,neutral,2023-11
2023-11-08,395019,447,0.00113159113865409,senior citizens,neutral,2023-11
2023-11-09,477530,597,0.0012501832345611795,senior citizens,neutral,2023-11
2023-11-10,496152,636,0.0012818652348473855,senior citizens,neutral,2023-11
2023-11-11,372697,369,0.0009900804138482466,senior citizens,neutral,2023-11
2023-11-12,343914,415,0.0012066970230929825,senior citizens,neutral,2023-11
2023-11-13,505874,434,0.0008579211424188631,senior citizens,neutral,2023-11
2023-11-14,531886,510,0.0009588520848452488,senior citizens,neutral,2023-11
2023-11-15,532214,588,0.001104818738327064,senior citizens,neutral,2023-11
2023-11-16,528144,571,0.0010811445363385743,senior citizens,neutral,2023-11
2023-11-17,518066,699,0.0013492489373940772,senior citizens,neutral,2023-11
2023-11-18,374406,328,0.0008760543367360566,senior citizens,neutral,2023-11
2023-11-19,346778,272,0.0007843634832659512,senior citizens,neutral,2023-11
2023-11-20,489625,398,0.0008128669900434005,senior citizens,neutral,2023-11
2023-11-21,493213,541,0.0010968891736430305,senior citizens,neutral,2023-11
2023-11-22,570322,644,0.0011291866699864287,senior citizens,neutral,2023-11
2023-11-23,510558,380,0.0007442837052793218,senior citizens,neutral,2023-11
2023-11-24,465253,393,0.000844701699935304,senior citizens,neutral,2023-11
2023-11-25,339983,303,0.0008912210316398173,senior citizens,neutral,2023-11
2023-11-26,350990,380,0.0010826519274053392,senior citizens,neutral,2023-11
2023-11-27,499915,501,0.0010021703689627236,senior citizens,neutral,2023-11
2023-11-28,531630,542,0.0010195060474390083,senior citizens,neutral,2023-11
2023-11-29,552523,599,0.0010841177652333024,senior citizens,neutral,2023-11
2023-11-30,560459,745,0.001329267618148696,senior citizens,neutral,2023-11
2023-12-01,521593,623,0.00119441786987172,senior citizens,neutral,2023-12
2023-12-02,370071,285,0.000770122490008674,senior citizens,neutral,2023-12
2023-12-03,346452,288,0.0008312839873921929,senior citizens,neutral,2023-12
2023-12-04,508715,435,0.0008550956822582389,senior citizens,neutral,2023-12
2023-12-05,439522,426,0.0009692347595797252,senior citizens,neutral,2023-12
2023-12-06,447712,462,0.0010319133728825675,senior citizens,neutral,2023-12
2023-12-07,444233,583,0.0013123743621027703,senior citizens,neutral,2023-12
2023-12-08,426877,419,0.0009815473778160921,senior citizens,neutral,2023-12
2023-12-09,306237,250,0.0008163611843114973,senior citizens,neutral,2023-12
2023-12-10,301897,231,0.0007651616279724542,senior citizens,neutral,2023-12
2023-12-11,432070,335,0.0007753373295993704,senior citizens,neutral,2023-12
2023-12-12,453920,445,0.0009803489601691929,senior citizens,neutral,2023-12
2023-12-13,464155,526,0.001133242128168392,senior citizens,neutral,2023-12
2023-12-14,457220,462,0.0010104544858055204,senior citizens,neutral,2023-12
2023-12-15,434987,517,0.0011885412667505006,senior citizens,neutral,2023-12
2023-12-16,299627,235,0.0007843084902228437,senior citizens,neutral,2023-12
2023-12-17,289281,210,0.0007259377560226907,senior citizens,neutral,2023-12
2023-12-18,432847,484,0.001118178016712603,senior citizens,neutral,2023-12
2023-12-19,442004,517,0.0011696726726454964,senior citizens,neutral,2023-12
2023-12-20,453183,458,0.0010106292601443567,senior citizens,neutral,2023-12
2023-12-21,439238,390,0.0008879013200132958,senior citizens,neutral,2023-12
2023-12-22,409045,273,0.0006674082313681868,senior citizens,neutral,2023-12
2023-12-23,284409,313,0.001100527761076478,senior citizens,neutral,2023-12
2023-12-24,254126,202,0.0007948812793653542,senior citizens,neutral,2023-12
2023-12-25,262260,192,0.0007320979180965454,senior citizens,neutral,2023-12
2023-12-26,334738,363,0.0010844302110904647,senior citizens,neutral,2023-12
2023-12-27,385441,586,0.0015203364457854768,senior citizens,neutral,2023-12
2023-12-28,390902,358,0.0009158305662288758,senior citizens,neutral,2023-12
2023-12-29,368395,354,0.0009609250939887893,senior citizens,neutral,2023-12
2023-12-30,276938,273,0.0009857802107330882,senior citizens,neutral,2023-12
2023-12-31,253133,183,0.0007229401144852706,senior citizens,neutral,2023-12
2023-01-01,386660,168,0.00043449024983189367,elderly population,neutral,2023-01
2023-01-02,376736,136,0.00036099549817378746,elderly population,neutral,2023-01
2023-01-03,463750,190,0.00040970350404312666,elderly population,neutral,2023-01
2023-01-04,476285,179,0.0003758253986583663,elderly population,neutral,2023-01
2023-01-05,513716,286,0.0005567278418425745,elderly population,neutral,2023-01
2023-01-06,446257,188,0.0004212819070625223,elderly population,neutral,2023-01
2023-01-07,338006,133,0.0003934841393348047,elderly population,neutral,2023-01
2023-01-08,321144,137,0.0004265999053384152,elderly population,neutral,2023-01
2023-01-09,516613,145,0.00028067431520306305,elderly population,neutral,2023-01
2023-01-10,518847,161,0.0003103034227816678,elderly population,neutral,2023-01
2023-01-11,555868,192,0.00034540574380968145,elderly population,neutral,2023-01
2023-01-12,526056,255,0.00048473926730234045,elderly population,neutral,2023-01
2023-01-13,488831,282,0.0005768864904230705,elderly population,neutral,2023-01
2023-01-14,322746,155,0.00048025382189089875,elderly population,neutral,2023-01
2023-01-15,311609,89,0.0002856143436165194,elderly population,neutral,2023-01
2023-01-16,460938,180,0.00039050805097431756,elderly population,neutral,2023-01
2023-01-17,508077,317,0.0006239211773018656,elderly population,neutral,2023-01
2023-01-18,524187,318,0.000606653732351241,elderly population,neutral,2023-01
2023-01-19,517612,202,0.00039025370354628565,elderly population,neutral,2023-01
2023-01-20,483858,213,0.00044021179767617775,elderly population,neutral,2023-01
2023-01-21,325412,108,0.0003318869617592467,elderly population,neutral,2023-01
2023-01-22,311528,128,0.0004108779949153848,elderly population,neutral,2023-01
2023-01-23,474487,188,0.0003962173884637514,elderly population,neutral,2023-01
2023-01-24,503497,202,0.0004011940488225352,elderly population,neutral,2023-01
2023-01-25,513829,222,0.0004320503513814907,elderly population,neutral,2023-01
2023-01-26,504774,189,0.0003744249901936312,elderly population,neutral,2023-01
2023-01-27,478129,186,0.00038901635332724014,elderly population,neutral,2023-01
2023-01-28,327154,61,0.0001864565311749207,elderly population,neutral,2023-01
2023-01-29,337263,73,0.00021644829109626612,elderly population,neutral,2023-01
2023-01-30,498506,144,0.00028886312301155856,elderly population,neutral,2023-01
2023-01-31,520924,168,0.0003225038585283074,elderly population,neutral,2023-01
2023-02-01,545720,175,0.0003206772703950744,elderly population,neutral,2023-02
2023-02-02,521178,161,0.0003089155720310527,elderly population,neutral,2023-02
2023-02-03,479265,141,0.0002942004945072142,elderly population,neutral,2023-02
2023-02-04,336576,63,0.00018717912150598972,elderly population,neutral,2023-02
2023-02-05,313435,39,0.00012442771228484374,elderly population,neutral,2023-02
2023-02-06,489890,103,0.00021025128089979383,elderly population,neutral,2023-02
2023-02-07,509337,79,0.00015510359545840965,elderly population,neutral,2023-02
2023-02-08,527289,233,0.00044188291430316204,elderly population,neutral,2023-02
2023-02-09,519827,208,0.00040013312121148,elderly population,neutral,2023-02
2023-02-10,490576,165,0.0003363393235706598,elderly population,neutral,2023-02
2023-02-11,321346,74,0.00023028137894979243,elderly population,neutral,2023-02
2023-02-12,315406,72,0.00022827720461880878,elderly population,neutral,2023-02
2023-02-13,484652,128,0.00026410702937365365,elderly population,neutral,2023-02
2023-02-14,511527,179,0.00034993265262635206,elderly population,neutral,2023-02
2023-02-15,517380,160,0.00030925045421160464,elderly population,neutral,2023-02
2023-02-16,519253,167,0.0003216158597061548,elderly population,neutral,2023-02
2023-02-17,484478,198,0.000408687288174076,elderly population,neutral,2023-02
2023-02-18,321085,74,0.0002304685675132753,elderly population,neutral,2023-02
2023-02-19,310960,67,0.00021546179572935425,elderly population,neutral,2023-02
2023-02-20,443848,218,0.0004911591355599214,elderly population,neutral,2023-02
2023-02-21,479395,169,0.00035252766507785856,elderly population,neutral,2023-02
2023-02-22,501956,142,0.0002828933213269689,elderly population,neutral,2023-02
2023-02-23,496300,135,0.00027201289542615355,elderly population,neutral,2023-02
2023-02-24,471742,114,0.00024165751618469418,elderly population,neutral,2023-02
2023-02-25,323605,57,0.00017614066531728497,elderly population,neutral,2023-02
2023-02-26,307580,66,0.00021457832108719683,elderly population,neutral,2023-02
2023-02-27,475064,149,0.0003136419514002324,elderly population,neutral,2023-02
2023-02-28,500745,127,0.000253622103066431,elderly population,neutral,2023-02
2023-03-01,514545,166,0.0003226151259850936,elderly population,neutral,2023-03
2023-03-02,510532,229,0.0004485517068469753,elderly population,neutral,2023-03
2023-03-03,478228,143,0.0002990205508669505,elderly population,neutral,2023-03
2023-03-04,318967,57,0.000178701871980487,elderly population,neutral,2023-03
2023-03-05,306986,62,0.00020196360746092655,elderly population,neutral,2023-03
2023-03-06,477110,125,0.0002619940894133428,elderly population,neutral,2023-03
2023-03-07,491276,181,0.0003684283376350565,elderly population,neutral,2023-03
2023-03-08,479238,158,0.0003296900496204391,elderly population,neutral,2023-03
2023-03-09,500869,149,0.00029748297459016227,elderly population,neutral,2023-03
2023-03-10,474747,97,0.00020431935325552347,elderly population,neutral,2023-03
2023-03-11,312372,79,0.00025290358931018145,elderly population,neutral,2023-03
2023-03-12,313775,44,0.00014022787028922,elderly population,neutral,2023-03
2023-03-13,483073,118,0.00024426949964084105,elderly population,neutral,2023-03
2023-03-14,502396,150,0.00029856925612465067,elderly population,neutral,2023-03
2023-03-15,512681,129,0.00025161845280008427,elderly population,neutral,2023-03
2023-03-16,515796,192,0.00037224018798129495,elderly population,neutral,2023-03
2023-03-17,477867,122,0.00025530116120175695,elderly population,neutral,2023-03
2023-03-18,312067,78,0.00024994632562879126,elderly population,neutral,2023-03
2023-03-19,301941,64,0.0002119619395842234,elderly population,neutral,2023-03
2023-03-20,473417,117,0.00024713941408948135,elderly population,neutral,2023-03
2023-03-21,486641,133,0.0002733020851099681,elderly population,neutral,2023-03
2023-03-22,503482,153,0.00030388375354034505,elderly population,neutral,2023-03
2023-03-23,494531,141,0.00028511862754812133,elderly population,neutral,2023-03
2023-03-24,462455,101,0.00021839962807192052,elderly population,neutral,2023-03
2023-03-25,309743,64,0.0002066229099608385,elderly population,neutral,2023-03
2023-03-26,299147,36,0.00012034217291164545,elderly population,neutral,2023-03
2023-03-27,475695,130,0.0002732843523686396,elderly population,neutral,2023-03
2023-03-28,490819,123,0.00025060154557993885,elderly population,neutral,2023-03
2023-03-29,497556,132,0.00026529677061476497,elderly population,neutral,2023-03
2023-03-30,420677,105,0.00024959767232342155,elderly population,neutral,2023-03
2023-03-31,449869,93,0.00020672684714883666,elderly population,neutral,2023-03
2023-04-01,315540,81,0.00025670279520821447,elderly population,neutral,2023-04
2023-04-02,309179,52,0.00016818736071984192,elderly population,neutral,2023-04
2023-04-03,476836,128,0.00026843610801197896,elderly population,neutral,2023-04
2023-04-04,487193,116,0.00023809865905298312,elderly population,neutral,2023-04
2023-04-05,488458,115,0.00023543477637790762,elderly population,neutral,2023-04
2023-04-06,459113,141,0.0003071139349136269,elderly population,neutral,2023-04
2023-04-07,389270,118,0.00030313150255606647,elderly population,neutral,2023-04
2023-04-08,290669,54,0.00018577832517399518,elderly population,neutral,2023-04
2023-04-09,273774,64,0.0002337694594811779,elderly population,neutral,2023-04
2023-04-10,405537,161,0.00039700446568377237,elderly population,neutral,2023-04
2023-04-11,477794,112,0.0002344106455920334,elderly population,neutral,2023-04
2023-04-12,488672,140,0.0002864907340711152,elderly population,neutral,2023-04
2023-04-13,490386,152,0.0003099599091328056,elderly population,neutral,2023-04
2023-04-14,456649,113,0.0002474548285444619,elderly population,neutral,2023-04
2023-04-15,304282,35,0.00011502487823795033,elderly population,neutral,2023-04
2023-04-16,294116,54,0.00018360102816575774,elderly population,neutral,2023-04
2023-04-17,449839,104,0.00023119382712481578,elderly population,neutral,2023-04
2023-04-18,487585,206,0.0004224904375647323,elderly population,neutral,2023-04
2023-04-19,495117,200,0.0004039449261487689,elderly population,neutral,2023-04
2023-04-20,505072,120,0.0002375898881743593,elderly population,neutral,2023-04
2023-04-21,442165,120,0.000271391901213348,elderly population,neutral,2023-04
2023-04-22,291122,62,0.00021296913321562782,elderly population,neutral,2023-04
2023-04-23,285319,79,0.00027688306772419643,elderly population,neutral,2023-04
2023-04-24,453171,225,0.0004965013206935131,elderly population,neutral,2023-04
2023-04-25,478078,185,0.0003869661435999983,elderly population,neutral,2023-04
2023-04-26,499642,124,0.00024817769522978453,elderly population,neutral,2023-04
2023-04-27,503305,157,0.00031193808923018844,elderly population,neutral,2023-04
2023-04-28,477911,177,0.0003703618456156063,elderly population,neutral,2023-04
2023-04-29,312100,41,0.00013136815123357897,elderly population,neutral,2023-04
2023-04-30,292074,224,0.0007669289289700556,elderly population,neutral,2023-04
2023-05-01,382308,115,0.00030080458687759606,elderly population,neutral,2023-05
2023-05-02,472981,131,0.0002769667280503868,elderly population,neutral,2023-05
2023-05-03,496390,263,0.0005298253389471988,elderly population,neutral,2023-05
2023-05-04,496481,163,0.00032831065035721405,elderly population,neutral,2023-05
2023-05-05,463524,113,0.0002437845721041413,elderly population,neutral,2023-05
2023-05-06,318236,64,0.00020110861121934665,elderly population,neutral,2023-05
2023-05-07,305413,44,0.00014406721390379585,elderly population,neutral,2023-05
2023-05-08,460286,149,0.00032371177919815074,elderly population,neutral,2023-05
2023-05-09,488772,152,0.0003109834442234825,elderly population,neutral,2023-05
2023-05-10,520267,160,0.00030753440060584276,elderly population,neutral,2023-05
2023-05-11,499831,190,0.00038012848342739846,elderly population,neutral,2023-05
2023-05-12,475520,138,0.0002902086137281292,elderly population,neutral,2023-05
2023-05-13,290386,128,0.00044079260019422425,elderly population,neutral,2023-05
2023-05-14,247082,53,0.00021450368703507337,elderly population,neutral,2023-05
2023-05-15,476911,121,0.0002537161021658129,elderly population,neutral,2023-05
2023-05-16,508558,102,0.00020056709362550583,elderly population,neutral,2023-05
2023-05-17,516177,126,0.00024410231374121668,elderly population,neutral,2023-05
2023-05-18,491864,119,0.0002419367955369777,elderly population,neutral,2023-05
2023-05-19,475987,85,0.00017857630565540656,elderly population,neutral,2023-05
2023-05-20,313906,47,0.0001497263512006779,elderly population,neutral,2023-05
2023-05-21,305588,68,0.00022252182677330262,elderly population,neutral,2023-05
2023-05-22,478952,210,0.0004384572984349162,elderly population,neutral,2023-05
2023-05-23,502427,123,0.00024481168408544926,elderly population,neutral,2023-05
2023-05-24,515438,99,0.00019206965726236715,elderly population,neutral,2023-05
2023-05-25,506377,166,0.00032781899651840426,elderly population,neutral,2023-05
2023-05-26,476611,130,0.0002727591264154625,elderly population,neutral,2023-05
2023-05-27,315199,54,0.00017132034048331372,elderly population,neutral,2023-05
2023-05-28,311410,51,0.0001637712340644167,elderly population,neutral,2023-05
2023-05-29,422001,188,0.0004454965746526667,elderly population,neutral,2023-05
2023-05-30,492310,105,0.00021328025024882697,elderly population,neutral,2023-05
2023-05-31,511821,104,0.00020319603924028127,elderly population,neutral,2023-05
2023-06-01,520029,140,0.0002692157552751866,elderly population,neutral,2023-06
2023-06-02,471163,89,0.00018889428923748257,elderly population,neutral,2023-06
2023-06-03,316228,75,0.00023717064902538675,elderly population,neutral,2023-06
2023-06-04,302435,47,0.00015540529369947263,elderly population,neutral,2023-06
2023-06-05,478406,103,0.0002152983031149275,elderly population,neutral,2023-06
2023-06-06,497032,127,0.00025551674741264145,elderly population,neutral,2023-06
2023-06-07,511926,196,0.0003828678363669749,elderly population,neutral,2023-06
2023-06-08,485205,161,0.0003318185097020847,elderly population,neutral,2023-06
2023-06-09,469746,286,0.0006088396708008157,elderly population,neutral,2023-06
2023-06-10,309255,56,0.0001810803382322032,elderly population,neutral,2023-06
2023-06-11,301437,131,0.000434585004495135,elderly population,neutral,2023-06
2023-06-12,469490,99,0.00021086711112057764,elderly population,neutral,2023-06
2023-06-13,507360,106,0.00020892462945443078,elderly population,neutral,2023-06
2023-06-14,513410,146,0.0002843731131064841,elderly population,neutral,2023-06
2023-06-15,512254,154,0.000300632108290028,elderly population,neutral,2023-06
2023-06-16,479492,132,0.0002752913500120961,elderly population,neutral,2023-06
2023-06-17,313647,68,0.00021680424171122313,elderly population,neutral,2023-06
2023-06-18,297948,48,0.00016110193725079545,elderly population,neutral,2023-06
2023-06-19,454954,113,0.0002483767589690386,elderly population,neutral,2023-06
2023-06-20,501975,131,0.00026096917177150257,elderly population,neutral,2023-06
2023-06-21,511651,143,0.0002794873849557609,elderly population,neutral,2023-06
2023-06-22,500891,277,0.0005530145281109064,elderly population,neutral,2023-06
2023-06-23,462693,129,0.0002788025753577426,elderly population,neutral,2023-06
2023-06-24,311142,49,0.00015748436405242622,elderly population,neutral,2023-06
2023-06-25,294103,55,0.00018700931306379057,elderly population,neutral,2023-06
2023-06-26,466890,129,0.0002762963438925657,elderly population,neutral,2023-06
2023-06-27,488208,119,0.0002437485661849048,elderly population,neutral,2023-06
2023-06-28,487306,112,0.00022983505230799538,elderly population,neutral,2023-06
2023-06-29,476127,222,0.0004662621527449609,elderly population,neutral,2023-06
2023-06-30,457265,141,0.00030835511136868116,elderly population,neutral,2023-06
2023-07-01,303381,71,0.0002340291580553825,elderly population,neutral,2023-07
2023-07-02,284625,46,0.00016161616161616162,elderly population,neutral,2023-07
2023-07-03,445952,140,0.000313935132032147,elderly population,neutral,2023-07
2023-07-04,455884,194,0.0004255468496371884,elderly population,neutral,2023-07
2023-07-05,501180,111,0.0002214773135400455,elderly population,neutral,2023-07
2023-07-06,493339,176,0.00035675265892216103,elderly population,neutral,2023-07
2023-07-07,463370,121,0.0002611304141398882,elderly population,neutral,2023-07
2023-07-08,305403,76,0.00024885151750310246,elderly population,neutral,2023-07
2023-07-09,291177,150,0.0005151505785140997,elderly population,neutral,2023-07
2023-07-10,454453,186,0.00040928324821268644,elderly population,neutral,2023-07
2023-07-11,492786,152,0.0003084503212347753,elderly population,neutral,2023-07
2023-07-12,495376,114,0.00023012822583249896,elderly population,neutral,2023-07
2023-07-13,488915,124,0.0002536228178722273,elderly population,neutral,2023-07
2023-07-14,449795,111,0.0002467790882513145,elderly population,neutral,2023-07
2023-07-15,300453,72,0.0002396381463989376,elderly population,neutral,2023-07
2023-07-16,288895,47,0.0001626888661970612,elderly population,neutral,2023-07
2023-07-17,452038,122,0.00026988881465717486,elderly population,neutral,2023-07
2023-07-18,489747,185,0.0003777460607211479,elderly population,neutral,2023-07
2023-07-19,486941,207,0.000425102835867179,elderly population,neutral,2023-07
2023-07-20,476929,162,0.00033967320083282837,elderly population,neutral,2023-07
2023-07-21,454340,115,0.00025311440771228595,elderly population,neutral,2023-07
2023-07-22,300123,76,0.00025322950923454716,elderly population,neutral,2023-07
2023-07-23,292470,58,0.00019831093787397,elderly population,neutral,2023-07
2023-07-24,453290,100,0.00022060932294998788,elderly population,neutral,2023-07
2023-07-25,481260,106,0.00022025516352906953,elderly population,neutral,2023-07
2023-07-26,491615,108,0.00021968410239720106,elderly population,neutral,2023-07
2023-07-27,487834,129,0.0002644342132774673,elderly population,neutral,2023-07
2023-07-28,459847,99,0.00021528899829725975,elderly population,neutral,2023-07
2023-07-29,299402,80,0.00026719928390591915,elderly population,neutral,2023-07
2023-07-30,284070,86,0.0003027422818319428,elderly population,neutral,2023-07
2023-07-31,455803,119,0.0002610777024284614,elderly population,neutral,2023-07
2023-08-01,477822,104,0.00021765427293008694,elderly population,neutral,2023-08
2023-08-02,477375,289,0.0006053940822204766,elderly population,neutral,2023-08
2023-08-03,477836,164,0.0003432139897370646,elderly population,neutral,2023-08
2023-08-04,448645,170,0.000378918744218703,elderly population,neutral,2023-08
2023-08-05,300483,109,0.0003627493069491452,elderly population,neutral,2023-08
2023-08-06,287612,56,0.0001947067577152553,elderly population,neutral,2023-08
2023-08-07,440347,89,0.0002021133333484729,elderly population,neutral,2023-08
2023-08-08,469410,78,0.0001661660382181888,elderly population,neutral,2023-08
2023-08-09,478458,127,0.0002654360466331423,elderly population,neutral,2023-08
2023-08-10,476103,85,0.0001785327964747124,elderly population,neutral,2023-08
2023-08-11,439680,101,0.00022971251819505094,elderly population,neutral,2023-08
2023-08-12,302092,99,0.00032771473590826635,elderly population,neutral,2023-08
2023-08-13,287942,135,0.000468844420056817,elderly population,neutral,2023-08
2023-08-14,440043,134,0.00030451569505707396,elderly population,neutral,2023-08
2023-08-15,470864,117,0.000248479391076829,elderly population,neutral,2023-08
2023-08-16,468638,122,0.0002603288679108395,elderly population,neutral,2023-08
2023-08-17,475136,113,0.00023782664331896552,elderly population,neutral,2023-08
2023-08-18,449947,117,0.00026003062582926435,elderly population,neutral,2023-08
2023-08-19,313733,59,0.00018805799836166422,elderly population,neutral,2023-08
2023-08-20,300751,64,0.00021280062244182063,elderly population,neutral,2023-08
2023-08-21,438028,131,0.0002990676395116294,elderly population,neutral,2023-08
2023-08-22,401105,117,0.0002916941947869012,elderly population,neutral,2023-08
2023-08-23,370413,83,0.00022407420905853735,elderly population,neutral,2023-08
2023-08-24,503040,136,0.0002703562340966921,elderly population,neutral,2023-08
2023-08-25,456353,118,0.0002585717635251658,elderly population,neutral,2023-08
2023-08-26,308918,36,0.00011653577972147949,elderly population,neutral,2023-08
2023-08-27,295769,59,0.00019947999959427798,elderly population,neutral,2023-08
2023-08-28,448775,208,0.00046348392847195144,elderly population,neutral,2023-08
2023-08-29,481751,129,0.0002677731857328786,elderly population,neutral,2023-08
2023-08-30,490413,88,0.00017944059394836597,elderly population,neutral,2023-08
2023-08-31,497911,89,0.00017874680414772923,elderly population,neutral,2023-08
2023-09-01,476936,123,0.00025789623765033466,elderly population,neutral,2023-09
2023-09-02,313119,60,0.00019162043823594226,elderly population,neutral,2023-09
2023-09-03,311627,53,0.0001700751218604293,elderly population,neutral,2023-09
2023-09-04,435333,96,0.00022052084266527004,elderly population,neutral,2023-09
2023-09-05,493288,150,0.0003040819967240233,elderly population,neutral,2023-09
2023-09-06,510752,122,0.00023886347973184636,elderly population,neutral,2023-09
2023-09-07,488234,97,0.00019867522540421192,elderly population,neutral,2023-09
2023-09-08,463682,194,0.00041839018982837376,elderly population,neutral,2023-09
2023-09-09,321208,93,0.0002895320166371946,elderly population,neutral,2023-09
2023-09-10,313055,48,0.00015332769002252,elderly population,neutral,2023-09
2023-09-11,474764,171,0.00036017895206881734,elderly population,neutral,2023-09
2023-09-12,501177,126,0.0002514081851321988,elderly population,neutral,2023-09
2023-09-13,512947,137,0.00026708412370088916,elderly population,neutral,2023-09
2023-09-14,504052,148,0.00029362049947227666,elderly population,neutral,2023-09
2023-09-15,477614,228,0.00047737294132919054,elderly population,neutral,2023-09
2023-09-16,313024,51,0.00016292680433449192,elderly population,neutral,2023-09
2023-09-17,307869,57,0.00018514368124104732,elderly population,neutral,2023-09
2023-09-18,467258,187,0.00040020716606243233,elderly population,neutral,2023-09
2023-09-19,502742,115,0.00022874555935251082,elderly population,neutral,2023-09
2023-09-20,519399,114,0.0002194844425961544,elderly population,neutral,2023-09
2023-09-21,511175,179,0.0003501736196018976,elderly population,neutral,2023-09
2023-09-22,473154,104,0.00021980158679837854,elderly population,neutral,2023-09
2023-09-23,316117,100,0.0003163385708456046,elderly population,neutral,2023-09
2023-09-24,279092,74,0.00026514554340504204,elderly population,neutral,2023-09
2023-09-25,471557,102,0.00021630470971695893,elderly population,neutral,2023-09
2023-09-26,493643,107,0.0002167558336692711,elderly population,neutral,2023-09
2023-09-27,505379,155,0.0003067005158504805,elderly population,neutral,2023-09
2023-09-28,488069,136,0.00027864912543103536,elderly population,neutral,2023-09
2023-09-29,447544,100,0.0002234417174624171,elderly population,neutral,2023-09
2023-09-30,315650,68,0.00021542848091240298,elderly population,neutral,2023-09
2023-10-01,291636,125,0.00042861649453428244,elderly population,neutral,2023-10
2023-10-02,449201,155,0.000345057112517559,elderly population,neutral,2023-10
2023-10-03,405978,101,0.0002487819537019247,elderly population,neutral,2023-10
2023-10-04,414982,154,0.0003711004332718046,elderly population,neutral,2023-10
2023-10-05,450132,111,0.0002465943323291834,elderly population,neutral,2023-10
2023-10-06,377905,153,0.00040486365620989403,elderly population,neutral,2023-10
2023-10-07,251209,226,0.0008996492960045221,elderly population,neutral,2023-10
2023-10-08,309776,672,0.002169309436496049,elderly population,neutral,2023-10
2023-10-09,440844,276,0.0006260718077142935,elderly population,neutral,2023-10
2023-10-10,490873,241,0.0004909620207263386,elderly population,neutral,2023-10
2023-10-11,503094,238,0.00047307262658668163,elderly population,neutral,2023-10
2023-10-12,487234,311,0.0006382969989779039,elderly population,neutral,2023-10
2023-10-13,468088,688,0.00146980909572559,elderly population,neutral,2023-10
2023-10-14,310303,255,0.0008217774240017016,elderly population,neutral,2023-10
2023-10-15,229331,162,0.0007064025360723146,elderly population,neutral,2023-10
2023-10-16,378908,249,0.0006571516040833131,elderly population,neutral,2023-10
2023-10-17,354366,251,0.0007083072303776322,elderly population,neutral,2023-10
2023-10-18,454881,362,0.0007958125311894759,elderly population,neutral,2023-10
2023-10-19,324728,311,0.0009577246187578528,elderly population,neutral,2023-10
2023-10-20,449556,143,0.0003180916281842529,elderly population,neutral,2023-10
2023-10-21,300472,89,0.00029620064431960385,elderly population,neutral,2023-10
2023-10-22,295955,203,0.0006859150884424997,elderly population,neutral,2023-10
2023-10-23,414959,303,0.0007301926214397085,elderly population,neutral,2023-10
2023-10-24,417249,269,0.000644698968721315,elderly population,neutral,2023-10
2023-10-25,379766,149,0.000392346866228151,elderly population,neutral,2023-10
2023-10-26,375887,109,0.00028998076549601343,elderly population,neutral,2023-10
2023-10-27,474875,169,0.0003558831271387207,elderly population,neutral,2023-10
2023-10-28,240563,86,0.00035749471032536177,elderly population,neutral,2023-10
2023-10-29,279231,76,0.00027217608360103284,elderly population,neutral,2023-10
2023-10-30,325647,182,0.0005588873841920853,elderly population,neutral,2023-10
2023-10-31,454676,195,0.00042887682657540753,elderly population,neutral,2023-10
2023-11-01,406342,152,0.0003740691338822962,elderly population,neutral,2023-11
2023-11-02,313387,124,0.00039567691065679175,elderly population,neutral,2023-11
2023-11-03,353019,98,0.0002776054546639133,elderly population,neutral,2023-11
2023-11-04,217424,118,0.0005427183751563764,elderly population,neutral,2023-11
2023-11-05,238825,82,0.00034334763948497857,elderly population,neutral,2023-11
2023-11-06,293997,102,0.00034694231573791567,elderly population,neutral,2023-11
2023-11-07,349578,341,0.0009754618425644635,elderly population,neutral,2023-11
2023-11-08,395019,155,0.00039238618901875604,elderly population,neutral,2023-11
2023-11-09,477530,178,0.0003727514501706699,elderly population,neutral,2023-11
2023-11-10,496152,194,0.0003910092068559635,elderly population,neutral,2023-11
2023-11-11,372697,170,0.0004561346080059673,elderly population,neutral,2023-11
2023-11-12,343914,137,0.0003983554028041894,elderly population,neutral,2023-11
2023-11-13,505874,157,0.00031035396165843667,elderly population,neutral,2023-11
2023-11-14,531886,139,0.000261334195673509,elderly population,neutral,2023-11
2023-11-15,532214,160,0.00030063094920464324,elderly population,neutral,2023-11
2023-11-16,528144,131,0.00024803841376594264,elderly population,neutral,2023-11
2023-11-17,518066,145,0.0002798871186296727,elderly population,neutral,2023-11
2023-11-18,374406,122,0.0003258494789079235,elderly population,neutral,2023-11
2023-11-19,346778,95,0.00027395048128774026,elderly population,neutral,2023-11
2023-11-20,489625,133,0.00027163645647178963,elderly population,neutral,2023-11
2023-11-21,493213,167,0.00033859610350903157,elderly population,neutral,2023-11
2023-11-22,570322,196,0.00034366550825673916,elderly population,neutral,2023-11
2023-11-23,510558,161,0.0003153412540788706,elderly population,neutral,2023-11
2023-11-24,465253,177,0.00038043817019986975,elderly population,neutral,2023-11
2023-11-25,339983,85,0.00025001250062503126,elderly population,neutral,2023-11
2023-11-26,350990,186,0.0005299296276247186,elderly population,neutral,2023-11
2023-11-27,499915,255,0.0005100867147415061,elderly population,neutral,2023-11
2023-11-28,531630,139,0.00026146003799635084,elderly population,neutral,2023-11
2023-11-29,552523,110,0.00019908673485085688,elderly population,neutral,2023-11
2023-11-30,560459,148,0.000264069271793298,elderly population,neutral,2023-11
2023-12-01,521593,101,0.00019363756798883422,elderly population,neutral,2023-12
2023-12-02,370071,68,0.00018374852393189414,elderly population,neutral,2023-12
2023-12-03,346452,60,0.00017318416404004018,elderly population,neutral,2023-12
2023-12-04,508715,92,0.00018084782245461603,elderly population,neutral,2023-12
2023-12-05,439522,122,0.00027757427387024993,elderly population,neutral,2023-12
2023-12-06,447712,200,0.00044671574583660925,elderly population,neutral,2023-12
2023-12-07,444233,204,0.0004592184731886195,elderly population,neutral,2023-12
2023-12-08,426877,236,0.0005528524610133598,elderly population,neutral,2023-12
2023-12-09,306237,113,0.0003689952553087968,elderly population,neutral,2023-12
2023-12-10,301897,140,0.0004637343199833056,elderly population,neutral,2023-12
2023-12-11,432070,237,0.0005485222301941815,elderly population,neutral,2023-12
2023-12-12,453920,147,0.00032384561156150864,elderly population,neutral,2023-12
2023-12-13,464155,133,0.00028654221111482157,elderly population,neutral,2023-12
2023-12-14,457220,118,0.0002580814487555225,elderly population,neutral,2023-12
2023-12-15,434987,135,0.00031035410253639766,elderly population,neutral,2023-12
2023-12-16,299627,50,0.0001668741468559242,elderly population,neutral,2023-12
2023-12-17,289281,39,0.00013481701183278542,elderly population,neutral,2023-12
2023-12-18,432847,204,0.0004712981723334111,elderly population,neutral,2023-12
2023-12-19,442004,163,0.0003687749432131836,elderly population,neutral,2023-12
2023-12-20,453183,124,0.00027362014903471667,elderly population,neutral,2023-12
2023-12-21,439238,139,0.00031645713713294386,elderly population,neutral,2023-12
2023-12-22,409045,116,0.0002835873803615739,elderly population,neutral,2023-12
2023-12-23,284409,85,0.00029886536642651954,elderly population,neutral,2023-12
2023-12-24,254126,85,0.0003344797462675995,elderly population,neutral,2023-12
2023-12-25,262260,147,0.0005605124685426675,elderly population,neutral,2023-12
2023-12-26,334738,114,0.000340564859681303,elderly population,neutral,2023-12
2023-12-27,385441,136,0.00035284258810038373,elderly population,neutral,2023-12
2023-12-28,390902,174,0.00044512435341850386,elderly population,neutral,2023-12
2023-12-29,368395,164,0.00044517433732813965,elderly population,neutral,2023-12
2023-12-30,276938,61,0.00022026590789274133,elderly population,neutral,2023-12
2023-12-31,253133,32,0.00012641575772420033,elderly population,neutral,2023-12
2023-01-01,386660,68,0.00017586510112243314,population aging,neutral,2023-01
2023-01-02,376736,97,0.0002574747303151278,population aging,neutral,2023-01
2023-01-03,463750,244,0.0005261455525606469,population aging,neutral,2023-01
2023-01-04,476285,192,0.0004031199806838343,population aging,neutral,2023-01
2023-01-05,513716,140,0.00027252411838447703,population aging,neutral,2023-01
2023-01-06,446257,142,0.00031820229150467106,population aging,neutral,2023-01
2023-01-07,338006,144,0.00042602794033242016,population aging,neutral,2023-01
2023-01-08,321144,62,0.0001930598111750492,population aging,neutral,2023-01
2023-01-09,516613,144,0.0002787386302706281,population aging,neutral,2023-01
2023-01-10,518847,204,0.0003931794922202499,population aging,neutral,2023-01
2023-01-11,555868,216,0.00038858146178589163,population aging,neutral,2023-01
2023-01-12,526056,190,0.0003611782775978223,population aging,neutral,2023-01
2023-01-13,488831,141,0.00028844324521153526,population aging,neutral,2023-01
2023-01-14,322746,77,0.00023857770506838195,population aging,neutral,2023-01
2023-01-15,311609,58,0.00018613069583997896,population aging,neutral,2023-01
2023-01-16,460938,157,0.00034060980001648813,population aging,neutral,2023-01
2023-01-17,508077,563,0.0011080997565329665,population aging,neutral,2023-01
2023-01-18,524187,827,0.0015776812473411207,population aging,neutral,2023-01
2023-01-19,517612,438,0.0008461936740261045,population aging,neutral,2023-01
2023-01-20,483858,154,0.0003182751964419313,population aging,neutral,2023-01
2023-01-21,325412,70,0.00021511191965877105,population aging,neutral,2023-01
2023-01-22,311528,80,0.0002567987468221155,population aging,neutral,2023-01
2023-01-23,474487,384,0.0008092950913302155,population aging,neutral,2023-01
2023-01-24,503497,238,0.00047269397831566025,population aging,neutral,2023-01
2023-01-25,513829,366,0.0007122992279532685,population aging,neutral,2023-01
2023-01-26,504774,214,0.00042395210529860887,population aging,neutral,2023-01
2023-01-27,478129,203,0.00042457161142704164,population aging,neutral,2023-01
2023-01-28,327154,72,0.0002200798400753162,population aging,neutral,2023-01
2023-01-29,337263,44,0.00013046198367446177,population aging,neutral,2023-01
2023-01-30,498506,177,0.0003550609220350407,population aging,neutral,2023-01
2023-01-31,520924,186,0.00035705784337062603,population aging,neutral,2023-01
2023-02-01,545720,246,0.0004507806200982189,population aging,neutral,2023-02
2023-02-02,521178,190,0.00036455874960186345,population aging,neutral,2023-02
2023-02-03,479265,283,0.0005904875173442667,population aging,neutral,2023-02
2023-02-04,336576,135,0.00040109811751283514,population aging,neutral,2023-02
2023-02-05,313435,157,0.0005009013033005249,population aging,neutral,2023-02
2023-02-06,489890,244,0.0004980709955296087,population aging,neutral,2023-02
2023-02-07,509337,263,0.0005163575393109081,population aging,neutral,2023-02
2023-02-08,527289,247,0.0004684338190252404,population aging,neutral,2023-02
2023-02-09,519827,347,0.000667529774328767,population aging,neutral,2023-02
2023-02-10,490576,209,0.0004260298098561691,population aging,neutral,2023-02
2023-02-11,321346,44,0.00013692406315933604,population aging,neutral,2023-02
2023-02-12,315406,47,0.00014901428634838906,population aging,neutral,2023-02
2023-02-13,484652,169,0.00034870381221990213,population aging,neutral,2023-02
2023-02-14,511527,237,0.0004633186518013712,population aging,neutral,2023-02
2023-02-15,517380,165,0.0003189145309057173,population aging,neutral,2023-02
2023-02-16,519253,155,0.0002985057380506227,population aging,neutral,2023-02
2023-02-17,484478,238,0.0004912503766940913,population aging,neutral,2023-02
2023-02-18,321085,81,0.00025226964822399055,population aging,neutral,2023-02
2023-02-19,310960,89,0.0002862104450733213,population aging,neutral,2023-02
2023-02-20,443848,217,0.0004889061120023071,population aging,neutral,2023-02
2023-02-21,479395,150,0.00031289437728804014,population aging,neutral,2023-02
2023-02-22,501956,160,0.00031875303811489456,population aging,neutral,2023-02
2023-02-23,496300,196,0.00039492242595204514,population aging,neutral,2023-02
2023-02-24,471742,162,0.00034340804931509174,population aging,neutral,2023-02
2023-02-25,323605,67,0.00020704253642558058,population aging,neutral,2023-02
2023-02-26,307580,80,0.00026009493465114765,population aging,neutral,2023-02
2023-02-27,475064,178,0.00037468635804859977,population aging,neutral,2023-02
2023-02-28,500745,341,0.0006809853318555353,population aging,neutral,2023-02
2023-03-01,514545,293,0.0005694351320098339,population aging,neutral,2023-03
2023-03-02,510532,186,0.00036432584049579653,population aging,neutral,2023-03
2023-03-03,478228,305,0.0006377711049959433,population aging,neutral,2023-03
2023-03-04,318967,63,0.00019751259534685407,population aging,neutral,2023-03
2023-03-05,306986,56,0.00018241874222277237,population aging,neutral,2023-03
2023-03-06,477110,208,0.00043595816478380245,population aging,neutral,2023-03
2023-03-07,491276,170,0.0003460376651820972,population aging,neutral,2023-03
2023-03-08,479238,237,0.0004945350744306586,population aging,neutral,2023-03
2023-03-09,500869,204,0.00040729212628451753,population aging,neutral,2023-03
2023-03-10,474747,167,0.0003517663092131177,population aging,neutral,2023-03
2023-03-11,312372,127,0.00040656652965054485,population aging,neutral,2023-03
2023-03-12,313775,80,0.00025495976416221817,population aging,neutral,2023-03
2023-03-13,483073,149,0.0003084419953091976,population aging,neutral,2023-03
2023-03-14,502396,226,0.0004498443458944737,population aging,neutral,2023-03
2023-03-15,512681,184,0.0003588976381024458,population aging,neutral,2023-03
2023-03-16,515796,149,0.0002888738958813174,population aging,neutral,2023-03
2023-03-17,477867,189,0.00039550753661583664,population aging,neutral,2023-03
2023-03-18,312067,74,0.0002371285653401353,population aging,neutral,2023-03
2023-03-19,301941,87,0.0002881357616223037,population aging,neutral,2023-03
2023-03-20,473417,259,0.0005470863952920997,population aging,neutral,2023-03
2023-03-21,486641,210,0.0004315296080683707,population aging,neutral,2023-03
2023-03-22,503482,168,0.0003336762783972416,population aging,neutral,2023-03
2023-03-23,494531,300,0.0006066353777619603,population aging,neutral,2023-03
2023-03-24,462455,190,0.00041085078548183066,population aging,neutral,2023-03
2023-03-25,309743,104,0.0003357622286863626,population aging,neutral,2023-03
2023-03-26,299147,53,0.00017717042123103357,population aging,neutral,2023-03
2023-03-27,475695,175,0.0003678827820347071,population aging,neutral,2023-03
2023-03-28,490819,179,0.0003646965582016996,population aging,neutral,2023-03
2023-03-29,497556,318,0.0006391240382992065,population aging,neutral,2023-03
2023-03-30,420677,202,0.0004801783791364871,population aging,neutral,2023-03
2023-03-31,449869,281,0.0006246262800948721,population aging,neutral,2023-03
2023-04-01,315540,99,0.0003137478608100399,population aging,neutral,2023-04
2023-04-02,309179,132,0.0004269371464426756,population aging,neutral,2023-04
2023-04-03,476836,183,0.00038377974817337617,population aging,neutral,2023-04
2023-04-04,487193,300,0.0006157723941025425,population aging,neutral,2023-04
2023-04-05,488458,251,0.0005138619901813462,population aging,neutral,2023-04
2023-04-06,459113,187,0.00040730713353793075,population aging,neutral,2023-04
2023-04-07,389270,125,0.0003211138798263416,population aging,neutral,2023-04
2023-04-08,290669,38,0.0001307328954928114,population aging,neutral,2023-04
2023-04-09,273774,48,0.00017532709461088344,population aging,neutral,2023-04
2023-04-10,405537,244,0.0006016713641418662,population aging,neutral,2023-04
2023-04-11,477794,213,0.00044579881706342063,population aging,neutral,2023-04
2023-04-12,488672,238,0.0004870342479208958,population aging,neutral,2023-04
2023-04-13,490386,206,0.0004200772452720918,population aging,neutral,2023-04
2023-04-14,456649,149,0.0003262899951603967,population aging,neutral,2023-04
2023-04-15,304282,44,0.0001446027040705661,population aging,neutral,2023-04
2023-04-16,294116,49,0.00016660093296522462,population aging,neutral,2023-04
2023-04-17,449839,114,0.0002534240028098942,population aging,neutral,2023-04
2023-04-18,487585,148,0.000303536819221264,population aging,neutral,2023-04
2023-04-19,495117,342,0.0006907458237143947,population aging,neutral,2023-04
2023-04-20,505072,283,0.0005603161529445307,population aging,neutral,2023-04
2023-04-21,442165,140,0.00031662388474890595,population aging,neutral,2023-04
2023-04-22,291122,63,0.0002164041192352347,population aging,neutral,2023-04
2023-04-23,285319,81,0.0002838927656412647,population aging,neutral,2023-04
2023-04-24,453171,239,0.0005273947362033316,population aging,neutral,2023-04
2023-04-25,478078,228,0.00047690962562594387,population aging,neutral,2023-04
2023-04-26,499642,202,0.0004042894712614232,population aging,neutral,2023-04
2023-04-27,503305,182,0.0003616097594897726,population aging,neutral,2023-04
2023-04-28,477911,134,0.00028038693396887705,population aging,neutral,2023-04
2023-04-29,312100,51,0.00016340916372957386,population aging,neutral,2023-04
2023-04-30,292074,216,0.0007395386100782678,population aging,neutral,2023-04
2023-05-01,382308,131,0.000342655659834479,population aging,neutral,2023-05
2023-05-02,472981,174,0.00036787947084555194,population aging,neutral,2023-05
2023-05-03,496390,162,0.0003263562924313544,population aging,neutral,2023-05
2023-05-04,496481,166,0.0003343531776644021,population aging,neutral,2023-05
2023-05-05,463524,174,0.0003753850933285008,population aging,neutral,2023-05
2023-05-06,318236,47,0.0001476891363642077,population aging,neutral,2023-05
2023-05-07,305413,74,0.00024229485974729302,population aging,neutral,2023-05
2023-05-08,460286,150,0.0003258843414746484,population aging,neutral,2023-05
2023-05-09,488772,250,0.0005114859279991489,population aging,neutral,2023-05
2023-05-10,520267,215,0.0004132493508141012,population aging,neutral,2023-05
2023-05-11,499831,205,0.00041013862685587726,population aging,neutral,2023-05
2023-05-12,475520,122,0.00025656123822341857,population aging,neutral,2023-05
2023-05-13,290386,43,0.00014807876412774722,population aging,neutral,2023-05
2023-05-14,247082,41,0.00016593681449883035,population aging,neutral,2023-05
2023-05-15,476911,162,0.0003396860210815016,population aging,neutral,2023-05
2023-05-16,508558,168,0.000330345801265539,population aging,neutral,2023-05
2023-05-17,516177,170,0.0003293443915556098,population aging,neutral,2023-05
2023-05-18,491864,192,0.00039035180456386317,population aging,neutral,2023-05
2023-05-19,475987,128,0.00026891490733990637,population aging,neutral,2023-05
2023-05-20,313906,55,0.0001752116875752614,population aging,neutral,2023-05
2023-05-21,305588,61,0.0001996151681348744,population aging,neutral,2023-05
2023-05-22,478952,134,0.00027977751423942273,population aging,neutral,2023-05
2023-05-23,502427,137,0.00027267642861550037,population aging,neutral,2023-05
2023-05-24,515438,184,0.00035697794885126825,population aging,neutral,2023-05
2023-05-25,506377,465,0.0009182881528979397,population aging,neutral,2023-05
2023-05-26,476611,207,0.00043431645513846725,population aging,neutral,2023-05
2023-05-27,315199,84,0.000266498307418488,population aging,neutral,2023-05
2023-05-28,311410,55,0.00017661603673613564,population aging,neutral,2023-05
2023-05-29,422001,140,0.00033175276835836884,population aging,neutral,2023-05
2023-05-30,492310,205,0.00041640429810485264,population aging,neutral,2023-05
2023-05-31,511821,236,0.00046109870442986905,population aging,neutral,2023-05
2023-06-01,520029,243,0.0004672816323705024,population aging,neutral,2023-06
2023-06-02,471163,168,0.00035656450103255135,population aging,neutral,2023-06
2023-06-03,316228,74,0.00023400837370504826,population aging,neutral,2023-06
2023-06-04,302435,52,0.000171937771752608,population aging,neutral,2023-06
2023-06-05,478406,162,0.000338624515578818,population aging,neutral,2023-06
2023-06-06,497032,123,0.00024746897584058974,population aging,neutral,2023-06
2023-06-07,511926,112,0.00021878162078112852,population aging,neutral,2023-06
2023-06-08,485205,186,0.0003833431230098618,population aging,neutral,2023-06
2023-06-09,469746,285,0.0006067108607630507,population aging,neutral,2023-06
2023-06-10,309255,68,0.0002198832678533896,population aging,neutral,2023-06
2023-06-11,301437,39,0.0001293802685138188,population aging,neutral,2023-06
2023-06-12,469490,143,0.0003045858271741677,population aging,neutral,2023-06
2023-06-13,507360,146,0.0002877641122674235,population aging,neutral,2023-06
2023-06-14,513410,170,0.00033111937827467325,population aging,neutral,2023-06
2023-06-15,512254,204,0.0003982399356569202,population aging,neutral,2023-06
2023-06-16,479492,238,0.0004963586462339309,population aging,neutral,2023-06
2023-06-17,313647,71,0.00022636913472789475,population aging,neutral,2023-06
2023-06-18,297948,70,0.00023494032515741003,population aging,neutral,2023-06
2023-06-19,454954,137,0.00030112934494476364,population aging,neutral,2023-06
2023-06-20,501975,165,0.00032870162856715973,population aging,neutral,2023-06
2023-06-21,511651,120,0.00023453486849434477,population aging,neutral,2023-06
2023-06-22,500891,183,0.0003653489481743533,population aging,neutral,2023-06
2023-06-23,462693,162,0.0003501241644027465,population aging,neutral,2023-06
2023-06-24,311142,49,0.00015748436405242622,population aging,neutral,2023-06
2023-06-25,294103,72,0.000244812191647144,population aging,neutral,2023-06
2023-06-26,466890,117,0.0002505943584141875,population aging,neutral,2023-06
2023-06-27,488208,188,0.00038508176842657227,population aging,neutral,2023-06
2023-06-28,487306,170,0.00034885677582463585,population aging,neutral,2023-06
2023-06-29,476127,223,0.00046836243271228056,population aging,neutral,2023-06
2023-06-30,457265,173,0.00037833641323958757,population aging,neutral,2023-06
2023-07-01,303381,61,0.00020106730480814553,population aging,neutral,2023-07
2023-07-02,284625,38,0.00013350900307422046,population aging,neutral,2023-07
2023-07-03,445952,133,0.0002982383754305396,population aging,neutral,2023-07
2023-07-04,455884,196,0.00042993393056128316,population aging,neutral,2023-07
2023-07-05,501180,156,0.0003112654136238477,population aging,neutral,2023-07
2023-07-06,493339,197,0.00039931973754355523,population aging,neutral,2023-07
2023-07-07,463370,184,0.0003970908777003259,population aging,neutral,2023-07
2023-07-08,305403,32,0.00010477958631709577,population aging,neutral,2023-07
2023-07-09,291177,36,0.0001236361388433839,population aging,neutral,2023-07
2023-07-10,454453,172,0.0003784769822181832,population aging,neutral,2023-07
2023-07-11,492786,144,0.0002922160938013661,population aging,neutral,2023-07
2023-07-12,495376,180,0.0003633603565776299,population aging,neutral,2023-07
2023-07-13,488915,139,0.0002843029974535451,population aging,neutral,2023-07
2023-07-14,449795,104,0.00023121644304627663,population aging,neutral,2023-07
2023-07-15,300453,43,0.00014311722632158772,population aging,neutral,2023-07
2023-07-16,288895,34,0.00011768981810000173,population aging,neutral,2023-07
2023-07-17,452038,327,0.0007233905114171818,population aging,neutral,2023-07
2023-07-18,489747,212,0.0004328765668804505,population aging,neutral,2023-07
2023-07-19,486941,170,0.000349118271002031,population aging,neutral,2023-07
2023-07-20,476929,162,0.00033967320083282837,population aging,neutral,2023-07
2023-07-21,454340,168,0.0003697671347449047,population aging,neutral,2023-07
2023-07-22,300123,37,0.00012328278739050322,population aging,neutral,2023-07
2023-07-23,292470,55,0.00018805347557014396,population aging,neutral,2023-07
2023-07-24,453290,115,0.00025370072139248604,population aging,neutral,2023-07
2023-07-25,481260,145,0.00030129244067655735,population aging,neutral,2023-07
2023-07-26,491615,260,0.0005288691354006693,population aging,neutral,2023-07
2023-07-27,487834,163,0.0003341300524358696,population aging,neutral,2023-07
2023-07-28,459847,159,0.0003457671790834778,population aging,neutral,2023-07
2023-07-29,299402,35,0.00011689968670883962,population aging,neutral,2023-07
2023-07-30,284070,57,0.00020065476819093885,population aging,neutral,2023-07
2023-07-31,455803,158,0.0003466409830562765,population aging,neutral,2023-07
2023-08-01,477822,164,0.00034322404577436785,population aging,neutral,2023-08
2023-08-02,477375,330,0.0006912804399057345,population aging,neutral,2023-08
2023-08-03,477836,182,0.00038088381787893753,population aging,neutral,2023-08
2023-08-04,448645,94,0.00020951977621504753,population aging,neutral,2023-08
2023-08-05,300483,138,0.00045926059044937653,population aging,neutral,2023-08
2023-08-06,287612,55,0.00019122985132748286,population aging,neutral,2023-08
2023-08-07,440347,131,0.00029749265919831405,population aging,neutral,2023-08
2023-08-08,469410,157,0.0003344624102596877,population aging,neutral,2023-08
2023-08-09,478458,142,0.0002967867608024111,population aging,neutral,2023-08
2023-08-10,476103,109,0.00022894205665580767,population aging,neutral,2023-08
2023-08-11,439680,140,0.00031841339155749636,population aging,neutral,2023-08
2023-08-12,302092,56,0.00018537399202891834,population aging,neutral,2023-08
2023-08-13,287942,51,0.0001771190031325753,population aging,neutral,2023-08
2023-08-14,440043,162,0.0003681458402928805,population aging,neutral,2023-08
2023-08-15,470864,154,0.00032705834381052706,population aging,neutral,2023-08
2023-08-16,468638,174,0.00037128871324988586,population aging,neutral,2023-08
2023-08-17,475136,142,0.0002988617995689655,population aging,neutral,2023-08
2023-08-18,449947,176,0.00039115718073461987,population aging,neutral,2023-08
2023-08-19,313733,59,0.00018805799836166422,population aging,neutral,2023-08
2023-08-20,300751,59,0.0001961755738135534,population aging,neutral,2023-08
2023-08-21,438028,179,0.00040864967536321877,population aging,neutral,2023-08
2023-08-22,401105,124,0.00030914598421859614,population aging,neutral,2023-08
2023-08-23,370413,118,0.00031856333336033023,population aging,neutral,2023-08
2023-08-24,503040,214,0.00042541348600508907,population aging,neutral,2023-08
2023-08-25,456353,211,0.0004623613737611016,population aging,neutral,2023-08
2023-08-26,308918,60,0.00019422629953579914,population aging,neutral,2023-08
2023-08-27,295769,90,0.0003042915248048308,population aging,neutral,2023-08
2023-08-28,448775,275,0.0006127792323547434,population aging,neutral,2023-08
2023-08-29,481751,248,0.0005147887601686348,population aging,neutral,2023-08
2023-08-30,490413,251,0.0005118135122845438,population aging,neutral,2023-08
2023-08-31,497911,142,0.00028519153021323087,population aging,neutral,2023-08
2023-09-01,476936,158,0.0003312813459248201,population aging,neutral,2023-09
2023-09-02,313119,157,0.0005014068133840488,population aging,neutral,2023-09
2023-09-03,311627,87,0.0002791799170161764,population aging,neutral,2023-09
2023-09-04,435333,97,0.0002228179347763666,population aging,neutral,2023-09
2023-09-05,493288,147,0.0002980003567895428,population aging,neutral,2023-09
2023-09-06,510752,142,0.0002780214272288704,population aging,neutral,2023-09
2023-09-07,488234,187,0.0003830130634081199,population aging,neutral,2023-09
2023-09-08,463682,112,0.0002415448518596797,population aging,neutral,2023-09
2023-09-09,321208,39,0.00012141665213817838,population aging,neutral,2023-09
2023-09-10,313055,73,0.00023318586190924917,population aging,neutral,2023-09
2023-09-11,474764,167,0.00035175371342393273,population aging,neutral,2023-09
2023-09-12,501177,216,0.0004309854602266265,population aging,neutral,2023-09
2023-09-13,512947,222,0.0004327932515445065,population aging,neutral,2023-09
2023-09-14,504052,175,0.0003471864014030298,population aging,neutral,2023-09
2023-09-15,477614,132,0.0002763738081379524,population aging,neutral,2023-09
2023-09-16,313024,83,0.00026515538744633,population aging,neutral,2023-09
2023-09-17,307869,56,0.00018189554648243247,population aging,neutral,2023-09
2023-09-18,467258,223,0.0004772523958926332,population aging,neutral,2023-09
2023-09-19,502742,148,0.00029438558942757915,population aging,neutral,2023-09
2023-09-20,519399,168,0.00032345075751012226,population aging,neutral,2023-09
2023-09-21,511175,171,0.00033452340196605856,population aging,neutral,2023-09
2023-09-22,473154,152,0.00032124847301301477,population aging,neutral,2023-09
2023-09-23,316117,76,0.00024041731384265953,population aging,neutral,2023-09
2023-09-24,279092,38,0.00013615581958637294,population aging,neutral,2023-09
2023-09-25,471557,156,0.00033081896780240774,population aging,neutral,2023-09
2023-09-26,493643,226,0.00045782073279677823,population aging,neutral,2023-09
2023-09-27,505379,140,0.00027701982076817596,population aging,neutral,2023-09
2023-09-28,488069,247,0.0005060759851578363,population aging,neutral,2023-09
2023-09-29,447544,106,0.00023684822051016214,population aging,neutral,2023-09
2023-09-30,315650,63,0.0001995881514335498,population aging,neutral,2023-09
2023-10-01,291636,110,0.00037718251519016857,population aging,neutral,2023-10
2023-10-02,449201,163,0.00036286651187330393,population aging,neutral,2023-10
2023-10-03,405978,103,0.0002537083290227549,population aging,neutral,2023-10
2023-10-04,414982,164,0.00039519786400373994,population aging,neutral,2023-10
2023-10-05,450132,157,0.0003487865781592955,population aging,neutral,2023-10
2023-10-06,377905,266,0.0007038806049139334,population aging,neutral,2023-10
2023-10-07,251209,39,0.00015524921479724053,population aging,neutral,2023-10
2023-10-08,309776,45,0.00014526625690821756,population aging,neutral,2023-10
2023-10-09,440844,128,0.0002903521427080781,population aging,neutral,2023-10
2023-10-10,490873,172,0.00035039613097481427,population aging,neutral,2023-10
2023-10-11,503094,141,0.0002802657157509332,population aging,neutral,2023-10
2023-10-12,487234,258,0.0005295196969012835,population aging,neutral,2023-10
2023-10-13,468088,151,0.0003225889149048897,population aging,neutral,2023-10
2023-10-14,310303,41,0.00013212891915321477,population aging,neutral,2023-10
2023-10-15,229331,45,0.00019622292668675407,population aging,neutral,2023-10
2023-10-16,378908,82,0.00021641137162583003,population aging,neutral,2023-10
2023-10-17,354366,159,0.0004486886439443965,population aging,neutral,2023-10
2023-10-18,454881,161,0.00035393872243509844,population aging,neutral,2023-10
2023-10-19,324728,111,0.00034182454238624324,population aging,neutral,2023-10
2023-10-20,449556,110,0.0002446858678340407,population aging,neutral,2023-10
2023-10-21,300472,48,0.00015974866210495488,population aging,neutral,2023-10
2023-10-22,295955,47,0.00015880792688077578,population aging,neutral,2023-10
2023-10-23,414959,129,0.00031087408635551946,population aging,neutral,2023-10
2023-10-24,417249,198,0.0004745367873859494,population aging,neutral,2023-10
2023-10-25,379766,168,0.0004423776746733515,population aging,neutral,2023-10
2023-10-26,375887,191,0.0005081314331168676,population aging,neutral,2023-10
2023-10-27,474875,160,0.00033693077125559356,population aging,neutral,2023-10
2023-10-28,240563,40,0.00016627660945365663,population aging,neutral,2023-10
2023-10-29,279231,43,0.00015399436309005806,population aging,neutral,2023-10
2023-10-30,325647,115,0.0003531431273741198,population aging,neutral,2023-10
2023-10-31,454676,172,0.00037829135472292356,population aging,neutral,2023-10
2023-11-01,406342,162,0.00039867894532192097,population aging,neutral,2023-11
2023-11-02,313387,103,0.0003286671112713673,population aging,neutral,2023-11
2023-11-03,353019,108,0.0003059325418745167,population aging,neutral,2023-11
2023-11-04,217424,61,0.00028055780410626244,population aging,neutral,2023-11
2023-11-05,238825,50,0.00020935831675913326,population aging,neutral,2023-11
2023-11-06,293997,92,0.00031292836321459064,population aging,neutral,2023-11
2023-11-07,349578,160,0.00045769470618860453,population aging,neutral,2023-11
2023-11-08,395019,160,0.0004050438080193611,population aging,neutral,2023-11
2023-11-09,477530,259,0.0005423743010910309,population aging,neutral,2023-11
2023-11-10,496152,174,0.0003506989793450394,population aging,neutral,2023-11
2023-11-11,372697,75,0.00020123585647322087,population aging,neutral,2023-11
2023-11-12,343914,86,0.00025006251562890725,population aging,neutral,2023-11
2023-11-13,505874,117,0.0002312828886244401,population aging,neutral,2023-11
2023-11-14,531886,176,0.0003308979743779682,population aging,neutral,2023-11
2023-11-15,532214,222,0.0004171254420214425,population aging,neutral,2023-11
2023-11-16,528144,204,0.0003862582931927656,population aging,neutral,2023-11
2023-11-17,518066,237,0.0004574706697602236,population aging,neutral,2023-11
2023-11-18,374406,56,0.00014957025261347307,population aging,neutral,2023-11
2023-11-19,346778,79,0.0002278114528603314,population aging,neutral,2023-11
2023-11-20,489625,165,0.0003369925963747766,population aging,neutral,2023-11
2023-11-21,493213,114,0.00023113745988041678,population aging,neutral,2023-11
2023-11-22,570322,146,0.0002559957357422649,population aging,neutral,2023-11
2023-11-23,510558,104,0.00020369869828697229,population aging,neutral,2023-11
2023-11-24,465253,86,0.00018484566461688585,population aging,neutral,2023-11
2023-11-25,339983,68,0.000200010000500025,population aging,neutral,2023-11
2023-11-26,350990,47,0.00013390694891592353,population aging,neutral,2023-11
2023-11-27,499915,117,0.00023403978676374984,population aging,neutral,2023-11
2023-11-28,531630,165,0.00031036623215394165,population aging,neutral,2023-11
2023-11-29,552523,312,0.0005646823752133395,population aging,neutral,2023-11
2023-11-30,560459,217,0.00038718264850774096,population aging,neutral,2023-11
2023-12-01,521593,214,0.00041028157969911404,population aging,neutral,2023-12
2023-12-02,370071,53,0.0001432157612998587,population aging,neutral,2023-12
2023-12-03,346452,52,0.00015009294216803483,population aging,neutral,2023-12
2023-12-04,508715,188,0.0003695585937116067,population aging,neutral,2023-12
2023-12-05,439522,112,0.00025482228420875406,population aging,neutral,2023-12
2023-12-06,447712,139,0.00031046744335644344,population aging,neutral,2023-12
2023-12-07,444233,186,0.00041869919614256483,population aging,neutral,2023-12
2023-12-08,426877,210,0.0004919449864949388,population aging,neutral,2023-12
2023-12-09,306237,120,0.0003918533684695187,population aging,neutral,2023-12
2023-12-10,301897,171,0.000566418347979609,population aging,neutral,2023-12
2023-12-11,432070,274,0.0006341565024185896,population aging,neutral,2023-12
2023-12-12,453920,148,0.00032604864293267537,population aging,neutral,2023-12
2023-12-13,464155,257,0.0005536943477933018,population aging,neutral,2023-12
2023-12-14,457220,340,0.00074362451336337,population aging,neutral,2023-12
2023-12-15,434987,207,0.00047587629055580974,population aging,neutral,2023-12
2023-12-16,299627,113,0.0003771355718943887,population aging,neutral,2023-12
2023-12-17,289281,77,0.00026617717720831994,population aging,neutral,2023-12
2023-12-18,432847,236,0.0005452272974053187,population aging,neutral,2023-12
2023-12-19,442004,208,0.00047058397661559623,population aging,neutral,2023-12
2023-12-20,453183,268,0.0005913725801718069,population aging,neutral,2023-12
2023-12-21,439238,155,0.0003528838579540022,population aging,neutral,2023-12
2023-12-22,409045,91,0.0002224694104560623,population aging,neutral,2023-12
2023-12-23,284409,30,0.00010548189403288925,population aging,neutral,2023-12
2023-12-24,254126,24,9.444134012261634e-05,population aging,neutral,2023-12
2023-12-25,262260,25,9.532524975215435e-05,population aging,neutral,2023-12
2023-12-26,334738,76,0.00022704323978753533,population aging,neutral,2023-12
2023-12-27,385441,151,0.00039175905002322015,population aging,neutral,2023-12
2023-12-28,390902,125,0.0003197732423983505,population aging,neutral,2023-12
2023-12-29,368395,80,0.0002171582133307998,population aging,neutral,2023-12
2023-12-30,276938,42,0.00015165849395893665,population aging,neutral,2023-12
2023-12-31,253133,29,0.00011456428043755654,population aging,neutral,2023-12
2023-01-01,386660,39,0.0001008638079966896,active aging,empowering,2023-01
2023-01-02,376736,25,6.635946657606387e-05,active aging,empowering,2023-01
2023-01-03,463750,51,0.00010997304582210243,active aging,empowering,2023-01
2023-01-04,476285,92,0.0001931616574110039,active aging,empowering,2023-01
2023-01-05,513716,52,0.00010122324397137717,active aging,empowering,2023-01
2023-01-06,446257,57,0.0001277290888434243,active aging,empowering,2023-01
2023-01-07,338006,33,9.763140299284627e-05,active aging,empowering,2023-01
2023-01-08,321144,25,7.784669805445532e-05,active aging,empowering,2023-01
2023-01-09,516613,104,0.00020131123297323142,active aging,empowering,2023-01
2023-01-10,518847,58,0.00011178632621948281,active aging,empowering,2023-01
2023-01-11,555868,89,0.00016010995416177942,active aging,empowering,2023-01
2023-01-12,526056,106,0.00020149946013352192,active aging,empowering,2023-01
2023-01-13,488831,79,0.00016161004518944175,active aging,empowering,2023-01
2023-01-14,322746,47,0.00014562535244433704,active aging,empowering,2023-01
2023-01-15,311609,28,8.985619799171398e-05,active aging,empowering,2023-01
2023-01-16,460938,80,0.00017355913376636338,active aging,empowering,2023-01
2023-01-17,508077,68,0.0001338379812508734,active aging,empowering,2023-01
2023-01-18,524187,94,0.00017932531711011527,active aging,empowering,2023-01
2023-01-19,517612,83,0.00016035176927891936,active aging,empowering,2023-01
2023-01-20,483858,47,9.713593657643358e-05,active aging,empowering,2023-01
2023-01-21,325412,35,0.00010755595982938552,active aging,empowering,2023-01
2023-01-22,311528,23,7.382963971135821e-05,active aging,empowering,2023-01
2023-01-23,474487,143,0.0003013781199484917,active aging,empowering,2023-01
2023-01-24,503497,71,0.00014101374983366337,active aging,empowering,2023-01
2023-01-25,513829,171,0.0003327955409289861,active aging,empowering,2023-01
2023-01-26,504774,63,0.00012480833006454375,active aging,empowering,2023-01
2023-01-27,478129,83,0.00017359331895785448,active aging,empowering,2023-01
2023-01-28,327154,39,0.00011920991337412962,active aging,empowering,2023-01
2023-01-29,337263,43,0.00012749693859095127,active aging,empowering,2023-01
2023-01-30,498506,109,0.0002186533361684714,active aging,empowering,2023-01
2023-01-31,520924,48,9.21439595795164e-05,active aging,empowering,2023-01
2023-02-01,545720,91,0.0001667521806054387,active aging,empowering,2023-02
2023-02-02,521178,70,0.00013431111827437076,active aging,empowering,2023-02
2023-02-03,479265,70,0.0001460569830886879,active aging,empowering,2023-02
2023-02-04,336576,26,7.724852633580529e-05,active aging,empowering,2023-02
2023-02-05,313435,15,4.7856812417247595e-05,active aging,empowering,2023-02
2023-02-06,489890,66,0.00013472412174161545,active aging,empowering,2023-02
2023-02-07,509337,172,0.00033769390403603117,active aging,empowering,2023-02
2023-02-08,527289,92,0.0001744773738879438,active aging,empowering,2023-02
2023-02-09,519827,76,0.0001462024865965023,active aging,empowering,2023-02
2023-02-10,490576,100,0.00020384201428524836,active aging,empowering,2023-02
2023-02-11,321346,31,9.646922631680494e-05,active aging,empowering,2023-02
2023-02-12,315406,38,0.00012047963577103796,active aging,empowering,2023-02
2023-02-13,484652,78,0.00016094022102457022,active aging,empowering,2023-02
2023-02-14,511527,69,0.00013489024039786755,active aging,empowering,2023-02
2023-02-15,517380,70,0.00013529707371757703,active aging,empowering,2023-02
2023-02-16,519253,76,0.00014636410381836985,active aging,empowering,2023-02
2023-02-17,484478,124,0.0002559455744120476,active aging,empowering,2023-02
2023-02-18,321085,67,0.00020866748680256007,active aging,empowering,2023-02
2023-02-19,310960,28,9.004373552868537e-05,active aging,empowering,2023-02
2023-02-20,443848,44,9.913303653503001e-05,active aging,empowering,2023-02
2023-02-21,479395,55,0.00011472793833894805,active aging,empowering,2023-02
2023-02-22,501956,61,0.00012152459578130353,active aging,empowering,2023-02
2023-02-23,496300,96,0.00019343139230304252,active aging,empowering,2023-02
2023-02-24,471742,58,0.00012294856086589705,active aging,empowering,2023-02
2023-02-25,323605,36,0.00011124673598986419,active aging,empowering,2023-02
2023-02-26,307580,38,0.00012354509395929515,active aging,empowering,2023-02
2023-02-27,475064,85,0.0001789232608659044,active aging,empowering,2023-02
2023-02-28,500745,69,0.00013779468591798222,active aging,empowering,2023-02
2023-03-01,514545,82,0.0001593640983781788,active aging,empowering,2023-03
2023-03-02,510532,69,0.0001351531343774729,active aging,empowering,2023-03
2023-03-03,478228,55,0.00011500790417959634,active aging,empowering,2023-03
2023-03-04,318967,32,0.00010032385795395762,active aging,empowering,2023-03
2023-03-05,306986,37,0.00012052666896861746,active aging,empowering,2023-03
2023-03-06,477110,66,0.00013833287921024502,active aging,empowering,2023-03
2023-03-07,491276,115,0.00023408430291730107,active aging,empowering,2023-03
2023-03-08,479238,100,0.00020866458836736653,active aging,empowering,2023-03
2023-03-09,500869,87,0.00017369811268016188,active aging,empowering,2023-03
2023-03-10,474747,81,0.00017061719189378764,active aging,empowering,2023-03
2023-03-11,312372,42,0.000134455072797818,active aging,empowering,2023-03
2023-03-12,313775,53,0.00016891084375746953,active aging,empowering,2023-03
2023-03-13,483073,71,0.00014697571588559078,active aging,empowering,2023-03
2023-03-14,502396,140,0.00027866463904967394,active aging,empowering,2023-03
2023-03-15,512681,75,0.00014628979813958388,active aging,empowering,2023-03
2023-03-16,515796,79,0.00015316132734647032,active aging,empowering,2023-03
2023-03-17,477867,48,0.00010044635850560931,active aging,empowering,2023-03
2023-03-18,312067,39,0.00012497316281439563,active aging,empowering,2023-03
2023-03-19,301941,29,9.604525387410123e-05,active aging,empowering,2023-03
2023-03-20,473417,67,0.00014152427986320728,active aging,empowering,2023-03
2023-03-21,486641,76,0.00015617262006283893,active aging,empowering,2023-03
2023-03-22,503482,82,0.0001628658025510346,active aging,empowering,2023-03
2023-03-23,494531,99,0.0002001896746614469,active aging,empowering,2023-03
2023-03-24,462455,79,0.00017082743185823485,active aging,empowering,2023-03
2023-03-25,309743,59,0.00019048049512014798,active aging,empowering,2023-03
2023-03-26,299147,23,7.68852771379957e-05,active aging,empowering,2023-03
2023-03-27,475695,104,0.00021862748189491166,active aging,empowering,2023-03
2023-03-28,490819,56,0.00011409501262176077,active aging,empowering,2023-03
2023-03-29,497556,71,0.00014269750540642662,active aging,empowering,2023-03
2023-03-30,420677,89,0.00021156374130270968,active aging,empowering,2023-03
2023-03-31,449869,53,0.00011781207418159509,active aging,empowering,2023-03
2023-04-01,315540,28,8.873676871395069e-05,active aging,empowering,2023-04
2023-04-02,309179,33,0.0001067342866106689,active aging,empowering,2023-04
2023-04-03,476836,60,0.00012582942563061513,active aging,empowering,2023-04
2023-04-04,487193,61,0.000125207053467517,active aging,empowering,2023-04
2023-04-05,488458,106,0.00021700944605268006,active aging,empowering,2023-04
2023-04-06,459113,61,0.00013286489382788116,active aging,empowering,2023-04
2023-04-07,389270,49,0.0001258766408919259,active aging,empowering,2023-04
2023-04-08,290669,27,9.288916258699759e-05,active aging,empowering,2023-04
2023-04-09,273774,17,6.209501267468789e-05,active aging,empowering,2023-04
2023-04-10,405537,58,0.00014302024229601737,active aging,empowering,2023-04
2023-04-11,477794,86,0.00017999388857959706,active aging,empowering,2023-04
2023-04-12,488672,63,0.00012892083033200184,active aging,empowering,2023-04
2023-04-13,490386,64,0.0001305094354243392,active aging,empowering,2023-04
2023-04-14,456649,103,0.00022555617115114672,active aging,empowering,2023-04
2023-04-15,304282,23,7.558777712779593e-05,active aging,empowering,2023-04
2023-04-16,294116,27,9.180051408287887e-05,active aging,empowering,2023-04
2023-04-17,449839,43,9.558975544583728e-05,active aging,empowering,2023-04
2023-04-18,487585,97,0.00019893967205717976,active aging,empowering,2023-04
2023-04-19,495117,109,0.00022014998475107904,active aging,empowering,2023-04
2023-04-20,505072,114,0.00022571039376564133,active aging,empowering,2023-04
2023-04-21,442165,89,0.00020128232673323308,active aging,empowering,2023-04
2023-04-22,291122,26,8.930963650977941e-05,active aging,empowering,2023-04
2023-04-23,285319,43,0.00015070850521696767,active aging,empowering,2023-04
2023-04-24,453171,106,0.00023390728886005504,active aging,empowering,2023-04
2023-04-25,478078,141,0.0002949309526897285,active aging,empowering,2023-04
2023-04-26,499642,94,0.00018813470444838505,active aging,empowering,2023-04
2023-04-27,503305,89,0.00017683114612411957,active aging,empowering,2023-04
2023-04-28,477911,81,0.00016948762426476896,active aging,empowering,2023-04
2023-04-29,312100,31,9.93271387375841e-05,active aging,empowering,2023-04
2023-04-30,292074,25,8.559474653683656e-05,active aging,empowering,2023-04
2023-05-01,382308,113,0.00029557320275798573,active aging,empowering,2023-05
2023-05-02,472981,111,0.0002346817314014728,active aging,empowering,2023-05
2023-05-03,496390,95,0.00019138177642579423,active aging,empowering,2023-05
2023-05-04,496481,85,0.00017120494037032636,active aging,empowering,2023-05
2023-05-05,463524,99,0.0002135811737903539,active aging,empowering,2023-05
2023-05-06,318236,22,6.91310851066504e-05,active aging,empowering,2023-05
2023-05-07,305413,20,6.548509722899811e-05,active aging,empowering,2023-05
2023-05-08,460286,87,0.00018901291805529605,active aging,empowering,2023-05
2023-05-09,488772,108,0.0002209619208956323,active aging,empowering,2023-05
2023-05-10,520267,81,0.0001556892903067079,active aging,empowering,2023-05
2023-05-11,499831,110,0.00022007438514217806,active aging,empowering,2023-05
2023-05-12,475520,73,0.00015351615074024225,active aging,empowering,2023-05
2023-05-13,290386,28,9.642338129248655e-05,active aging,empowering,2023-05
2023-05-14,247082,24,9.713374507248606e-05,active aging,empowering,2023-05
2023-05-15,476911,79,0.0001656493559594977,active aging,empowering,2023-05
2023-05-16,508558,74,0.00014550946008124935,active aging,empowering,2023-05
2023-05-17,516177,93,0.00018017075538042182,active aging,empowering,2023-05
2023-05-18,491864,114,0.00023177138395979376,active aging,empowering,2023-05
2023-05-19,475987,75,0.00015756732851947638,active aging,empowering,2023-05
2023-05-20,313906,36,0.00011468401368562563,active aging,empowering,2023-05
2023-05-21,305588,29,9.489901435920259e-05,active aging,empowering,2023-05
2023-05-22,478952,64,0.00013362508142778399,active aging,empowering,2023-05
2023-05-23,502427,70,0.00013932372265025567,active aging,empowering,2023-05
2023-05-24,515438,104,0.00020177014500289076,active aging,empowering,2023-05
2023-05-25,506377,162,0.00031991974359025,active aging,empowering,2023-05
2023-05-26,476611,115,0.00024128691952137067,active aging,empowering,2023-05
2023-05-27,315199,61,0.00019352853276818772,active aging,empowering,2023-05
2023-05-28,311410,39,0.00012523682604925982,active aging,empowering,2023-05
2023-05-29,422001,50,0.00011848313155656029,active aging,empowering,2023-05
2023-05-30,492310,44,8.93745810566513e-05,active aging,empowering,2023-05
2023-05-31,511821,108,0.00021101127151875362,active aging,empowering,2023-05
2023-06-01,520029,122,0.00023460230102551974,active aging,empowering,2023-06
2023-06-02,471163,59,0.00012522205691024125,active aging,empowering,2023-06
2023-06-03,316228,30,9.48682596101547e-05,active aging,empowering,2023-06
2023-06-04,302435,26,8.5968885876304e-05,active aging,empowering,2023-06
2023-06-05,478406,55,0.00011496511331379623,active aging,empowering,2023-06
2023-06-06,497032,75,0.00015089571697596936,active aging,empowering,2023-06
2023-06-07,511926,90,0.000175806659556264,active aging,empowering,2023-06
2023-06-08,485205,109,0.00022464731402190827,active aging,empowering,2023-06
2023-06-09,469746,152,0.00032357912574029367,active aging,empowering,2023-06
2023-06-10,309255,25,8.0839436710805e-05,active aging,empowering,2023-06
2023-06-11,301437,122,0.0004047280194534845,active aging,empowering,2023-06
2023-06-12,469490,52,0.00011075848260878826,active aging,empowering,2023-06
2023-06-13,507360,76,0.00014979501734468622,active aging,empowering,2023-06
2023-06-14,513410,157,0.0003057984846419041,active aging,empowering,2023-06
2023-06-15,512254,159,0.0003103928910267172,active aging,empowering,2023-06
2023-06-16,479492,89,0.00018561310720512542,active aging,empowering,2023-06
2023-06-17,313647,25,7.970744180559673e-05,active aging,empowering,2023-06
2023-06-18,297948,51,0.00017117080832897017,active aging,empowering,2023-06
2023-06-19,454954,57,0.00012528739169234693,active aging,empowering,2023-06
2023-06-20,501975,87,0.0001733154041535933,active aging,empowering,2023-06
2023-06-21,511651,106,0.00020717246717000455,active aging,empowering,2023-06
2023-06-22,500891,87,0.00017369048355829911,active aging,empowering,2023-06
2023-06-23,462693,90,0.0001945134246681925,active aging,empowering,2023-06
2023-06-24,311142,103,0.00033103856117142657,active aging,empowering,2023-06
2023-06-25,294103,31,0.00010540524918140923,active aging,empowering,2023-06
2023-06-26,466890,70,0.00014992824862387286,active aging,empowering,2023-06
2023-06-27,488208,124,0.00025399010257922853,active aging,empowering,2023-06
2023-06-28,487306,103,0.0002113661641761029,active aging,empowering,2023-06
2023-06-29,476127,198,0.0004158554335292895,active aging,empowering,2023-06
2023-06-30,457265,89,0.00019463549582845834,active aging,empowering,2023-06
2023-07-01,303381,32,0.00010547793039115831,active aging,empowering,2023-07
2023-07-02,284625,21,7.378129117259552e-05,active aging,empowering,2023-07
2023-07-03,445952,78,0.00017490671641791044,active aging,empowering,2023-07
2023-07-04,455884,51,0.00011187056356441551,active aging,empowering,2023-07
2023-07-05,501180,109,0.00021748673131409874,active aging,empowering,2023-07
2023-07-06,493339,197,0.00039931973754355523,active aging,empowering,2023-07
2023-07-07,463370,112,0.0002417074907741114,active aging,empowering,2023-07
2023-07-08,305403,28,9.16821380274588e-05,active aging,empowering,2023-07
2023-07-09,291177,15,5.1515057851409966e-05,active aging,empowering,2023-07
2023-07-10,454453,96,0.00021124296681945107,active aging,empowering,2023-07
2023-07-11,492786,95,0.00019278145077173458,active aging,empowering,2023-07
2023-07-12,495376,124,0.00025031491230903394,active aging,empowering,2023-07
2023-07-13,488915,117,0.00023930540073427897,active aging,empowering,2023-07
2023-07-14,449795,97,0.0002156537978412388,active aging,empowering,2023-07
2023-07-15,300453,25,8.320768972185334e-05,active aging,empowering,2023-07
2023-07-16,288895,20,6.92293047647069e-05,active aging,empowering,2023-07
2023-07-17,452038,136,0.00030085966224078505,active aging,empowering,2023-07
2023-07-18,489747,115,0.00023481511882665948,active aging,empowering,2023-07
2023-07-19,486941,80,0.0001642909510597793,active aging,empowering,2023-07
2023-07-20,476929,105,0.0002201585560953517,active aging,empowering,2023-07
2023-07-21,454340,139,0.0003059382841044152,active aging,empowering,2023-07
2023-07-22,300123,32,0.00010662295125665144,active aging,empowering,2023-07
2023-07-23,292470,24,8.205969843060826e-05,active aging,empowering,2023-07
2023-07-24,453290,154,0.0003397383573429813,active aging,empowering,2023-07
2023-07-25,481260,90,0.00018700910110958733,active aging,empowering,2023-07
2023-07-26,491615,100,0.00020341120592333431,active aging,empowering,2023-07
2023-07-27,487834,86,0.00017628947551831157,active aging,empowering,2023-07
2023-07-28,459847,108,0.00023486072541519244,active aging,empowering,2023-07
2023-07-29,299402,27,9.01797583182477e-05,active aging,empowering,2023-07
2023-07-30,284070,24,8.448621818565847e-05,active aging,empowering,2023-07
2023-07-31,455803,81,0.0001777083520731544,active aging,empowering,2023-07
2023-08-01,477822,92,0.00019254031836123074,active aging,empowering,2023-08
2023-08-02,477375,80,0.00016758313694684472,active aging,empowering,2023-08
2023-08-03,477836,70,0.00014649377610728367,active aging,empowering,2023-08
2023-08-04,448645,64,0.00014265176252939405,active aging,empowering,2023-08
2023-08-05,300483,32,0.00010649520937956557,active aging,empowering,2023-08
2023-08-06,287612,21,7.301503414322073e-05,active aging,empowering,2023-08
2023-08-07,440347,71,0.0001612364794128267,active aging,empowering,2023-08
2023-08-08,469410,81,0.00017255703968811913,active aging,empowering,2023-08
2023-08-09,478458,101,0.00021109480873974308,active aging,empowering,2023-08
2023-08-10,476103,88,0.00018483395399734932,active aging,empowering,2023-08
2023-08-11,439680,73,0.00016602983988355167,active aging,empowering,2023-08
2023-08-12,302092,34,0.00011254849516041471,active aging,empowering,2023-08
2023-08-13,287942,20,6.945843260100993e-05,active aging,empowering,2023-08
2023-08-14,440043,66,0.0001499853423415439,active aging,empowering,2023-08
2023-08-15,470864,74,0.0001571579054673961,active aging,empowering,2023-08
2023-08-16,468638,90,0.00019204588616373406,active aging,empowering,2023-08
2023-08-17,475136,76,0.0001599542025862069,active aging,empowering,2023-08
2023-08-18,449947,73,0.00016224133064560937,active aging,empowering,2023-08
2023-08-19,313733,26,8.287301622717407e-05,active aging,empowering,2023-08
2023-08-20,300751,41,0.00013632539875179135,active aging,empowering,2023-08
2023-08-21,438028,63,0.0001438264220552111,active aging,empowering,2023-08
2023-08-22,401105,83,0.0002069283604043829,active aging,empowering,2023-08
2023-08-23,370413,67,0.00018087918080628919,active aging,empowering,2023-08
2023-08-24,503040,112,0.00022264631043256999,active aging,empowering,2023-08
2023-08-25,456353,112,0.00024542404673575063,active aging,empowering,2023-08
2023-08-26,308918,25,8.092762480658297e-05,active aging,empowering,2023-08
2023-08-27,295769,22,7.438237273006976e-05,active aging,empowering,2023-08
2023-08-28,448775,70,0.0001559801682357529,active aging,empowering,2023-08
2023-08-29,481751,75,0.00015568208472841778,active aging,empowering,2023-08
2023-08-30,490413,92,0.0001875969845823826,active aging,empowering,2023-08
2023-08-31,497911,166,0.0003333929156013826,active aging,empowering,2023-08
2023-09-01,476936,57,0.00011951289061844776,active aging,empowering,2023-09
2023-09-02,313119,29,9.261654514737209e-05,active aging,empowering,2023-09
2023-09-03,311627,21,6.738825583149085e-05,active aging,empowering,2023-09
2023-09-04,435333,36,8.269531599947627e-05,active aging,empowering,2023-09
2023-09-05,493288,59,0.00011960558537811583,active aging,empowering,2023-09
2023-09-06,510752,77,0.00015075809786354238,active aging,empowering,2023-09
2023-09-07,488234,101,0.0002068680182043856,active aging,empowering,2023-09
2023-09-08,463682,108,0.00023291825000754828,active aging,empowering,2023-09
2023-09-09,321208,20,6.226494981445045e-05,active aging,empowering,2023-09
2023-09-10,313055,20,6.388653750938333e-05,active aging,empowering,2023-09
2023-09-11,474764,56,0.00011795334102838462,active aging,empowering,2023-09
2023-09-12,501177,66,0.00013169000173591367,active aging,empowering,2023-09
2023-09-13,512947,63,0.000122819706519387,active aging,empowering,2023-09
2023-09-14,504052,74,0.00014681024973613833,active aging,empowering,2023-09
2023-09-15,477614,70,0.00014656186795194447,active aging,empowering,2023-09
2023-09-16,313024,43,0.00013736965855653242,active aging,empowering,2023-09
2023-09-17,307869,21,6.821082993091217e-05,active aging,empowering,2023-09
2023-09-18,467258,53,0.00011342769947224018,active aging,empowering,2023-09
2023-09-19,502742,70,0.0001392364274319631,active aging,empowering,2023-09
2023-09-20,519399,151,0.0002907206213335028,active aging,empowering,2023-09
2023-09-21,511175,69,0.00013498312710911135,active aging,empowering,2023-09
2023-09-22,473154,73,0.00015428380611809262,active aging,empowering,2023-09
2023-09-23,316117,70,0.00022143699959192324,active aging,empowering,2023-09
2023-09-24,279092,81,0.0002902268785920055,active aging,empowering,2023-09
2023-09-25,471557,67,0.00014208250540231616,active aging,empowering,2023-09
2023-09-26,493643,71,0.00014382863729456307,active aging,empowering,2023-09
2023-09-27,505379,84,0.0001662118924609056,active aging,empowering,2023-09
2023-09-28,488069,87,0.00017825348465073585,active aging,empowering,2023-09
2023-09-29,447544,59,0.0001318306133028261,active aging,empowering,2023-09
2023-09-30,315650,38,0.00012038650403928402,active aging,empowering,2023-09
2023-10-01,291636,38,0.00013029941433842187,active aging,empowering,2023-10
2023-10-02,449201,75,0.00016696311896010916,active aging,empowering,2023-10
2023-10-03,405978,71,0.00017488632388947185,active aging,empowering,2023-10
2023-10-04,414982,74,0.00017832098741632168,active aging,empowering,2023-10
2023-10-05,450132,86,0.00019105506829107907,active aging,empowering,2023-10
2023-10-06,377905,82,0.00021698575038700202,active aging,empowering,2023-10
2023-10-07,251209,23,9.155722923939827e-05,active aging,empowering,2023-10
2023-10-08,309776,26,8.39316151025257e-05,active aging,empowering,2023-10
2023-10-09,440844,63,0.00014290769523913222,active aging,empowering,2023-10
2023-10-10,490873,62,0.0001263055820955726,active aging,empowering,2023-10
2023-10-11,503094,64,0.00012721280714935977,active aging,empowering,2023-10
2023-10-12,487234,84,0.00017240176178181325,active aging,empowering,2023-10
2023-10-13,468088,57,0.00012177197450052126,active aging,empowering,2023-10
2023-10-14,310303,24,7.734375755310133e-05,active aging,empowering,2023-10
2023-10-15,229331,32,0.0001395363034216918,active aging,empowering,2023-10
2023-10-16,378908,54,0.0001425148057048149,active aging,empowering,2023-10
2023-10-17,354366,54,0.0001523848224716818,active aging,empowering,2023-10
2023-10-18,454881,44,9.672859495120702e-05,active aging,empowering,2023-10
2023-10-19,324728,54,0.00016629302062033457,active aging,empowering,2023-10
2023-10-20,449556,64,0.0001423626867398055,active aging,empowering,2023-10
2023-10-21,300472,15,4.99214569077984e-05,active aging,empowering,2023-10
2023-10-22,295955,19,6.419894916456893e-05,active aging,empowering,2023-10
2023-10-23,414959,58,0.00013977284502806302,active aging,empowering,2023-10
2023-10-24,417249,73,0.00017495548221805205,active aging,empowering,2023-10
2023-10-25,379766,116,0.0003054512515601713,active aging,empowering,2023-10
2023-10-26,375887,53,0.0001409998217549423,active aging,empowering,2023-10
2023-10-27,474875,66,0.00013898394314293234,active aging,empowering,2023-10
2023-10-28,240563,25,0.00010392288090853539,active aging,empowering,2023-10
2023-10-29,279231,23,8.236907793189151e-05,active aging,empowering,2023-10
2023-10-30,325647,45,0.00013818644114639472,active aging,empowering,2023-10
2023-10-31,454676,68,0.00014955704721603954,active aging,empowering,2023-10
2023-11-01,406342,161,0.0003962179641779585,active aging,empowering,2023-11
2023-11-02,313387,63,0.00020102939815627323,active aging,empowering,2023-11
2023-11-03,353019,54,0.00015296627093725835,active aging,empowering,2023-11
2023-11-04,217424,44,0.0002023695636176319,active aging,empowering,2023-11
2023-11-05,238825,24,0.00010049199204438396,active aging,empowering,2023-11
2023-11-06,293997,64,0.00021768929614928044,active aging,empowering,2023-11
2023-11-07,349578,49,0.00014016900377026014,active aging,empowering,2023-11
2023-11-08,395019,66,0.00016708057080798644,active aging,empowering,2023-11
2023-11-09,477530,80,0.00016752874164973927,active aging,empowering,2023-11
2023-11-10,496152,98,0.00019752011480352795,active aging,empowering,2023-11
2023-11-11,372697,42,0.00011269207962500369,active aging,empowering,2023-11
2023-11-12,343914,45,0.00013084666515466076,active aging,empowering,2023-11
2023-11-13,505874,72,0.00014232793146119388,active aging,empowering,2023-11
2023-11-14,531886,85,0.00015980868080754147,active aging,empowering,2023-11
2023-11-15,532214,108,0.0002029258907131342,active aging,empowering,2023-11
2023-11-16,528144,128,0.00024235814474840196,active aging,empowering,2023-11
2023-11-17,518066,85,0.00016407175919670467,active aging,empowering,2023-11
2023-11-18,374406,54,0.0001442284578772776,active aging,empowering,2023-11
2023-11-19,346778,71,0.00020474193864662696,active aging,empowering,2023-11
2023-11-20,489625,80,0.00016339034975746745,active aging,empowering,2023-11
2023-11-21,493213,84,0.000170311812543465,active aging,empowering,2023-11
2023-11-22,570322,81,0.00014202503147344833,active aging,empowering,2023-11
2023-11-23,510558,73,0.00014298081706681708,active aging,empowering,2023-11
2023-11-24,465253,107,0.00022998239667449752,active aging,empowering,2023-11
2023-11-25,339983,44,0.00012941823561766322,active aging,empowering,2023-11
2023-11-26,350990,27,7.692526852616884e-05,active aging,empowering,2023-11
2023-11-27,499915,96,0.00019203264554974346,active aging,empowering,2023-11
2023-11-28,531630,148,0.00027838910520474767,active aging,empowering,2023-11
2023-11-29,552523,150,0.0002714819111602594,active aging,empowering,2023-11
2023-11-30,560459,88,0.00015701416160682585,active aging,empowering,2023-11
2023-12-01,521593,81,0.00015529349511975813,active aging,empowering,2023-12
2023-12-02,370071,63,0.00017023760305454898,active aging,empowering,2023-12
2023-12-03,346452,52,0.00015009294216803483,active aging,empowering,2023-12
2023-12-04,508715,67,0.00013170439243977473,active aging,empowering,2023-12
2023-12-05,439522,64,0.00014561273383357376,active aging,empowering,2023-12
2023-12-06,447712,103,0.00023005860910585375,active aging,empowering,2023-12
2023-12-07,444233,41,9.229390882712451e-05,active aging,empowering,2023-12
2023-12-08,426877,72,0.00016866685251255045,active aging,empowering,2023-12
2023-12-09,306237,43,0.00014041412370157755,active aging,empowering,2023-12
2023-12-10,301897,30,9.937163999642262e-05,active aging,empowering,2023-12
2023-12-11,432070,36,8.331983243455921e-05,active aging,empowering,2023-12
2023-12-12,453920,54,0.00011896369404300317,active aging,empowering,2023-12
2023-12-13,464155,79,0.0001702017644967737,active aging,empowering,2023-12
2023-12-14,457220,73,0.00015966055728095885,active aging,empowering,2023-12
2023-12-15,434987,70,0.00016092434946331729,active aging,empowering,2023-12
2023-12-16,299627,24,8.009959049084362e-05,active aging,empowering,2023-12
2023-12-17,289281,20,6.913692914501816e-05,active aging,empowering,2023-12
2023-12-18,432847,98,0.0002264079455327171,active aging,empowering,2023-12
2023-12-19,442004,68,0.000153844761585868,active aging,empowering,2023-12
2023-12-20,453183,91,0.00020080188356580013,active aging,empowering,2023-12
2023-12-21,439238,48,0.00010928016246317487,active aging,empowering,2023-12
2023-12-22,409045,53,0.00012957009619968463,active aging,empowering,2023-12
2023-12-23,284409,30,0.00010548189403288925,active aging,empowering,2023-12
2023-12-24,254126,21,8.26361726072893e-05,active aging,empowering,2023-12
2023-12-25,262260,19,7.244718981163731e-05,active aging,empowering,2023-12
2023-12-26,334738,37,0.00011053420884393167,active aging,empowering,2023-12
2023-12-27,385441,53,0.00013750483212735543,active aging,empowering,2023-12
2023-12-28,390902,124,0.00031721505645916366,active aging,empowering,2023-12
2023-12-29,368395,132,0.0003583110519958197,active aging,empowering,2023-12
2023-12-30,276938,85,0.00030692790444070513,active aging,empowering,2023-12
2023-12-31,253133,21,8.296034100650646e-05,active aging,empowering,2023-12
2023-01-01,386660,70,0.00018103760409662236,successful aging,empowering,2023-01
2023-01-02,376736,51,0.0001353733118151703,successful aging,empowering,2023-01
2023-01-03,463750,40,8.62533692722372e-05,successful aging,empowering,2023-01
2023-01-04,476285,134,0.0002813441531855927,successful aging,empowering,2023-01
2023-01-05,513716,98,0.00019076688286913393,successful aging,empowering,2023-01
2023-01-06,446257,40,8.963444831117496e-05,successful aging,empowering,2023-01
2023-01-07,338006,82,0.00024259924380040592,successful aging,empowering,2023-01
2023-01-08,321144,45,0.00014012405649801958,successful aging,empowering,2023-01
2023-01-09,516613,94,0.00018195438364888223,successful aging,empowering,2023-01
2023-01-10,518847,51,9.829487305506248e-05,successful aging,empowering,2023-01
2023-01-11,555868,63,0.00011333625968755172,successful aging,empowering,2023-01
2023-01-12,526056,50,9.504691515732165e-05,successful aging,empowering,2023-01
2023-01-13,488831,61,0.00012478750324754364,successful aging,empowering,2023-01
2023-01-14,322746,15,4.647617631202246e-05,successful aging,empowering,2023-01
2023-01-15,311609,37,0.00011873854734619346,successful aging,empowering,2023-01
2023-01-16,460938,33,7.159314267862489e-05,successful aging,empowering,2023-01
2023-01-17,508077,27,5.314155137902326e-05,successful aging,empowering,2023-01
2023-01-18,524187,73,0.00013926327818125975,successful aging,empowering,2023-01
2023-01-19,517612,41,7.920991012573124e-05,successful aging,empowering,2023-01
2023-01-20,483858,36,7.440199397343849e-05,successful aging,empowering,2023-01
2023-01-21,325412,25,7.682568559241823e-05,successful aging,empowering,2023-01
2023-01-22,311528,20,6.419968670552888e-05,successful aging,empowering,2023-01
2023-01-23,474487,36,7.587141481220771e-05,successful aging,empowering,2023-01
2023-01-24,503497,32,6.355549288277786e-05,successful aging,empowering,2023-01
2023-01-25,513829,37,7.200839189691513e-05,successful aging,empowering,2023-01
2023-01-26,504774,39,7.726229956376517e-05,successful aging,empowering,2023-01
2023-01-27,478129,34,7.111051619960303e-05,successful aging,empowering,2023-01
2023-01-28,327154,15,4.584996668235754e-05,successful aging,empowering,2023-01
2023-01-29,337263,30,8.895135250531484e-05,successful aging,empowering,2023-01
2023-01-30,498506,48,9.628770767051951e-05,successful aging,empowering,2023-01
2023-01-31,520924,60,0.0001151799494743955,successful aging,empowering,2023-01
2023-02-01,545720,56,0.0001026167265264238,successful aging,empowering,2023-02
2023-02-02,521178,32,6.139936835399806e-05,successful aging,empowering,2023-02
2023-02-03,479265,49,0.00010223988816208153,successful aging,empowering,2023-02
2023-02-04,336576,12,3.56531660011409e-05,successful aging,empowering,2023-02
2023-02-05,313435,14,4.466635825609776e-05,successful aging,empowering,2023-02
2023-02-06,489890,62,0.00012655902345424483,successful aging,empowering,2023-02
2023-02-07,509337,63,0.00012369020903645327,successful aging,empowering,2023-02
2023-02-08,527289,70,0.00013275452361039203,successful aging,empowering,2023-02
2023-02-09,519827,41,7.887239408495519e-05,successful aging,empowering,2023-02
2023-02-10,490576,40,8.153680571409935e-05,successful aging,empowering,2023-02
2023-02-11,321346,62,0.00019293845263360988,successful aging,empowering,2023-02
2023-02-12,315406,20,6.341033461633577e-05,successful aging,empowering,2023-02
2023-02-13,484652,148,0.00030537375271328705,successful aging,empowering,2023-02
2023-02-14,511527,48,9.38366889724296e-05,successful aging,empowering,2023-02
2023-02-15,517380,44,8.504387490819127e-05,successful aging,empowering,2023-02
2023-02-16,519253,32,6.162699108141889e-05,successful aging,empowering,2023-02
2023-02-17,484478,46,9.494755179801766e-05,successful aging,empowering,2023-02
2023-02-18,321085,17,5.29454817260227e-05,successful aging,empowering,2023-02
2023-02-19,310960,11,3.5374324671983536e-05,successful aging,empowering,2023-02
2023-02-20,443848,29,6.533768317081524e-05,successful aging,empowering,2023-02
2023-02-21,479395,50,0.00010429812576268004,successful aging,empowering,2023-02
2023-02-22,501956,71,0.00014144666066348444,successful aging,empowering,2023-02
2023-02-23,496300,68,0.00013701390288132177,successful aging,empowering,2023-02
2023-02-24,471742,52,0.00011022974422459735,successful aging,empowering,2023-02
2023-02-25,323605,19,5.8713555105761655e-05,successful aging,empowering,2023-02
2023-02-26,307580,13,4.22654268808115e-05,successful aging,empowering,2023-02
2023-02-27,475064,82,0.00017260832224710775,successful aging,empowering,2023-02
2023-02-28,500745,56,0.00011183336828126093,successful aging,empowering,2023-02
2023-03-01,514545,47,9.13428368752976e-05,successful aging,empowering,2023-03
2023-03-02,510532,51,9.989579497465389e-05,successful aging,empowering,2023-03
2023-03-03,478228,41,8.573316493388091e-05,successful aging,empowering,2023-03
2023-03-04,318967,27,8.464825514865174e-05,successful aging,empowering,2023-03
2023-03-05,306986,18,5.863459571446255e-05,successful aging,empowering,2023-03
2023-03-06,477110,46,9.641382490411016e-05,successful aging,empowering,2023-03
2023-03-07,491276,30,6.106547032625246e-05,successful aging,empowering,2023-03
2023-03-08,479238,48,0.00010015900241633593,successful aging,empowering,2023-03
2023-03-09,500869,56,0.00011180568172516166,successful aging,empowering,2023-03
2023-03-10,474747,46,9.689371391499052e-05,successful aging,empowering,2023-03
2023-03-11,312372,22,7.04288476559999e-05,successful aging,empowering,2023-03
2023-03-12,313775,35,0.00011154489682097045,successful aging,empowering,2023-03
2023-03-13,483073,43,8.901346173352682e-05,successful aging,empowering,2023-03
2023-03-14,502396,52,0.0001035040087898789,successful aging,empowering,2023-03
2023-03-15,512681,119,0.00023211314638147307,successful aging,empowering,2023-03
2023-03-16,515796,70,0.00013571256853484712,successful aging,empowering,2023-03
2023-03-17,477867,41,8.579793122354128e-05,successful aging,empowering,2023-03
2023-03-18,312067,37,0.00011856428267006765,successful aging,empowering,2023-03
2023-03-19,301941,32,0.0001059809697921117,successful aging,empowering,2023-03
2023-03-20,473417,65,0.00013729967449415632,successful aging,empowering,2023-03
2023-03-21,486641,40,8.219611582254681e-05,successful aging,empowering,2023-03
2023-03-22,503482,30,5.958504971379315e-05,successful aging,empowering,2023-03
2023-03-23,494531,48,9.706166044191365e-05,successful aging,empowering,2023-03
2023-03-24,462455,26,5.622168643435578e-05,successful aging,empowering,2023-03
2023-03-25,309743,20,6.456965936276203e-05,successful aging,empowering,2023-03
2023-03-26,299147,19,6.351392459225732e-05,successful aging,empowering,2023-03
2023-03-27,475695,42,8.82918676883297e-05,successful aging,empowering,2023-03
2023-03-28,490819,33,6.723456100925189e-05,successful aging,empowering,2023-03
2023-03-29,497556,40,8.039296079235302e-05,successful aging,empowering,2023-03
2023-03-30,420677,38,9.033058617419065e-05,successful aging,empowering,2023-03
2023-03-31,449869,41,9.113764229142261e-05,successful aging,empowering,2023-03
2023-04-01,315540,48,0.0001521201749382012,successful aging,empowering,2023-04
2023-04-02,309179,27,8.732805268145637e-05,successful aging,empowering,2023-04
2023-04-03,476836,39,8.178912665989984e-05,successful aging,empowering,2023-04
2023-04-04,487193,56,0.0001149441802324746,successful aging,empowering,2023-04
2023-04-05,488458,41,8.393761592603663e-05,successful aging,empowering,2023-04
2023-04-06,459113,34,7.405584246144195e-05,successful aging,empowering,2023-04
2023-04-07,389270,31,7.963624219693272e-05,successful aging,empowering,2023-04
2023-04-08,290669,23,7.912780516670164e-05,successful aging,empowering,2023-04
2023-04-09,273774,26,9.496884291422852e-05,successful aging,empowering,2023-04
2023-04-10,405537,32,7.890771988745787e-05,successful aging,empowering,2023-04
2023-04-11,477794,40,8.37180877114405e-05,successful aging,empowering,2023-04
2023-04-12,488672,30,6.139087158666754e-05,successful aging,empowering,2023-04
2023-04-13,490386,42,8.56468169972226e-05,successful aging,empowering,2023-04
2023-04-14,456649,40,8.759462957326086e-05,successful aging,empowering,2023-04
2023-04-15,304282,20,6.572850185025733e-05,successful aging,empowering,2023-04
2023-04-16,294116,18,6.120034272191924e-05,successful aging,empowering,2023-04
2023-04-17,449839,26,5.7798456781203944e-05,successful aging,empowering,2023-04
2023-04-18,487585,30,6.152773362593189e-05,successful aging,empowering,2023-04
2023-04-19,495117,43,8.684815912198532e-05,successful aging,empowering,2023-04
2023-04-20,505072,36,7.127696645230779e-05,successful aging,empowering,2023-04
2023-04-21,442165,93,0.00021032872344034468,successful aging,empowering,2023-04
2023-04-22,291122,12,4.1219832235282804e-05,successful aging,empowering,2023-04
2023-04-23,285319,14,4.9067885419477845e-05,successful aging,empowering,2023-04
2023-04-24,453171,65,0.0001434337148670149,successful aging,empowering,2023-04
2023-04-25,478078,35,7.320981095135103e-05,successful aging,empowering,2023-04
2023-04-26,499642,94,0.00018813470444838505,successful aging,empowering,2023-04
2023-04-27,503305,56,0.00011126454138146849,successful aging,empowering,2023-04
2023-04-28,477911,35,7.323539320082609e-05,successful aging,empowering,2023-04
2023-04-29,312100,30,9.612303748798461e-05,successful aging,empowering,2023-04
2023-04-30,292074,23,7.874716681388963e-05,successful aging,empowering,2023-04
2023-05-01,382308,50,0.00013078460299025915,successful aging,empowering,2023-05
2023-05-02,472981,41,8.668424313027374e-05,successful aging,empowering,2023-05
2023-05-03,496390,42,8.461089063035113e-05,successful aging,empowering,2023-05
2023-05-04,496481,43,8.660955806969451e-05,successful aging,empowering,2023-05
2023-05-05,463524,49,0.00010571189409825597,successful aging,empowering,2023-05
2023-05-06,318236,18,5.656179690544124e-05,successful aging,empowering,2023-05
2023-05-07,305413,14,4.5839568060298676e-05,successful aging,empowering,2023-05
2023-05-08,460286,62,0.00013469886114285466,successful aging,empowering,2023-05
2023-05-09,488772,53,0.00010843501673581956,successful aging,empowering,2023-05
2023-05-10,520267,48,9.226032018175283e-05,successful aging,empowering,2023-05
2023-05-11,499831,56,0.00011203786879965429,successful aging,empowering,2023-05
2023-05-12,475520,55,0.0001156628532974428,successful aging,empowering,2023-05
2023-05-13,290386,22,7.576122815838229e-05,successful aging,empowering,2023-05
2023-05-14,247082,18,7.285030880436455e-05,successful aging,empowering,2023-05
2023-05-15,476911,69,0.00014468108305323214,successful aging,empowering,2023-05
2023-05-16,508558,67,0.00013174505169518522,successful aging,empowering,2023-05
2023-05-17,516177,52,0.00010074063741701006,successful aging,empowering,2023-05
2023-05-18,491864,51,0.00010368719808727615,successful aging,empowering,2023-05
2023-05-19,475987,58,0.00012185206738839506,successful aging,empowering,2023-05
2023-05-20,313906,27,8.601301026421922e-05,successful aging,empowering,2023-05
2023-05-21,305588,25,8.180949513724361e-05,successful aging,empowering,2023-05
2023-05-22,478952,89,0.00018582237886051212,successful aging,empowering,2023-05
2023-05-23,502427,48,9.553626696017531e-05,successful aging,empowering,2023-05
2023-05-24,515438,30,5.820292644314156e-05,successful aging,empowering,2023-05
2023-05-25,506377,53,0.00010466510129804474,successful aging,empowering,2023-05
2023-05-26,476611,33,6.923885516700202e-05,successful aging,empowering,2023-05
2023-05-27,315199,36,0.00011421356032220915,successful aging,empowering,2023-05
2023-05-28,311410,18,5.78016120227353e-05,successful aging,empowering,2023-05
2023-05-29,422001,17,4.0284264729230496e-05,successful aging,empowering,2023-05
2023-05-30,492310,54,0.00010968698584225387,successful aging,empowering,2023-05
2023-05-31,511821,46,8.98751712024321e-05,successful aging,empowering,2023-05
2023-06-01,520029,50,9.614848402685235e-05,successful aging,empowering,2023-06
2023-06-02,471163,48,0.0001018755717235861,successful aging,empowering,2023-06
2023-06-03,316228,14,4.427185448473886e-05,successful aging,empowering,2023-06
2023-06-04,302435,17,5.621042538066031e-05,successful aging,empowering,2023-06
2023-06-05,478406,40,8.361099150094272e-05,successful aging,empowering,2023-06
2023-06-06,497032,28,5.633440100436189e-05,successful aging,empowering,2023-06
2023-06-07,511926,48,9.376355176334079e-05,successful aging,empowering,2023-06
2023-06-08,485205,39,8.037839676013231e-05,successful aging,empowering,2023-06
2023-06-09,469746,52,0.00011069812196378468,successful aging,empowering,2023-06
2023-06-10,309255,29,9.37737465845338e-05,successful aging,empowering,2023-06
2023-06-11,301437,36,0.00011942794016660198,successful aging,empowering,2023-06
2023-06-12,469490,25,5.324927048499436e-05,successful aging,empowering,2023-06
2023-06-13,507360,46,9.066540523494166e-05,successful aging,empowering,2023-06
2023-06-14,513410,54,0.00010517909662842563,successful aging,empowering,2023-06
2023-06-15,512254,37,7.222979225150023e-05,successful aging,empowering,2023-06
2023-06-16,479492,30,6.256621591184003e-05,successful aging,empowering,2023-06
2023-06-17,313647,12,3.8259572066686435e-05,successful aging,empowering,2023-06
2023-06-18,297948,23,7.719467826600615e-05,successful aging,empowering,2023-06
2023-06-19,454954,34,7.47328301322771e-05,successful aging,empowering,2023-06
2023-06-20,501975,49,9.761442302903531e-05,successful aging,empowering,2023-06
2023-06-21,511651,57,0.00011140406253481377,successful aging,empowering,2023-06
2023-06-22,500891,105,0.00020962644567380927,successful aging,empowering,2023-06
2023-06-23,462693,20,4.322520548182056e-05,successful aging,empowering,2023-06
2023-06-24,311142,20,6.427933226629641e-05,successful aging,empowering,2023-06
2023-06-25,294103,16,5.440270925492089e-05,successful aging,empowering,2023-06
2023-06-26,466890,34,7.282229218873824e-05,successful aging,empowering,2023-06
2023-06-27,488208,52,0.0001065119785009668,successful aging,empowering,2023-06
2023-06-28,487306,68,0.00013954271032985433,successful aging,empowering,2023-06
2023-06-29,476127,44,9.241231856206432e-05,successful aging,empowering,2023-06
2023-06-30,457265,48,0.00010497195280635955,successful aging,empowering,2023-06
2023-07-01,303381,11,3.625803857196067e-05,successful aging,empowering,2023-07
2023-07-02,284625,13,4.567413263065437e-05,successful aging,empowering,2023-07
2023-07-03,445952,99,0.0002219969862227325,successful aging,empowering,2023-07
2023-07-04,455884,31,6.799975432346826e-05,successful aging,empowering,2023-07
2023-07-05,501180,53,0.00010575042898758929,successful aging,empowering,2023-07
2023-07-06,493339,37,7.499913852340885e-05,successful aging,empowering,2023-07
2023-07-07,463370,40,8.632410384789692e-05,successful aging,empowering,2023-07
2023-07-08,305403,76,0.00024885151750310246,successful aging,empowering,2023-07
2023-07-09,291177,20,6.868674380187995e-05,successful aging,empowering,2023-07
2023-07-10,454453,43,9.46192455545458e-05,successful aging,empowering,2023-07
2023-07-11,492786,64,0.00012987381946727382,successful aging,empowering,2023-07
2023-07-12,495376,46,9.285875779206098e-05,successful aging,empowering,2023-07
2023-07-13,488915,48,9.817657466021701e-05,successful aging,empowering,2023-07
2023-07-14,449795,49,0.00010893851643526496,successful aging,empowering,2023-07
2023-07-15,300453,19,6.323784418860853e-05,successful aging,empowering,2023-07
2023-07-16,288895,16,5.538344381176552e-05,successful aging,empowering,2023-07
2023-07-17,452038,96,0.00021237152628761298,successful aging,empowering,2023-07
2023-07-18,489747,51,0.00010413540052312724,successful aging,empowering,2023-07
2023-07-19,486941,41,8.41991124181369e-05,successful aging,empowering,2023-07
2023-07-20,476929,41,8.596667428485162e-05,successful aging,empowering,2023-07
2023-07-21,454340,25,5.502487124180129e-05,successful aging,empowering,2023-07
2023-07-22,300123,18,5.9975410081866435e-05,successful aging,empowering,2023-07
2023-07-23,292470,34,0.00011625123944336171,successful aging,empowering,2023-07
2023-07-24,453290,41,9.044982240949503e-05,successful aging,empowering,2023-07
2023-07-25,481260,68,0.0001412957652827993,successful aging,empowering,2023-07
2023-07-26,491615,42,8.543270648780041e-05,successful aging,empowering,2023-07
2023-07-27,487834,45,9.224449300376767e-05,successful aging,empowering,2023-07
2023-07-28,459847,48,0.00010438254462897442,successful aging,empowering,2023-07
2023-07-29,299402,10,3.339991048823989e-05,successful aging,empowering,2023-07
2023-07-30,284070,16,5.632414545710564e-05,successful aging,empowering,2023-07
2023-07-31,455803,35,7.678755953778277e-05,successful aging,empowering,2023-07
2023-08-01,477822,49,0.00010254864782282942,successful aging,empowering,2023-08
2023-08-02,477375,114,0.00023880597014925374,successful aging,empowering,2023-08
2023-08-03,477836,49,0.00010254564327509857,successful aging,empowering,2023-08
2023-08-04,448645,43,9.584415294943664e-05,successful aging,empowering,2023-08
2023-08-05,300483,115,0.00038271715870781374,successful aging,empowering,2023-08
2023-08-06,287612,19,6.60612213676759e-05,successful aging,empowering,2023-08
2023-08-07,440347,44,9.99211985093574e-05,successful aging,empowering,2023-08
2023-08-08,469410,41,8.734368675571463e-05,successful aging,empowering,2023-08
2023-08-09,478458,50,0.00010450238056422926,successful aging,empowering,2023-08
2023-08-10,476103,55,0.00011552122124834332,successful aging,empowering,2023-08
2023-08-11,439680,29,6.59570596797671e-05,successful aging,empowering,2023-08
2023-08-12,302092,22,7.282549686850364e-05,successful aging,empowering,2023-08
2023-08-13,287942,18,6.251258934090893e-05,successful aging,empowering,2023-08
2023-08-14,440043,43,9.771772304070284e-05,successful aging,empowering,2023-08
2023-08-15,470864,42,8.919773013014373e-05,successful aging,empowering,2023-08
2023-08-16,468638,45,9.602294308186703e-05,successful aging,empowering,2023-08
2023-08-17,475136,120,0.00025255926724137933,successful aging,empowering,2023-08
2023-08-18,449947,41,9.112184323931485e-05,successful aging,empowering,2023-08
2023-08-19,313733,8,2.549938960836125e-05,successful aging,empowering,2023-08
2023-08-20,300751,19,6.31751847874155e-05,successful aging,empowering,2023-08
2023-08-21,438028,131,0.0002990676395116294,successful aging,empowering,2023-08
2023-08-22,401105,43,0.00010720384936612608,successful aging,empowering,2023-08
2023-08-23,370413,24,6.479254237837225e-05,successful aging,empowering,2023-08
2023-08-24,503040,45,8.945610687022901e-05,successful aging,empowering,2023-08
2023-08-25,456353,50,0.0001095643065784601,successful aging,empowering,2023-08
2023-08-26,308918,18,5.8267889860739744e-05,successful aging,empowering,2023-08
2023-08-27,295769,23,7.776338967234565e-05,successful aging,empowering,2023-08
2023-08-28,448775,33,7.353350788256921e-05,successful aging,empowering,2023-08
2023-08-29,481751,56,0.00011624262326388529,successful aging,empowering,2023-08
2023-08-30,490413,50,0.00010195488292520794,successful aging,empowering,2023-08
2023-08-31,497911,46,9.238598866062409e-05,successful aging,empowering,2023-08
2023-09-01,476936,106,0.0002222520422027274,successful aging,empowering,2023-09
2023-09-02,313119,31,9.900389308857017e-05,successful aging,empowering,2023-09
2023-09-03,311627,18,5.7761362141277874e-05,successful aging,empowering,2023-09
2023-09-04,435333,23,5.2833118555220946e-05,successful aging,empowering,2023-09
2023-09-05,493288,51,0.00010338787888616792,successful aging,empowering,2023-09
2023-09-06,510752,66,0.00012922122674017918,successful aging,empowering,2023-09
2023-09-07,488234,50,0.00010240991000217109,successful aging,empowering,2023-09
2023-09-08,463682,43,9.273596991041274e-05,successful aging,empowering,2023-09
2023-09-09,321208,21,6.537819730517297e-05,successful aging,empowering,2023-09
2023-09-10,313055,13,4.152624938109917e-05,successful aging,empowering,2023-09
2023-09-11,474764,47,9.899655407739425e-05,successful aging,empowering,2023-09
2023-09-12,501177,44,8.779333449060911e-05,successful aging,empowering,2023-09
2023-09-13,512947,66,0.00012866826397269114,successful aging,empowering,2023-09
2023-09-14,504052,72,0.00014284240514867515,successful aging,empowering,2023-09
2023-09-15,477614,39,8.165589785894048e-05,successful aging,empowering,2023-09
2023-09-16,313024,15,4.7919648333674094e-05,successful aging,empowering,2023-09
2023-09-17,307869,22,7.145896468952704e-05,successful aging,empowering,2023-09
2023-09-18,467258,43,9.202624674162883e-05,successful aging,empowering,2023-09
2023-09-19,502742,50,9.94545910228308e-05,successful aging,empowering,2023-09
2023-09-20,519399,49,9.433980427378567e-05,successful aging,empowering,2023-09
2023-09-21,511175,38,7.433853377023524e-05,successful aging,empowering,2023-09
2023-09-22,473154,41,8.665254864166847e-05,successful aging,empowering,2023-09
2023-09-23,316117,22,6.959448558603302e-05,successful aging,empowering,2023-09
2023-09-24,279092,28,0.00010032534074785376,successful aging,empowering,2023-09
2023-09-25,471557,43,9.118727958656112e-05,successful aging,empowering,2023-09
2023-09-26,493643,52,0.00010533928365235605,successful aging,empowering,2023-09
2023-09-27,505379,67,0.00013257377136762706,successful aging,empowering,2023-09
2023-09-28,488069,50,0.00010244453140846889,successful aging,empowering,2023-09
2023-09-29,447544,48,0.0001072520243819602,successful aging,empowering,2023-09
2023-09-30,315650,26,8.236971329003643e-05,successful aging,empowering,2023-09
2023-10-01,291636,22,7.543650303803371e-05,successful aging,empowering,2023-10
2023-10-02,449201,40,8.90469967787249e-05,successful aging,empowering,2023-10
2023-10-03,405978,31,7.635881747286799e-05,successful aging,empowering,2023-10
2023-10-04,414982,44,0.00010602869522051559,successful aging,empowering,2023-10
2023-10-05,450132,56,0.0001244079514453538,successful aging,empowering,2023-10
2023-10-06,377905,37,9.790820444291554e-05,successful aging,empowering,2023-10
2023-10-07,251209,19,7.56342328499377e-05,successful aging,empowering,2023-10
2023-10-08,309776,53,0.00017109136924745624,successful aging,empowering,2023-10
2023-10-09,440844,43,9.7540172940995e-05,successful aging,empowering,2023-10
2023-10-10,490873,39,7.945028551173114e-05,successful aging,empowering,2023-10
2023-10-11,503094,42,8.348340469176735e-05,successful aging,empowering,2023-10
2023-10-12,487234,57,0.00011698690978051614,successful aging,empowering,2023-10
2023-10-13,468088,28,5.981781203534378e-05,successful aging,empowering,2023-10
2023-10-14,310303,18,5.800781816482599e-05,successful aging,empowering,2023-10
2023-10-15,229331,23,0.00010029171808434098,successful aging,empowering,2023-10
2023-10-16,378908,43,0.00011348401195013038,successful aging,empowering,2023-10
2023-10-17,354366,32,9.030211702025589e-05,successful aging,empowering,2023-10
2023-10-18,454881,24,5.2761051791567466e-05,successful aging,empowering,2023-10
2023-10-19,324728,21,6.4669508019019e-05,successful aging,empowering,2023-10
2023-10-20,449556,40,8.897667921237843e-05,successful aging,empowering,2023-10
2023-10-21,300472,14,4.659335978061184e-05,successful aging,empowering,2023-10
2023-10-22,295955,15,5.068338091939653e-05,successful aging,empowering,2023-10
2023-10-23,414959,32,7.711605242927614e-05,successful aging,empowering,2023-10
2023-10-24,417249,26,6.231291147492265e-05,successful aging,empowering,2023-10
2023-10-25,379766,31,8.162921377901129e-05,successful aging,empowering,2023-10
2023-10-26,375887,33,8.779234184741691e-05,successful aging,empowering,2023-10
2023-10-27,474875,58,0.00012213740458015266,successful aging,empowering,2023-10
2023-10-28,240563,23,9.560905043585257e-05,successful aging,empowering,2023-10
2023-10-29,279231,23,8.236907793189151e-05,successful aging,empowering,2023-10
2023-10-30,325647,30,9.212429409759648e-05,successful aging,empowering,2023-10
2023-10-31,454676,44,9.677220702214324e-05,successful aging,empowering,2023-10
2023-11-01,406342,80,0.000196878491516998,successful aging,empowering,2023-11
2023-11-02,313387,30,9.572828483632059e-05,successful aging,empowering,2023-11
2023-11-03,353019,39,0.00011047564012135324,successful aging,empowering,2023-11
2023-11-04,217424,23,0.00010578409007285304,successful aging,empowering,2023-11
2023-11-05,238825,19,7.955616036847064e-05,successful aging,empowering,2023-11
2023-11-06,293997,29,9.86404623176427e-05,successful aging,empowering,2023-11
2023-11-07,349578,28,8.00965735830058e-05,successful aging,empowering,2023-11
2023-11-08,395019,51,0.00012910771380617134,successful aging,empowering,2023-11
2023-11-09,477530,42,8.795258936611312e-05,successful aging,empowering,2023-11
2023-11-10,496152,56,0.0001128686370305874,successful aging,empowering,2023-11
2023-11-11,372697,26,6.976176357738323e-05,successful aging,empowering,2023-11
2023-11-12,343914,77,0.00022389318259797506,successful aging,empowering,2023-11
2023-11-13,505874,54,0.00010674594859589542,successful aging,empowering,2023-11
2023-11-14,531886,56,0.00010528571912026261,successful aging,empowering,2023-11
2023-11-15,532214,55,0.00010334188878909611,successful aging,empowering,2023-11
2023-11-16,528144,60,0.00011360538035081342,successful aging,empowering,2023-11
2023-11-17,518066,57,0.0001100245914613196,successful aging,empowering,2023-11
2023-11-18,374406,18,4.8076152625759204e-05,successful aging,empowering,2023-11
2023-11-19,346778,21,6.0557474810974165e-05,successful aging,empowering,2023-11
2023-11-20,489625,40,8.169517487873372e-05,successful aging,empowering,2023-11
2023-11-21,493213,37,7.501829838224054e-05,successful aging,empowering,2023-11
2023-11-22,570322,46,8.065619071331634e-05,successful aging,empowering,2023-11
2023-11-23,510558,43,8.422157717634431e-05,successful aging,empowering,2023-11
2023-11-24,465253,42,9.027346411522333e-05,successful aging,empowering,2023-11
2023-11-25,339983,54,0.00015883147098531397,successful aging,empowering,2023-11
2023-11-26,350990,21,5.983076440924243e-05,successful aging,empowering,2023-11
2023-11-27,499915,46,9.201564265925207e-05,successful aging,empowering,2023-11
2023-11-28,531630,53,9.969339578278126e-05,successful aging,empowering,2023-11
2023-11-29,552523,41,7.420505571713757e-05,successful aging,empowering,2023-11
2023-11-30,560459,60,0.00010705511018647215,successful aging,empowering,2023-11
2023-12-01,521593,69,0.00013228705139831247,successful aging,empowering,2023-12
2023-12-02,370071,37,9.998081449235417e-05,successful aging,empowering,2023-12
2023-12-03,346452,17,4.906884647801138e-05,successful aging,empowering,2023-12
2023-12-04,508715,47,9.238964842790168e-05,successful aging,empowering,2023-12
2023-12-05,439522,31,7.053116795063728e-05,successful aging,empowering,2023-12
2023-12-06,447712,37,8.26424129797727e-05,successful aging,empowering,2023-12
2023-12-07,444233,59,0.00013281318587317917,successful aging,empowering,2023-12
2023-12-08,426877,49,0.00011478716351548572,successful aging,empowering,2023-12
2023-12-09,306237,37,0.0001208214552781016,successful aging,empowering,2023-12
2023-12-10,301897,32,0.00010599641599618413,successful aging,empowering,2023-12
2023-12-11,432070,39,9.026315180410581e-05,successful aging,empowering,2023-12
2023-12-12,453920,61,0.00013438491364117024,successful aging,empowering,2023-12
2023-12-13,464155,36,7.756029774536524e-05,successful aging,empowering,2023-12
2023-12-14,457220,66,0.00014435064082936005,successful aging,empowering,2023-12
2023-12-15,434987,54,0.00012414164101455906,successful aging,empowering,2023-12
2023-12-16,299627,38,0.0001268243516105024,successful aging,empowering,2023-12
2023-12-17,289281,30,0.00010370539371752725,successful aging,empowering,2023-12
2023-12-18,432847,43,9.934226181537587e-05,successful aging,empowering,2023-12
2023-12-19,442004,43,9.728418747341654e-05,successful aging,empowering,2023-12
2023-12-20,453183,60,0.00013239684630712097,successful aging,empowering,2023-12
2023-12-21,439238,37,8.423679189869729e-05,successful aging,empowering,2023-12
2023-12-22,409045,33,8.067572027527533e-05,successful aging,empowering,2023-12
2023-12-23,284409,18,6.328913641973355e-05,successful aging,empowering,2023-12
2023-12-24,254126,18,7.083100509196225e-05,successful aging,empowering,2023-12
2023-12-25,262260,21,8.007320979180966e-05,successful aging,empowering,2023-12
2023-12-26,334738,23,6.87104541462278e-05,successful aging,empowering,2023-12
2023-12-27,385441,43,0.00011156052417879779,successful aging,empowering,2023-12
2023-12-28,390902,30,7.674557817560411e-05,successful aging,empowering,2023-12
2023-12-29,368395,24,6.514746399923994e-05,successful aging,empowering,2023-12
2023-12-30,276938,39,0.00014082574439044118,successful aging,empowering,2023-12
2023-12-31,253133,19,7.505935614874395e-05,successful aging,empowering,2023-12
2023-01-01,386660,55,0.00014224383179020327,healthy aging,empowering,2023-01
2023-01-02,376736,115,0.0003052535462498938,healthy aging,empowering,2023-01
2023-01-03,463750,201,0.0004334231805929919,healthy aging,empowering,2023-01
2023-01-04,476285,95,0.00019946040710918883,healthy aging,empowering,2023-01
2023-01-05,513716,107,0.00020828629047956457,healthy aging,empowering,2023-01
2023-01-06,446257,92,0.0002061592311157024,healthy aging,empowering,2023-01
2023-01-07,338006,58,0.00017159458707833588,healthy aging,empowering,2023-01
2023-01-08,321144,51,0.00015880726403108886,healthy aging,empowering,2023-01
2023-01-09,516613,163,0.00031551664398689154,healthy aging,empowering,2023-01
2023-01-10,518847,103,0.000198517096562185,healthy aging,empowering,2023-01
2023-01-11,555868,145,0.00026085329610626984,healthy aging,empowering,2023-01
2023-01-12,526056,144,0.0002737351156530864,healthy aging,empowering,2023-01
2023-01-13,488831,117,0.00023934652262233778,healthy aging,empowering,2023-01
2023-01-14,322746,57,0.00017660946998568534,healthy aging,empowering,2023-01
2023-01-15,311609,39,0.00012515684720274447,healthy aging,empowering,2023-01
2023-01-16,460938,87,0.00018874555797092016,healthy aging,empowering,2023-01
2023-01-17,508077,133,0.0002617713456818553,healthy aging,empowering,2023-01
2023-01-18,524187,159,0.0003033268661756205,healthy aging,empowering,2023-01
2023-01-19,517612,152,0.00029365625217344266,healthy aging,empowering,2023-01
2023-01-20,483858,77,0.00015913759822096566,healthy aging,empowering,2023-01
2023-01-21,325412,51,0.00015672439860853318,healthy aging,empowering,2023-01
2023-01-22,311528,85,0.00027284866849849773,healthy aging,empowering,2023-01
2023-01-23,474487,131,0.0002760876483444225,healthy aging,empowering,2023-01
2023-01-24,503497,108,0.00021449978847937524,healthy aging,empowering,2023-01
2023-01-25,513829,213,0.0004145347965957546,healthy aging,empowering,2023-01
2023-01-26,504774,108,0.00021395713725350354,healthy aging,empowering,2023-01
2023-01-27,478129,108,0.00022588046322226846,healthy aging,empowering,2023-01
2023-01-28,327154,41,0.0001253232422651106,healthy aging,empowering,2023-01
2023-01-29,337263,74,0.00021941333617977662,healthy aging,empowering,2023-01
2023-01-30,498506,112,0.00022467131789787886,healthy aging,empowering,2023-01
2023-01-31,520924,146,0.0002802712103876957,healthy aging,empowering,2023-01
2023-02-01,545720,151,0.00027669867331232134,healthy aging,empowering,2023-02
2023-02-02,521178,110,0.00021106032871686832,healthy aging,empowering,2023-02
2023-02-03,479265,97,0.00020239324799432463,healthy aging,empowering,2023-02
2023-02-04,336576,49,0.00014558376117132534,healthy aging,empowering,2023-02
2023-02-05,313435,45,0.0001435704372517428,healthy aging,empowering,2023-02
2023-02-06,489890,80,0.00016330196574741268,healthy aging,empowering,2023-02
2023-02-07,509337,148,0.0002905738244030966,healthy aging,empowering,2023-02
2023-02-08,527289,86,0.00016309841472133876,healthy aging,empowering,2023-02
2023-02-09,519827,101,0.00019429540981903595,healthy aging,empowering,2023-02
2023-02-10,490576,137,0.00027926355957079023,healthy aging,empowering,2023-02
2023-02-11,321346,50,0.00015559552631742732,healthy aging,empowering,2023-02
2023-02-12,315406,48,0.00015218480307920584,healthy aging,empowering,2023-02
2023-02-13,484652,88,0.00018157358269438691,healthy aging,empowering,2023-02
2023-02-14,511527,99,0.00019353817100563607,healthy aging,empowering,2023-02
2023-02-15,517380,86,0.00016622211913873747,healthy aging,empowering,2023-02
2023-02-16,519253,105,0.00020221356448590571,healthy aging,empowering,2023-02
2023-02-17,484478,114,0.00023530480228204376,healthy aging,empowering,2023-02
2023-02-18,321085,86,0.00026784184873164426,healthy aging,empowering,2023-02
2023-02-19,310960,102,0.00032801646514021095,healthy aging,empowering,2023-02
2023-02-20,443848,89,0.00020051909662767434,healthy aging,empowering,2023-02
2023-02-21,479395,148,0.00030872245225753295,healthy aging,empowering,2023-02
2023-02-22,501956,83,0.00016535313852210153,healthy aging,empowering,2023-02
2023-02-23,496300,122,0.0002458190610517832,healthy aging,empowering,2023-02
2023-02-24,471742,82,0.00017382382743109581,healthy aging,empowering,2023-02
2023-02-25,323605,62,0.00019159160087143276,healthy aging,empowering,2023-02
2023-02-26,307580,60,0.00019507120098836075,healthy aging,empowering,2023-02
2023-02-27,475064,91,0.00019155313810349765,healthy aging,empowering,2023-02
2023-02-28,500745,95,0.00018971732119142478,healthy aging,empowering,2023-02
2023-03-01,514545,109,0.0002118376429661157,healthy aging,empowering,2023-03
2023-03-02,510532,103,0.00020175033102724218,healthy aging,empowering,2023-03
2023-03-03,478228,117,0.0002446531779820504,healthy aging,empowering,2023-03
2023-03-04,318967,51,0.00015989114861411996,healthy aging,empowering,2023-03
2023-03-05,306986,50,0.00016287387698461818,healthy aging,empowering,2023-03
2023-03-06,477110,92,0.00019282764980822032,healthy aging,empowering,2023-03
2023-03-07,491276,66,0.0001343440347177554,healthy aging,empowering,2023-03
2023-03-08,479238,117,0.00024413756838981884,healthy aging,empowering,2023-03
2023-03-09,500869,120,0.000239583603696775,healthy aging,empowering,2023-03
2023-03-10,474747,79,0.00016640442172357066,healthy aging,empowering,2023-03
2023-03-11,312372,58,0.00018567605291127247,healthy aging,empowering,2023-03
2023-03-12,313775,107,0.00034100868456696676,healthy aging,empowering,2023-03
2023-03-13,483073,96,0.00019872772852136218,healthy aging,empowering,2023-03
2023-03-14,502396,153,0.00030454064124714366,healthy aging,empowering,2023-03
2023-03-15,512681,89,0.00017359722712563953,healthy aging,empowering,2023-03
2023-03-16,515796,208,0.00040326020364640287,healthy aging,empowering,2023-03
2023-03-17,477867,53,0.0001109095208499436,healthy aging,empowering,2023-03
2023-03-18,312067,68,0.00021790192490715136,healthy aging,empowering,2023-03
2023-03-19,301941,81,0.00026826432978628275,healthy aging,empowering,2023-03
2023-03-20,473417,92,0.00019433184697634432,healthy aging,empowering,2023-03
2023-03-21,486641,80,0.00016439223164509362,healthy aging,empowering,2023-03
2023-03-22,503482,88,0.00017478281249379323,healthy aging,empowering,2023-03
2023-03-23,494531,103,0.0002082781463649397,healthy aging,empowering,2023-03
2023-03-24,462455,99,0.00021407488296158546,healthy aging,empowering,2023-03
2023-03-25,309743,39,0.00012591083575738595,healthy aging,empowering,2023-03
2023-03-26,299147,29,9.694230595660328e-05,healthy aging,empowering,2023-03
2023-03-27,475695,117,0.0002459559171317756,healthy aging,empowering,2023-03
2023-03-28,490819,102,0.00020781591584677854,healthy aging,empowering,2023-03
2023-03-29,497556,98,0.0001969627539412649,healthy aging,empowering,2023-03
2023-03-30,420677,55,0.00013074163788369698,healthy aging,empowering,2023-03
2023-03-31,449869,78,0.00017338380728612108,healthy aging,empowering,2023-03
2023-04-01,315540,37,0.00011725930151486341,healthy aging,empowering,2023-04
2023-04-02,309179,59,0.00019082796697058986,healthy aging,empowering,2023-04
2023-04-03,476836,101,0.00021181286647820215,healthy aging,empowering,2023-04
2023-04-04,487193,148,0.0003037810477572543,healthy aging,empowering,2023-04
2023-04-05,488458,135,0.0002763799548784133,healthy aging,empowering,2023-04
2023-04-06,459113,136,0.0002962233698457678,healthy aging,empowering,2023-04
2023-04-07,389270,85,0.0002183574382819123,healthy aging,empowering,2023-04
2023-04-08,290669,48,0.00016513628904355125,healthy aging,empowering,2023-04
2023-04-09,273774,54,0.00019724298143724385,healthy aging,empowering,2023-04
2023-04-10,405537,110,0.0002712452871131364,healthy aging,empowering,2023-04
2023-04-11,477794,106,0.0002218529324353173,healthy aging,empowering,2023-04
2023-04-12,488672,171,0.00034992796804400497,healthy aging,empowering,2023-04
2023-04-13,490386,97,0.0001978033630650141,healthy aging,empowering,2023-04
2023-04-14,456649,130,0.0002846825461130978,healthy aging,empowering,2023-04
2023-04-15,304282,67,0.00022019048119836204,healthy aging,empowering,2023-04
2023-04-16,294116,36,0.00012240068544383848,healthy aging,empowering,2023-04
2023-04-17,449839,72,0.00016005726493256475,healthy aging,empowering,2023-04
2023-04-18,487585,92,0.00018868504978619113,healthy aging,empowering,2023-04
2023-04-19,495117,109,0.00022014998475107904,healthy aging,empowering,2023-04
2023-04-20,505072,110,0.00021779073082649601,healthy aging,empowering,2023-04
2023-04-21,442165,125,0.00028269989709723745,healthy aging,empowering,2023-04
2023-04-22,291122,38,0.0001305294687450622,healthy aging,empowering,2023-04
2023-04-23,285319,46,0.00016122305209257008,healthy aging,empowering,2023-04
2023-04-24,453171,87,0.00019198051066815838,healthy aging,empowering,2023-04
2023-04-25,478078,111,0.000232179686159999,healthy aging,empowering,2023-04
2023-04-26,499642,121,0.00024217339615164457,healthy aging,empowering,2023-04
2023-04-27,503305,141,0.0002801482202640546,healthy aging,empowering,2023-04
2023-04-28,477911,78,0.0001632103048475553,healthy aging,empowering,2023-04
2023-04-29,312100,91,0.00029157321371355336,healthy aging,empowering,2023-04
2023-04-30,292074,237,0.0008114381971692106,healthy aging,empowering,2023-04
2023-05-01,382308,113,0.00029557320275798573,healthy aging,empowering,2023-05
2023-05-02,472981,124,0.0002621669792232669,healthy aging,empowering,2023-05
2023-05-03,496390,99,0.00019943995648582767,healthy aging,empowering,2023-05
2023-05-04,496481,88,0.00017724746767751434,healthy aging,empowering,2023-05
2023-05-05,463524,127,0.00027398797041792874,healthy aging,empowering,2023-05
2023-05-06,318236,45,0.00014140449226360312,healthy aging,empowering,2023-05
2023-05-07,305413,32,0.00010477615556639698,healthy aging,empowering,2023-05
2023-05-08,460286,132,0.0002867782204976906,healthy aging,empowering,2023-05
2023-05-09,488772,91,0.0001861808777916902,healthy aging,empowering,2023-05
2023-05-10,520267,144,0.0002767809605452585,healthy aging,empowering,2023-05
2023-05-11,499831,93,0.0001860628892565687,healthy aging,empowering,2023-05
2023-05-12,475520,91,0.00019136944818304172,healthy aging,empowering,2023-05
2023-05-13,290386,40,0.00013774768756069509,healthy aging,empowering,2023-05
2023-05-14,247082,52,0.00021045644765705312,healthy aging,empowering,2023-05
2023-05-15,476911,153,0.0003208145754658626,healthy aging,empowering,2023-05
2023-05-16,508558,98,0.00019270171740489776,healthy aging,empowering,2023-05
2023-05-17,516177,123,0.00023829035389023534,healthy aging,empowering,2023-05
2023-05-18,491864,76,0.00015451425597319584,healthy aging,empowering,2023-05
2023-05-19,475987,75,0.00015756732851947638,healthy aging,empowering,2023-05
2023-05-20,313906,33,0.00010512701254515683,healthy aging,empowering,2023-05
2023-05-21,305588,41,0.00013416757202507952,healthy aging,empowering,2023-05
2023-05-22,478952,75,0.00015659189229818438,healthy aging,empowering,2023-05
2023-05-23,502427,70,0.00013932372265025567,healthy aging,empowering,2023-05
2023-05-24,515438,130,0.00025221268125361345,healthy aging,empowering,2023-05
2023-05-25,506377,126,0.0002488264672368611,healthy aging,empowering,2023-05
2023-05-26,476611,89,0.00018673509423827817,healthy aging,empowering,2023-05
2023-05-27,315199,53,0.00016814774158547456,healthy aging,empowering,2023-05
2023-05-28,311410,40,0.00012844802671718955,healthy aging,empowering,2023-05
2023-05-29,422001,80,0.00018957301049049647,healthy aging,empowering,2023-05
2023-05-30,492310,104,0.0002112490097702667,healthy aging,empowering,2023-05
2023-05-31,511821,194,0.0003790387655059093,healthy aging,empowering,2023-05
2023-06-01,520029,88,0.00016922133188726013,healthy aging,empowering,2023-06
2023-06-02,471163,71,0.00015069094984113777,healthy aging,empowering,2023-06
2023-06-03,316228,35,0.00011067963621184715,healthy aging,empowering,2023-06
2023-06-04,302435,37,0.00012234033759320184,healthy aging,empowering,2023-06
2023-06-05,478406,127,0.0002654648980154931,healthy aging,empowering,2023-06
2023-06-06,497032,85,0.0001710151459060986,healthy aging,empowering,2023-06
2023-06-07,511926,70,0.00013673851298820532,healthy aging,empowering,2023-06
2023-06-08,485205,143,0.00029472078812048516,healthy aging,empowering,2023-06
2023-06-09,469746,167,0.00035551127630677003,healthy aging,empowering,2023-06
2023-06-10,309255,32,0.0001034744789898304,healthy aging,empowering,2023-06
2023-06-11,301437,77,0.000255443094245232,healthy aging,empowering,2023-06
2023-06-12,469490,62,0.000132058190802786,healthy aging,empowering,2023-06
2023-06-13,507360,93,0.00018330179754020814,healthy aging,empowering,2023-06
2023-06-14,513410,106,0.00020646267115950216,healthy aging,empowering,2023-06
2023-06-15,512254,69,0.00013469880176631124,healthy aging,empowering,2023-06
2023-06-16,479492,75,0.00015641553977960009,healthy aging,empowering,2023-06
2023-06-17,313647,39,0.00012434360921673092,healthy aging,empowering,2023-06
2023-06-18,297948,40,0.00013425161437566286,healthy aging,empowering,2023-06
2023-06-19,454954,105,0.00023079256364379696,healthy aging,empowering,2023-06
2023-06-20,501975,91,0.00018128392848249414,healthy aging,empowering,2023-06
2023-06-21,511651,89,0.0001739466941333057,healthy aging,empowering,2023-06
2023-06-22,500891,96,0.0001916584646160542,healthy aging,empowering,2023-06
2023-06-23,462693,86,0.0001858683835718284,healthy aging,empowering,2023-06
2023-06-24,311142,38,0.00012213073130596319,healthy aging,empowering,2023-06
2023-06-25,294103,72,0.000244812191647144,healthy aging,empowering,2023-06
2023-06-26,466890,111,0.0002377433656749984,healthy aging,empowering,2023-06
2023-06-27,488208,97,0.0001986858060498804,healthy aging,empowering,2023-06
2023-06-28,487306,100,0.00020520986813213875,healthy aging,empowering,2023-06
2023-06-29,476127,65,0.00013651819787577685,healthy aging,empowering,2023-06
2023-06-30,457265,162,0.00035428034072146347,healthy aging,empowering,2023-06
2023-07-01,303381,45,0.00014832833961256637,healthy aging,empowering,2023-07
2023-07-02,284625,45,0.00015810276679841898,healthy aging,empowering,2023-07
2023-07-03,445952,77,0.00017266432261768083,healthy aging,empowering,2023-07
2023-07-04,455884,99,0.00021716050574268893,healthy aging,empowering,2023-07
2023-07-05,501180,72,0.00014366096013408356,healthy aging,empowering,2023-07
2023-07-06,493339,137,0.00027769951291100036,healthy aging,empowering,2023-07
2023-07-07,463370,105,0.00022660077260072944,healthy aging,empowering,2023-07
2023-07-08,305403,46,0.00015062065533082516,healthy aging,empowering,2023-07
2023-07-09,291177,37,0.00012707047603347792,healthy aging,empowering,2023-07
2023-07-10,454453,105,0.00023104699495877463,healthy aging,empowering,2023-07
2023-07-11,492786,94,0.00019075217234255844,healthy aging,empowering,2023-07
2023-07-12,495376,78,0.00015745615451697297,healthy aging,empowering,2023-07
2023-07-13,488915,104,0.00021271591176380352,healthy aging,empowering,2023-07
2023-07-14,449795,96,0.00021343056281194768,healthy aging,empowering,2023-07
2023-07-15,300453,39,0.0001298039959660912,healthy aging,empowering,2023-07
2023-07-16,288895,46,0.00015922740095882586,healthy aging,empowering,2023-07
2023-07-17,452038,173,0.00038271118799746925,healthy aging,empowering,2023-07
2023-07-18,489747,100,0.0002041870598492691,healthy aging,empowering,2023-07
2023-07-19,486941,126,0.00025875824791915243,healthy aging,empowering,2023-07
2023-07-20,476929,225,0.0004717683344900394,healthy aging,empowering,2023-07
2023-07-21,454340,136,0.00029933529955539906,healthy aging,empowering,2023-07
2023-07-22,300123,63,0.00020991393528653252,healthy aging,empowering,2023-07
2023-07-23,292470,36,0.0001230895476459124,healthy aging,empowering,2023-07
2023-07-24,453290,148,0.00032650179796598207,healthy aging,empowering,2023-07
2023-07-25,481260,116,0.0002410339525412459,healthy aging,empowering,2023-07
2023-07-26,491615,102,0.000207479430041801,healthy aging,empowering,2023-07
2023-07-27,487834,180,0.0003689779720150707,healthy aging,empowering,2023-07
2023-07-28,459847,117,0.00025443245253312514,healthy aging,empowering,2023-07
2023-07-29,299402,37,0.00012357966880648759,healthy aging,empowering,2023-07
2023-07-30,284070,29,0.00010208751364100398,healthy aging,empowering,2023-07
2023-07-31,455803,82,0.0001799022823456625,healthy aging,empowering,2023-07
2023-08-01,477822,98,0.00020509729564565884,healthy aging,empowering,2023-08
2023-08-02,477375,94,0.00019691018591254256,healthy aging,empowering,2023-08
2023-08-03,477836,83,0.00017369976309863634,healthy aging,empowering,2023-08
2023-08-04,448645,85,0.0001894593721093515,healthy aging,empowering,2023-08
2023-08-05,300483,30,9.983925879334272e-05,healthy aging,empowering,2023-08
2023-08-06,287612,34,0.00011821481718426213,healthy aging,empowering,2023-08
2023-08-07,440347,103,0.00023390644196508663,healthy aging,empowering,2023-08
2023-08-08,469410,72,0.00015338403527832812,healthy aging,empowering,2023-08
2023-08-09,478458,108,0.00022572514201873518,healthy aging,empowering,2023-08
2023-08-10,476103,108,0.0002268416708149287,healthy aging,empowering,2023-08
2023-08-11,439680,117,0.00026610262008733624,healthy aging,empowering,2023-08
2023-08-12,302092,42,0.00013903049402168877,healthy aging,empowering,2023-08
2023-08-13,287942,53,0.0001840648463926763,healthy aging,empowering,2023-08
2023-08-14,440043,68,0.00015453035271553007,healthy aging,empowering,2023-08
2023-08-15,470864,107,0.00022724183628393762,healthy aging,empowering,2023-08
2023-08-16,468638,92,0.00019631357252292814,healthy aging,empowering,2023-08
2023-08-17,475136,81,0.00017047750538793104,healthy aging,empowering,2023-08
2023-08-18,449947,74,0.00016446381462705608,healthy aging,empowering,2023-08
2023-08-19,313733,37,0.00011793467693867078,healthy aging,empowering,2023-08
2023-08-20,300751,53,0.00017622551545963273,healthy aging,empowering,2023-08
2023-08-21,438028,102,0.00023286182618462747,healthy aging,empowering,2023-08
2023-08-22,401105,79,0.0001969559093005572,healthy aging,empowering,2023-08
2023-08-23,370413,73,0.00019707731640088226,healthy aging,empowering,2023-08
2023-08-24,503040,123,0.00024451335877862597,healthy aging,empowering,2023-08
2023-08-25,456353,113,0.00024761533286731983,healthy aging,empowering,2023-08
2023-08-26,308918,34,0.00011006156973695285,healthy aging,empowering,2023-08
2023-08-27,295769,32,0.00010819254215282873,healthy aging,empowering,2023-08
2023-08-28,448775,66,0.00014706701576513843,healthy aging,empowering,2023-08
2023-08-29,481751,130,0.0002698489468625908,healthy aging,empowering,2023-08
2023-08-30,490413,179,0.0003649984808722444,healthy aging,empowering,2023-08
2023-08-31,497911,102,0.00020485588789964472,healthy aging,empowering,2023-08
2023-09-01,476936,95,0.00019918815103074628,healthy aging,empowering,2023-09
2023-09-02,313119,110,0.0003513041367658941,healthy aging,empowering,2023-09
2023-09-03,311627,42,0.0001347765116629817,healthy aging,empowering,2023-09
2023-09-04,435333,69,0.00015849935566566284,healthy aging,empowering,2023-09
2023-09-05,493288,134,0.0002716465837401275,healthy aging,empowering,2023-09
2023-09-06,510752,90,0.000176210763736608,healthy aging,empowering,2023-09
2023-09-07,488234,111,0.00022735000020481983,healthy aging,empowering,2023-09
2023-09-08,463682,107,0.00023076159954451542,healthy aging,empowering,2023-09
2023-09-09,321208,40,0.0001245298996289009,healthy aging,empowering,2023-09
2023-09-10,313055,44,0.00014055038252064334,healthy aging,empowering,2023-09
2023-09-11,474764,90,0.00018956786950990388,healthy aging,empowering,2023-09
2023-09-12,501177,113,0.00022546924539633702,healthy aging,empowering,2023-09
2023-09-13,512947,101,0.00019690143426123947,healthy aging,empowering,2023-09
2023-09-14,504052,141,0.0002797330434161555,healthy aging,empowering,2023-09
2023-09-15,477614,89,0.00018634294639604366,healthy aging,empowering,2023-09
2023-09-16,313024,60,0.00019167859333469637,healthy aging,empowering,2023-09
2023-09-17,307869,41,0.00013317352510320947,healthy aging,empowering,2023-09
2023-09-18,467258,121,0.0002589575780403974,healthy aging,empowering,2023-09
2023-09-19,502742,95,0.0001889637229433785,healthy aging,empowering,2023-09
2023-09-20,519399,126,0.0002425880681325917,healthy aging,empowering,2023-09
2023-09-21,511175,130,0.0002543160365823837,healthy aging,empowering,2023-09
2023-09-22,473154,136,0.0002874328442748027,healthy aging,empowering,2023-09
2023-09-23,316117,40,0.00012653542833824185,healthy aging,empowering,2023-09
2023-09-24,279092,35,0.0001254066759348172,healthy aging,empowering,2023-09
2023-09-25,471557,80,0.00016965075271918348,healthy aging,empowering,2023-09
2023-09-26,493643,110,0.00022283310003383012,healthy aging,empowering,2023-09
2023-09-27,505379,126,0.00024931783869135837,healthy aging,empowering,2023-09
2023-09-28,488069,170,0.0003483114067887942,healthy aging,empowering,2023-09
2023-09-29,447544,103,0.00023014496898628961,healthy aging,empowering,2023-09
2023-09-30,315650,29,9.187391097734833e-05,healthy aging,empowering,2023-09
2023-10-01,291636,54,0.00018516232563881003,healthy aging,empowering,2023-10
2023-10-02,449201,99,0.0002203913170273441,healthy aging,empowering,2023-10
2023-10-03,405978,137,0.0003374567094768682,healthy aging,empowering,2023-10
2023-10-04,414982,100,0.00024097430731935361,healthy aging,empowering,2023-10
2023-10-05,450132,93,0.00020660606222174828,healthy aging,empowering,2023-10
2023-10-06,377905,101,0.000267262936452283,healthy aging,empowering,2023-10
2023-10-07,251209,40,0.0001592299638946057,healthy aging,empowering,2023-10
2023-10-08,309776,42,0.00013558183978100305,healthy aging,empowering,2023-10
2023-10-09,440844,109,0.00024725299652484777,healthy aging,empowering,2023-10
2023-10-10,490873,184,0.00037484237267073153,healthy aging,empowering,2023-10
2023-10-11,503094,108,0.0002146716120645446,healthy aging,empowering,2023-10
2023-10-12,487234,86,0.0001765065656337612,healthy aging,empowering,2023-10
2023-10-13,468088,104,0.00022218044470270548,healthy aging,empowering,2023-10
2023-10-14,310303,32,0.00010312501007080176,healthy aging,empowering,2023-10
2023-10-15,229331,41,0.00017878088875904262,healthy aging,empowering,2023-10
2023-10-16,378908,76,0.00020057639321418392,healthy aging,empowering,2023-10
2023-10-17,354366,104,0.00029348188031583163,healthy aging,empowering,2023-10
2023-10-18,454881,94,0.0002066474528503059,healthy aging,empowering,2023-10
2023-10-19,324728,107,0.00032950654085881105,healthy aging,empowering,2023-10
2023-10-20,449556,107,0.00023801261689311231,healthy aging,empowering,2023-10
2023-10-21,300472,38,0.00012646769083308928,healthy aging,empowering,2023-10
2023-10-22,295955,35,0.00011826122214525857,healthy aging,empowering,2023-10
2023-10-23,414959,173,0.00041690865844577416,healthy aging,empowering,2023-10
2023-10-24,417249,89,0.0002133018892795429,healthy aging,empowering,2023-10
2023-10-25,379766,113,0.00029755165022671856,healthy aging,empowering,2023-10
2023-10-26,375887,101,0.00026869777353300325,healthy aging,empowering,2023-10
2023-10-27,474875,90,0.00018952355883127139,healthy aging,empowering,2023-10
2023-10-28,240563,46,0.00019121810087170514,healthy aging,empowering,2023-10
2023-10-29,279231,44,0.00015757562734796638,healthy aging,empowering,2023-10
2023-10-30,325647,142,0.0004360549920619567,healthy aging,empowering,2023-10
2023-10-31,454676,121,0.0002661235693108939,healthy aging,empowering,2023-10
2023-11-01,406342,109,0.00026824694469190975,healthy aging,empowering,2023-11
2023-11-02,313387,85,0.000271230140369575,healthy aging,empowering,2023-11
2023-11-03,353019,72,0.00020395502791634444,healthy aging,empowering,2023-11
2023-11-04,217424,35,0.0001609757892412981,healthy aging,empowering,2023-11
2023-11-05,238825,41,0.00017167381974248928,healthy aging,empowering,2023-11
2023-11-06,293997,80,0.00027211162018660055,healthy aging,empowering,2023-11
2023-11-07,349578,66,0.00018879906630279937,healthy aging,empowering,2023-11
2023-11-08,395019,90,0.00022783714201089062,healthy aging,empowering,2023-11
2023-11-09,477530,83,0.0001738110694616045,healthy aging,empowering,2023-11
2023-11-10,496152,215,0.00043333494574243376,healthy aging,empowering,2023-11
2023-11-11,372697,83,0.0002227010144970311,healthy aging,empowering,2023-11
2023-11-12,343914,106,0.00030821658903097866,healthy aging,empowering,2023-11
2023-11-13,505874,100,0.0001976776825849915,healthy aging,empowering,2023-11
2023-11-14,531886,188,0.0003534591999037388,healthy aging,empowering,2023-11
2023-11-15,532214,107,0.00020104694728060517,healthy aging,empowering,2023-11
2023-11-16,528144,162,0.00030673452694719624,healthy aging,empowering,2023-11
2023-11-17,518066,240,0.000463261437731872,healthy aging,empowering,2023-11
2023-11-18,374406,65,0.00017360832892635266,healthy aging,empowering,2023-11
2023-11-19,346778,90,0.000259532034904175,healthy aging,empowering,2023-11
2023-11-20,489625,104,0.00021240745468470768,healthy aging,empowering,2023-11
2023-11-21,493213,169,0.00034265114666482836,healthy aging,empowering,2023-11
2023-11-22,570322,160,0.00028054327204631767,healthy aging,empowering,2023-11
2023-11-23,510558,158,0.0003094653300898233,healthy aging,empowering,2023-11
2023-11-24,465253,141,0.000303060915243964,healthy aging,empowering,2023-11
2023-11-25,339983,60,0.00017647941220590442,healthy aging,empowering,2023-11
2023-11-26,350990,67,0.0001908886293056782,healthy aging,empowering,2023-11
2023-11-27,499915,106,0.00021203604612784173,healthy aging,empowering,2023-11
2023-11-28,531630,176,0.00033105731429753776,healthy aging,empowering,2023-11
2023-11-29,552523,163,0.0002950103434608152,healthy aging,empowering,2023-11
2023-11-30,560459,133,0.00023730549424667995,healthy aging,empowering,2023-11
2023-12-01,521593,154,0.0002952493610918858,healthy aging,empowering,2023-12
2023-12-02,370071,92,0.0002486009441431509,healthy aging,empowering,2023-12
2023-12-03,346452,60,0.00017318416404004018,healthy aging,empowering,2023-12
2023-12-04,508715,156,0.0003066550032926098,healthy aging,empowering,2023-12
2023-12-05,439522,107,0.0002434462893780061,healthy aging,empowering,2023-12
2023-12-06,447712,101,0.00022559145164748767,healthy aging,empowering,2023-12
2023-12-07,444233,88,0.00019809424333626724,healthy aging,empowering,2023-12
2023-12-08,426877,193,0.00045212086854058665,healthy aging,empowering,2023-12
2023-12-09,306237,70,0.00022858113160721924,healthy aging,empowering,2023-12
2023-12-10,301897,45,0.00014905745999463393,healthy aging,empowering,2023-12
2023-12-11,432070,68,0.00015738190570972296,healthy aging,empowering,2023-12
2023-12-12,453920,92,0.00020267888614733875,healthy aging,empowering,2023-12
2023-12-13,464155,161,0.0003468668871389945,healthy aging,empowering,2023-12
2023-12-14,457220,93,0.00020340317571409825,healthy aging,empowering,2023-12
2023-12-15,434987,113,0.00025977787841935504,healthy aging,empowering,2023-12
2023-12-16,299627,35,0.00011681190279914694,healthy aging,empowering,2023-12
2023-12-17,289281,49,0.0001693854764052945,healthy aging,empowering,2023-12
2023-12-18,432847,133,0.0003072679260801161,healthy aging,empowering,2023-12
2023-12-19,442004,92,0.0002081429127338214,healthy aging,empowering,2023-12
2023-12-20,453183,111,0.00024493416566817377,healthy aging,empowering,2023-12
2023-12-21,439238,143,0.00032556381733820847,healthy aging,empowering,2023-12
2023-12-22,409045,127,0.000310479287119999,healthy aging,empowering,2023-12
2023-12-23,284409,87,0.0003058974926953788,healthy aging,empowering,2023-12
2023-12-24,254126,57,0.0002242981827912138,healthy aging,empowering,2023-12
2023-12-25,262260,61,0.00023259360939525663,healthy aging,empowering,2023-12
2023-12-26,334738,84,0.00025094252818622326,healthy aging,empowering,2023-12
2023-12-27,385441,110,0.0002853873874341339,healthy aging,empowering,2023-12
2023-12-28,390902,246,0.0006293137410399537,healthy aging,empowering,2023-12
2023-12-29,368395,215,0.0005836126983265245,healthy aging,empowering,2023-12
2023-12-30,276938,121,0.0004369208992626508,healthy aging,empowering,2023-12
2023-12-31,253133,65,0.0002567820078772819,healthy aging,empowering,2023-12
2023-01-01,386660,204,0.0005275953033672994,aging well,empowering,2023-01
2023-01-02,376736,237,0.0006290877431410855,aging well,empowering,2023-01
2023-01-03,463750,433,0.0009336927223719677,aging well,empowering,2023-01
2023-01-04,476285,388,0.0008146382942985817,aging well,empowering,2023-01
2023-01-05,513716,383,0.000745548123866105,aging well,empowering,2023-01
2023-01-06,446257,335,0.0007506885046060902,aging well,empowering,2023-01
2023-01-07,338006,198,0.0005857884179570776,aging well,empowering,2023-01
2023-01-08,321144,174,0.000541813018459009,aging well,empowering,2023-01
2023-01-09,516613,492,0.0009523569867579794,aging well,empowering,2023-01
2023-01-10,518847,429,0.0008268333439337608,aging well,empowering,2023-01
2023-01-11,555868,378,0.0006800175581253103,aging well,empowering,2023-01
2023-01-12,526056,320,0.0006083002570068586,aging well,empowering,2023-01
2023-01-13,488831,369,0.0007548621098089114,aging well,empowering,2023-01
2023-01-14,322746,154,0.0004771554101367639,aging well,empowering,2023-01
2023-01-15,311609,145,0.0004653267395999474,aging well,empowering,2023-01
2023-01-16,460938,315,0.0006833890892050557,aging well,empowering,2023-01
2023-01-17,508077,697,0.0013718393078214523,aging well,empowering,2023-01
2023-01-18,524187,530,0.001011089553918735,aging well,empowering,2023-01
2023-01-19,517612,493,0.0009524508705362317,aging well,empowering,2023-01
2023-01-20,483858,405,0.000837022432201183,aging well,empowering,2023-01
2023-01-21,325412,248,0.0007621108010767888,aging well,empowering,2023-01
2023-01-22,311528,120,0.00038519812023317325,aging well,empowering,2023-01
2023-01-23,474487,483,0.0010179414820637867,aging well,empowering,2023-01
2023-01-24,503497,409,0.0008123186434080044,aging well,empowering,2023-01
2023-01-25,513829,344,0.0006694834273659136,aging well,empowering,2023-01
2023-01-26,504774,487,0.0009647882022449651,aging well,empowering,2023-01
2023-01-27,478129,346,0.0007236540766194897,aging well,empowering,2023-01
2023-01-28,327154,172,0.0005257462846243665,aging well,empowering,2023-01
2023-01-29,337263,175,0.0005188828896143365,aging well,empowering,2023-01
2023-01-30,498506,312,0.0006258700998583768,aging well,empowering,2023-01
2023-01-31,520924,337,0.0006469273828811881,aging well,empowering,2023-01
2023-02-01,545720,505,0.0009253829802829289,aging well,empowering,2023-02
2023-02-02,521178,329,0.0006312622558895426,aging well,empowering,2023-02
2023-02-03,479265,278,0.0005800548756950747,aging well,empowering,2023-02
2023-02-04,336576,163,0.0004842888381821639,aging well,empowering,2023-02
2023-02-05,313435,236,0.0007529471820313621,aging well,empowering,2023-02
2023-02-06,489890,350,0.0007144461001449305,aging well,empowering,2023-02
2023-02-07,509337,462,0.0009070615329339907,aging well,empowering,2023-02
2023-02-08,527289,396,0.000751011304995932,aging well,empowering,2023-02
2023-02-09,519827,514,0.0009887905014552918,aging well,empowering,2023-02
2023-02-10,490576,357,0.0007277159909983366,aging well,empowering,2023-02
2023-02-11,321346,244,0.0007593061684290453,aging well,empowering,2023-02
2023-02-12,315406,164,0.0005199647438539533,aging well,empowering,2023-02
2023-02-13,484652,425,0.0008769178709672094,aging well,empowering,2023-02
2023-02-14,511527,294,0.0005747497199561313,aging well,empowering,2023-02
2023-02-15,517380,358,0.0006919478912984653,aging well,empowering,2023-02
2023-02-16,519253,366,0.0007048587104937285,aging well,empowering,2023-02
2023-02-17,484478,428,0.0008834250471641644,aging well,empowering,2023-02
2023-02-18,321085,214,0.00066649018172758,aging well,empowering,2023-02
2023-02-19,310960,224,0.0007203498842294829,aging well,empowering,2023-02
2023-02-20,443848,271,0.0006105693841134803,aging well,empowering,2023-02
2023-02-21,479395,341,0.0007113132177014779,aging well,empowering,2023-02
2023-02-22,501956,300,0.0005976619464654273,aging well,empowering,2023-02
2023-02-23,496300,312,0.0006286520249848881,aging well,empowering,2023-02
2023-02-24,471742,286,0.0006062635932352853,aging well,empowering,2023-02
2023-02-25,323605,151,0.00046661825373526367,aging well,empowering,2023-02
2023-02-26,307580,329,0.0010696404187528449,aging well,empowering,2023-02
2023-02-27,475064,410,0.0008630416112355388,aging well,empowering,2023-02
2023-02-28,500745,452,0.0009026550439844631,aging well,empowering,2023-02
2023-03-01,514545,586,0.0011388702640196678,aging well,empowering,2023-03
2023-03-02,510532,322,0.0006307146270948736,aging well,empowering,2023-03
2023-03-03,478228,424,0.0008866063885845245,aging well,empowering,2023-03
2023-03-04,318967,186,0.0005831324243573787,aging well,empowering,2023-03
2023-03-05,306986,172,0.0005602861368270866,aging well,empowering,2023-03
2023-03-06,477110,300,0.0006287858145920228,aging well,empowering,2023-03
2023-03-07,491276,333,0.0006778267206214023,aging well,empowering,2023-03
2023-03-08,479238,382,0.0007970987275633402,aging well,empowering,2023-03
2023-03-09,500869,376,0.0007506952915832284,aging well,empowering,2023-03
2023-03-10,474747,386,0.0008130646428518769,aging well,empowering,2023-03
2023-03-11,312372,215,0.0006882819202745444,aging well,empowering,2023-03
2023-03-12,313775,204,0.0006501473986136563,aging well,empowering,2023-03
2023-03-13,483073,276,0.0005713422194989163,aging well,empowering,2023-03
2023-03-14,502396,353,0.0007026329827466779,aging well,empowering,2023-03
2023-03-15,512681,445,0.0008679861356281976,aging well,empowering,2023-03
2023-03-16,515796,307,0.000595196550574258,aging well,empowering,2023-03
2023-03-17,477867,293,0.0006131413133779901,aging well,empowering,2023-03
2023-03-18,312067,143,0.0004582349303194506,aging well,empowering,2023-03
2023-03-19,301941,227,0.0007518025044627924,aging well,empowering,2023-03
2023-03-20,473417,338,0.0007139583073696128,aging well,empowering,2023-03
2023-03-21,486641,288,0.000591812033922337,aging well,empowering,2023-03
2023-03-22,503482,329,0.0006534493785279315,aging well,empowering,2023-03
2023-03-23,494531,494,0.0009989262553813613,aging well,empowering,2023-03
2023-03-24,462455,710,0.0015352845141689462,aging well,empowering,2023-03
2023-03-25,309743,150,0.0004842724452207152,aging well,empowering,2023-03
2023-03-26,299147,138,0.0004613116628279742,aging well,empowering,2023-03
2023-03-27,475695,337,0.0007084371288325502,aging well,empowering,2023-03
2023-03-28,490819,316,0.0006438218569370786,aging well,empowering,2023-03
2023-03-29,497556,501,0.0010069218339242216,aging well,empowering,2023-03
2023-03-30,420677,504,0.0011980688271524234,aging well,empowering,2023-03
2023-03-31,449869,431,0.000958056678722028,aging well,empowering,2023-03
2023-04-01,315540,127,0.0004024846295239906,aging well,empowering,2023-04
2023-04-02,309179,221,0.0007147962830593281,aging well,empowering,2023-04
2023-04-03,476836,387,0.0008115997953174677,aging well,empowering,2023-04
2023-04-04,487193,487,0.0009996038530931273,aging well,empowering,2023-04
2023-04-05,488458,343,0.0007022098112836723,aging well,empowering,2023-04
2023-04-06,459113,598,0.0013025115821159497,aging well,empowering,2023-04
2023-04-07,389270,527,0.0013538161173478563,aging well,empowering,2023-04
2023-04-08,290669,306,0.0010527438426526392,aging well,empowering,2023-04
2023-04-09,273774,139,0.0005077180448106833,aging well,empowering,2023-04
2023-04-10,405537,337,0.0008309969250647907,aging well,empowering,2023-04
2023-04-11,477794,377,0.0007890429766803267,aging well,empowering,2023-04
2023-04-12,488672,319,0.0006527896012048981,aging well,empowering,2023-04
2023-04-13,490386,400,0.00081568397140212,aging well,empowering,2023-04
2023-04-14,456649,303,0.0006635293190174511,aging well,empowering,2023-04
2023-04-15,304282,132,0.00043380811221169837,aging well,empowering,2023-04
2023-04-16,294116,141,0.0004794026846550341,aging well,empowering,2023-04
2023-04-17,449839,239,0.0005313011988733747,aging well,empowering,2023-04
2023-04-18,487585,271,0.0005558005270875847,aging well,empowering,2023-04
2023-04-19,495117,327,0.0006604499542532371,aging well,empowering,2023-04
2023-04-20,505072,399,0.0007899863781797447,aging well,empowering,2023-04
2023-04-21,442165,269,0.000608370178553255,aging well,empowering,2023-04
2023-04-22,291122,112,0.00038471843419597283,aging well,empowering,2023-04
2023-04-23,285319,110,0.0003855333854387545,aging well,empowering,2023-04
2023-04-24,453171,357,0.000787782095500374,aging well,empowering,2023-04
2023-04-25,478078,452,0.0009454524157145905,aging well,empowering,2023-04
2023-04-26,499642,414,0.0008285932727833128,aging well,empowering,2023-04
2023-04-27,503305,364,0.0007232195189795452,aging well,empowering,2023-04
2023-04-28,477911,275,0.0005754209465779193,aging well,empowering,2023-04
2023-04-29,312100,167,0.0005350849086831143,aging well,empowering,2023-04
2023-04-30,292074,136,0.00046563542116039085,aging well,empowering,2023-04
2023-05-01,382308,385,0.0010070414430249956,aging well,empowering,2023-05
2023-05-02,472981,377,0.0007970721868320292,aging well,empowering,2023-05
2023-05-03,496390,364,0.0007332943854630432,aging well,empowering,2023-05
2023-05-04,496481,303,0.0006102952580259869,aging well,empowering,2023-05
2023-05-05,463524,291,0.0006277992078080099,aging well,empowering,2023-05
2023-05-06,318236,141,0.00044306740909262306,aging well,empowering,2023-05
2023-05-07,305413,217,0.0007105133049346295,aging well,empowering,2023-05
2023-05-08,460286,378,0.0008212285405161139,aging well,empowering,2023-05
2023-05-09,488772,422,0.0008633882464625633,aging well,empowering,2023-05
2023-05-10,520267,383,0.0007361604714502361,aging well,empowering,2023-05
2023-05-11,499831,478,0.0009563232372541919,aging well,empowering,2023-05
2023-05-12,475520,278,0.0005846231493943472,aging well,empowering,2023-05
2023-05-13,290386,171,0.0005888713643219715,aging well,empowering,2023-05
2023-05-14,247082,171,0.0006920779336414631,aging well,empowering,2023-05
2023-05-15,476911,320,0.0006709847330004969,aging well,empowering,2023-05
2023-05-16,508558,290,0.0005702397759940852,aging well,empowering,2023-05
2023-05-17,516177,351,0.0006799993025648179,aging well,empowering,2023-05
2023-05-18,491864,347,0.0007054795634565652,aging well,empowering,2023-05
2023-05-19,475987,374,0.0007857357448837888,aging well,empowering,2023-05
2023-05-20,313906,168,0.000535192063866253,aging well,empowering,2023-05
2023-05-21,305588,159,0.0005203083890728693,aging well,empowering,2023-05
2023-05-22,478952,294,0.0006138402178088827,aging well,empowering,2023-05
2023-05-23,502427,270,0.0005373915016509861,aging well,empowering,2023-05
2023-05-24,515438,314,0.0006091906301048817,aging well,empowering,2023-05
2023-05-25,506377,591,0.0011671146201348008,aging well,empowering,2023-05
2023-05-26,476611,315,0.0006609163447759284,aging well,empowering,2023-05
2023-05-27,315199,152,0.0004822350324715497,aging well,empowering,2023-05
2023-05-28,311410,125,0.00040140008349121736,aging well,empowering,2023-05
2023-05-29,422001,311,0.000736965078281805,aging well,empowering,2023-05
2023-05-30,492310,365,0.0007414027746744937,aging well,empowering,2023-05
2023-05-31,511821,440,0.0008596755506319593,aging well,empowering,2023-05
2023-06-01,520029,505,0.0009710996886712087,aging well,empowering,2023-06
2023-06-02,471163,340,0.0007216186330420682,aging well,empowering,2023-06
2023-06-03,316228,195,0.0006166436874660055,aging well,empowering,2023-06
2023-06-04,302435,132,0.00043645742060277414,aging well,empowering,2023-06
2023-06-05,478406,484,0.0010116929971614068,aging well,empowering,2023-06
2023-06-06,497032,262,0.0005271290379693863,aging well,empowering,2023-06
2023-06-07,511926,484,0.0009454491469470197,aging well,empowering,2023-06
2023-06-08,485205,358,0.0007378324625673684,aging well,empowering,2023-06
2023-06-09,469746,348,0.0007408258931422513,aging well,empowering,2023-06
2023-06-10,309255,129,0.0004171314934277538,aging well,empowering,2023-06
2023-06-11,301437,134,0.00044453733284235183,aging well,empowering,2023-06
2023-06-12,469490,463,0.0009861764893820955,aging well,empowering,2023-06
2023-06-13,507360,273,0.0005380794701986755,aging well,empowering,2023-06
2023-06-14,513410,366,0.0007128805438148848,aging well,empowering,2023-06
2023-06-15,512254,370,0.0007222979225150023,aging well,empowering,2023-06
2023-06-16,479492,392,0.0008175318879147098,aging well,empowering,2023-06
2023-06-17,313647,130,0.00041447869738910303,aging well,empowering,2023-06
2023-06-18,297948,133,0.00044638661779907904,aging well,empowering,2023-06
2023-06-19,454954,318,0.0006989717641783565,aging well,empowering,2023-06
2023-06-20,501975,365,0.0007271278450122018,aging well,empowering,2023-06
2023-06-21,511651,332,0.0006488798028343539,aging well,empowering,2023-06
2023-06-22,500891,468,0.0009343350150032642,aging well,empowering,2023-06
2023-06-23,462693,261,0.0005640889315377583,aging well,empowering,2023-06
2023-06-24,311142,212,0.000681360922022742,aging well,empowering,2023-06
2023-06-25,294103,202,0.0006868342043433763,aging well,empowering,2023-06
2023-06-26,466890,320,0.0006853862794234188,aging well,empowering,2023-06
2023-06-27,488208,366,0.0007496804640644971,aging well,empowering,2023-06
2023-06-28,487306,338,0.000693609354286629,aging well,empowering,2023-06
2023-06-29,476127,610,0.0012811707800649828,aging well,empowering,2023-06
2023-06-30,457265,401,0.0008769531890697954,aging well,empowering,2023-06
2023-07-01,303381,194,0.0006394599529963973,aging well,empowering,2023-07
2023-07-02,284625,120,0.00042160737812911727,aging well,empowering,2023-07
2023-07-03,445952,311,0.0006973844718714122,aging well,empowering,2023-07
2023-07-04,455884,224,0.0004913530634986093,aging well,empowering,2023-07
2023-07-05,501180,289,0.0005766391316493077,aging well,empowering,2023-07
2023-07-06,493339,375,0.0007601264039534681,aging well,empowering,2023-07
2023-07-07,463370,341,0.0007359129853033213,aging well,empowering,2023-07
2023-07-08,305403,255,0.0008349623284643569,aging well,empowering,2023-07
2023-07-09,291177,123,0.0004224234743815617,aging well,empowering,2023-07
2023-07-10,454453,368,0.0008097647061412291,aging well,empowering,2023-07
2023-07-11,492786,394,0.0007995357010954045,aging well,empowering,2023-07
2023-07-12,495376,320,0.0006459739672491199,aging well,empowering,2023-07
2023-07-13,488915,306,0.0006258756634588834,aging well,empowering,2023-07
2023-07-14,449795,260,0.0005780411076156916,aging well,empowering,2023-07
2023-07-15,300453,108,0.0003594572195984064,aging well,empowering,2023-07
2023-07-16,288895,265,0.0009172882881323664,aging well,empowering,2023-07
2023-07-17,452038,392,0.0008671837323410864,aging well,empowering,2023-07
2023-07-18,489747,330,0.000673817297502588,aging well,empowering,2023-07
2023-07-19,486941,324,0.0006653783517921062,aging well,empowering,2023-07
2023-07-20,476929,446,0.0009351496763669226,aging well,empowering,2023-07
2023-07-21,454340,420,0.0009244178368622617,aging well,empowering,2023-07
2023-07-22,300123,145,0.00048313524788170186,aging well,empowering,2023-07
2023-07-23,292470,129,0.0004410708790645194,aging well,empowering,2023-07
2023-07-24,453290,338,0.000745659511570959,aging well,empowering,2023-07
2023-07-25,481260,499,0.0010368615717076008,aging well,empowering,2023-07
2023-07-26,491615,391,0.0007953378151602372,aging well,empowering,2023-07
2023-07-27,487834,408,0.0008363500699008269,aging well,empowering,2023-07
2023-07-28,459847,306,0.000665438722009712,aging well,empowering,2023-07
2023-07-29,299402,128,0.00042751885424947064,aging well,empowering,2023-07
2023-07-30,284070,125,0.00044003238638363784,aging well,empowering,2023-07
2023-07-31,455803,317,0.0006954758963850611,aging well,empowering,2023-07
2023-08-01,477822,350,0.0007324903415916387,aging well,empowering,2023-08
2023-08-02,477375,396,0.0008295365278868814,aging well,empowering,2023-08
2023-08-03,477836,280,0.0005859751044291347,aging well,empowering,2023-08
2023-08-04,448645,273,0.0006084989245394466,aging well,empowering,2023-08
2023-08-05,300483,202,0.0006722510092085077,aging well,empowering,2023-08
2023-08-06,287612,126,0.00043809020485932436,aging well,empowering,2023-08
2023-08-07,440347,279,0.0006335912360025162,aging well,empowering,2023-08
2023-08-08,469410,255,0.0005432351249440787,aging well,empowering,2023-08
2023-08-09,478458,293,0.0006123839501063834,aging well,empowering,2023-08
2023-08-10,476103,353,0.0007414362018302762,aging well,empowering,2023-08
2023-08-11,439680,293,0.0006663937409024745,aging well,empowering,2023-08
2023-08-12,302092,166,0.0005495014763714365,aging well,empowering,2023-08
2023-08-13,287942,146,0.0005070465579873725,aging well,empowering,2023-08
2023-08-14,440043,308,0.0006999315975938715,aging well,empowering,2023-08
2023-08-15,470864,268,0.0005691664684494886,aging well,empowering,2023-08
2023-08-16,468638,276,0.0005889407175687845,aging well,empowering,2023-08
2023-08-17,475136,379,0.0007976663523706896,aging well,empowering,2023-08
2023-08-18,449947,392,0.0008712137207271079,aging well,empowering,2023-08
2023-08-19,313733,109,0.00034742918341392203,aging well,empowering,2023-08
2023-08-20,300751,170,0.0005652516533610861,aging well,empowering,2023-08
2023-08-21,438028,356,0.0008127334325659547,aging well,empowering,2023-08
2023-08-22,401105,331,0.0008252203288415752,aging well,empowering,2023-08
2023-08-23,370413,323,0.0008719996328422599,aging well,empowering,2023-08
2023-08-24,503040,340,0.0006758905852417302,aging well,empowering,2023-08
2023-08-25,456353,362,0.0007932455796280511,aging well,empowering,2023-08
2023-08-26,308918,153,0.0004952770638162878,aging well,empowering,2023-08
2023-08-27,295769,177,0.0005984399987828339,aging well,empowering,2023-08
2023-08-28,448775,294,0.0006551167065901621,aging well,empowering,2023-08
2023-08-29,481751,324,0.0006725466060267649,aging well,empowering,2023-08
2023-08-30,490413,452,0.0009216721416438798,aging well,empowering,2023-08
2023-08-31,497911,319,0.0006406767474508497,aging well,empowering,2023-08
2023-09-01,476936,353,0.0007401412348826677,aging well,empowering,2023-09
2023-09-02,313119,211,0.0006738652077963969,aging well,empowering,2023-09
2023-09-03,311627,140,0.0004492550388766057,aging well,empowering,2023-09
2023-09-04,435333,177,0.00040658530366409165,aging well,empowering,2023-09
2023-09-05,493288,357,0.0007237151522031754,aging well,empowering,2023-09
2023-09-06,510752,340,0.0006656851074494079,aging well,empowering,2023-09
2023-09-07,488234,325,0.0006656644150141121,aging well,empowering,2023-09
2023-09-08,463682,287,0.0006189586828904292,aging well,empowering,2023-09
2023-09-09,321208,193,0.0006008567657094468,aging well,empowering,2023-09
2023-09-10,313055,139,0.0004440114356902142,aging well,empowering,2023-09
2023-09-11,474764,314,0.0006613812336234424,aging well,empowering,2023-09
2023-09-12,501177,331,0.0006604453117361731,aging well,empowering,2023-09
2023-09-13,512947,532,0.0010371441883859347,aging well,empowering,2023-09
2023-09-14,504052,424,0.000841183052542198,aging well,empowering,2023-09
2023-09-15,477614,273,0.0005715912850125834,aging well,empowering,2023-09
2023-09-16,313024,151,0.0004823911265589859,aging well,empowering,2023-09
2023-09-17,307869,144,0.0004677314052405406,aging well,empowering,2023-09
2023-09-18,467258,541,0.0011578185927260743,aging well,empowering,2023-09
2023-09-19,502742,334,0.0006643566680325097,aging well,empowering,2023-09
2023-09-20,519399,482,0.0009279956257135651,aging well,empowering,2023-09
2023-09-21,511175,467,0.0009135814544921015,aging well,empowering,2023-09
2023-09-22,473154,350,0.0007397168786483894,aging well,empowering,2023-09
2023-09-23,316117,151,0.000477671241976863,aging well,empowering,2023-09
2023-09-24,279092,131,0.0004693792727846015,aging well,empowering,2023-09
2023-09-25,471557,279,0.0005916570001081523,aging well,empowering,2023-09
2023-09-26,493643,294,0.0005955721037267823,aging well,empowering,2023-09
2023-09-27,505379,313,0.0006193371707174219,aging well,empowering,2023-09
2023-09-28,488069,384,0.0007867740012170411,aging well,empowering,2023-09
2023-09-29,447544,339,0.000757467422197594,aging well,empowering,2023-09
2023-09-30,315650,146,0.00046253762078251226,aging well,empowering,2023-09
2023-10-01,291636,168,0.0005760605686540756,aging well,empowering,2023-10
2023-10-02,449201,339,0.0007546732976996934,aging well,empowering,2023-10
2023-10-03,405978,300,0.0007389562981245289,aging well,empowering,2023-10
2023-10-04,414982,325,0.0007831664987878992,aging well,empowering,2023-10
2023-10-05,450132,344,0.0007642202731643163,aging well,empowering,2023-10
2023-10-06,377905,377,0.00099760521824268,aging well,empowering,2023-10
2023-10-07,251209,175,0.0006966310920388999,aging well,empowering,2023-10
2023-10-08,309776,186,0.0006004338618872992,aging well,empowering,2023-10
2023-10-09,440844,328,0.0007440273656894503,aging well,empowering,2023-10
2023-10-10,490873,376,0.000765982239805408,aging well,empowering,2023-10
2023-10-11,503094,319,0.00063407633563509,aging well,empowering,2023-10
2023-10-12,487234,303,0.0006218777835701121,aging well,empowering,2023-10
2023-10-13,468088,365,0.0007797679068893029,aging well,empowering,2023-10
2023-10-14,310303,115,0.00037060550494194387,aging well,empowering,2023-10
2023-10-15,229331,142,0.0006191923464337573,aging well,empowering,2023-10
2023-10-16,378908,224,0.000591172527368121,aging well,empowering,2023-10
2023-10-17,354366,339,0.0009566380521833359,aging well,empowering,2023-10
2023-10-18,454881,243,0.0005342056493896206,aging well,empowering,2023-10
2023-10-19,324728,236,0.0007267620901184992,aging well,empowering,2023-10
2023-10-20,449556,291,0.0006473053412700532,aging well,empowering,2023-10
2023-10-21,300472,136,0.00045262120929737213,aging well,empowering,2023-10
2023-10-22,295955,116,0.00039195147910999986,aging well,empowering,2023-10
2023-10-23,414959,364,0.0008771950963830161,aging well,empowering,2023-10
2023-10-24,417249,298,0.0007142018315202673,aging well,empowering,2023-10
2023-10-25,379766,323,0.000850523743568408,aging well,empowering,2023-10
2023-10-26,375887,338,0.0008992064104371793,aging well,empowering,2023-10
2023-10-27,474875,272,0.0005727823111345091,aging well,empowering,2023-10
2023-10-28,240563,115,0.0004780452521792628,aging well,empowering,2023-10
2023-10-29,279231,130,0.0004655643535280825,aging well,empowering,2023-10
2023-10-30,325647,317,0.0009734467076312694,aging well,empowering,2023-10
2023-10-31,454676,316,0.0006950003958863015,aging well,empowering,2023-10
2023-11-01,406342,448,0.0011025195524951889,aging well,empowering,2023-11
2023-11-02,313387,273,0.0008711273920105173,aging well,empowering,2023-11
2023-11-03,353019,257,0.0007280061413125073,aging well,empowering,2023-11
2023-11-04,217424,129,0.0005933107660607845,aging well,empowering,2023-11
2023-11-05,238825,153,0.0006406364492829477,aging well,empowering,2023-11
2023-11-06,293997,213,0.000724497188746824,aging well,empowering,2023-11
2023-11-07,349578,320,0.0009153894123772091,aging well,empowering,2023-11
2023-11-08,395019,309,0.0007822408542373911,aging well,empowering,2023-11
2023-11-09,477530,363,0.000760161665235692,aging well,empowering,2023-11
2023-11-10,496152,524,0.0010561279607862106,aging well,empowering,2023-11
2023-11-11,372697,226,0.0006063907141726389,aging well,empowering,2023-11
2023-11-12,343914,324,0.0009420959891135574,aging well,empowering,2023-11
2023-11-13,505874,324,0.0006404756915753725,aging well,empowering,2023-11
2023-11-14,531886,497,0.0009344107571923306,aging well,empowering,2023-11
2023-11-15,532214,509,0.0009563822071572714,aging well,empowering,2023-11
2023-11-16,528144,431,0.0008160653155200097,aging well,empowering,2023-11
2023-11-17,518066,481,0.0009284531314542935,aging well,empowering,2023-11
2023-11-18,374406,177,0.00047274883415329884,aging well,empowering,2023-11
2023-11-19,346778,332,0.0009573848398687345,aging well,empowering,2023-11
2023-11-20,489625,437,0.000892519785550166,aging well,empowering,2023-11
2023-11-21,493213,344,0.0006974674227970472,aging well,empowering,2023-11
2023-11-22,570322,342,0.0005996612439990041,aging well,empowering,2023-11
2023-11-23,510558,384,0.0007521182705980515,aging well,empowering,2023-11
2023-11-24,465253,376,0.0008081624406505708,aging well,empowering,2023-11
2023-11-25,339983,218,0.0006412085310147861,aging well,empowering,2023-11
2023-11-26,350990,216,0.0006154021482093507,aging well,empowering,2023-11
2023-11-27,499915,391,0.0007821329626036426,aging well,empowering,2023-11
2023-11-28,531630,489,0.000919812651656227,aging well,empowering,2023-11
2023-11-29,552523,613,0.0011094560769415935,aging well,empowering,2023-11
2023-11-30,560459,486,0.0008671463925104245,aging well,empowering,2023-11
2023-12-01,521593,467,0.0008953341014929265,aging well,empowering,2023-12
2023-12-02,370071,242,0.0006539285704635057,aging well,empowering,2023-12
2023-12-03,346452,183,0.0005282117003221226,aging well,empowering,2023-12
2023-12-04,508715,505,0.0009926972862997945,aging well,empowering,2023-12
2023-12-05,439522,304,0.0006916604857094753,aging well,empowering,2023-12
2023-12-06,447712,373,0.0008331248659852763,aging well,empowering,2023-12
2023-12-07,444233,392,0.0008824198112251904,aging well,empowering,2023-12
2023-12-08,426877,457,0.0010705659944199382,aging well,empowering,2023-12
2023-12-09,306237,278,0.000907793636954385,aging well,empowering,2023-12
2023-12-10,301897,233,0.0007717864039722157,aging well,empowering,2023-12
2023-12-11,432070,300,0.0006943319369546601,aging well,empowering,2023-12
2023-12-12,453920,428,0.0009428974268593585,aging well,empowering,2023-12
2023-12-13,464155,435,0.0009371869310898299,aging well,empowering,2023-12
2023-12-14,457220,389,0.0008507939285245615,aging well,empowering,2023-12
2023-12-15,434987,385,0.0008850839220482451,aging well,empowering,2023-12
2023-12-16,299627,177,0.0005907344798699717,aging well,empowering,2023-12
2023-12-17,289281,226,0.0007812472993387053,aging well,empowering,2023-12
2023-12-18,432847,412,0.0009518374853008107,aging well,empowering,2023-12
2023-12-19,442004,348,0.0007873231916453244,aging well,empowering,2023-12
2023-12-20,453183,411,0.0009069183972037786,aging well,empowering,2023-12
2023-12-21,439238,379,0.0008628579494488181,aging well,empowering,2023-12
2023-12-22,409045,323,0.0007896441711792101,aging well,empowering,2023-12
2023-12-23,284409,185,0.0006504716798694837,aging well,empowering,2023-12
2023-12-24,254126,187,0.000735855441788719,aging well,empowering,2023-12
2023-12-25,262260,135,0.0005147563486616335,aging well,empowering,2023-12
2023-12-26,334738,219,0.0006542430199140821,aging well,empowering,2023-12
2023-12-27,385441,388,0.001006639148404036,aging well,empowering,2023-12
2023-12-28,390902,594,0.0015195624478769616,aging well,empowering,2023-12
2023-12-29,368395,397,0.0010776476336540942,aging well,empowering,2023-12
2023-12-30,276938,229,0.0008268998837284879,aging well,empowering,2023-12
2023-12-31,253133,147,0.0005807223870455452,aging well,empowering,2023-12
2023-01-01,386660,6,1.551750892256763e-05,productive aging,empowering,2023-01
2023-01-02,376736,4,1.061751465217022e-05,productive aging,empowering,2023-01
2023-01-03,463750,6,1.293800539083558e-05,productive aging,empowering,2023-01
2023-01-04,476285,12,2.5194998792739643e-05,productive aging,empowering,2023-01
2023-01-05,513716,12,2.3359210147240888e-05,productive aging,empowering,2023-01
2023-01-06,446257,12,2.6890334493352485e-05,productive aging,empowering,2023-01
2023-01-07,338006,5,1.4792636817097922e-05,productive aging,empowering,2023-01
2023-01-08,321144,5,1.5569339610891065e-05,productive aging,empowering,2023-01
2023-01-09,516613,13,2.5163904121653927e-05,productive aging,empowering,2023-01
2023-01-10,518847,16,3.0837607232960776e-05,productive aging,empowering,2023-01
2023-01-11,555868,13,2.3386847237113846e-05,productive aging,empowering,2023-01
2023-01-12,526056,7,1.3306568122025032e-05,productive aging,empowering,2023-01
2023-01-13,488831,13,2.659405806914864e-05,productive aging,empowering,2023-01
2023-01-14,322746,6,1.8590470524808982e-05,productive aging,empowering,2023-01
2023-01-15,311609,4,1.2836599713101996e-05,productive aging,empowering,2023-01
2023-01-16,460938,9,1.9525402548715878e-05,productive aging,empowering,2023-01
2023-01-17,508077,20,3.936411213260982e-05,productive aging,empowering,2023-01
2023-01-18,524187,24,4.578518734726348e-05,productive aging,empowering,2023-01
2023-01-19,517612,97,0.0001873990556633154,productive aging,empowering,2023-01
2023-01-20,483858,12,2.480066465781283e-05,productive aging,empowering,2023-01
2023-01-21,325412,12,3.687632908436075e-05,productive aging,empowering,2023-01
2023-01-22,311528,5,1.604992167638222e-05,productive aging,empowering,2023-01
2023-01-23,474487,20,4.215078600678206e-05,productive aging,empowering,2023-01
2023-01-24,503497,18,3.5749964746562544e-05,productive aging,empowering,2023-01
2023-01-25,513829,14,2.7246418555589506e-05,productive aging,empowering,2023-01
2023-01-26,504774,9,1.7829761437791964e-05,productive aging,empowering,2023-01
2023-01-27,478129,10,2.09148577057656e-05,productive aging,empowering,2023-01
2023-01-28,327154,6,1.8339986672943017e-05,productive aging,empowering,2023-01
2023-01-29,337263,8,2.3720360668083957e-05,productive aging,empowering,2023-01
2023-01-30,498506,10,2.0059939098024898e-05,productive aging,empowering,2023-01
2023-01-31,520924,8,1.5357326596586068e-05,productive aging,empowering,2023-01
2023-02-01,545720,16,2.9319064721835372e-05,productive aging,empowering,2023-02
2023-02-02,521178,17,3.261841443806147e-05,productive aging,empowering,2023-02
2023-02-03,479265,10,2.0865283298383983e-05,productive aging,empowering,2023-02
2023-02-04,336576,10,2.9710971667617418e-05,productive aging,empowering,2023-02
2023-02-05,313435,7,2.233317912804888e-05,productive aging,empowering,2023-02
2023-02-06,489890,17,3.47016677213252e-05,productive aging,empowering,2023-02
2023-02-07,509337,24,4.712007963293458e-05,productive aging,empowering,2023-02
2023-02-08,527289,8,1.5171945555473374e-05,productive aging,empowering,2023-02
2023-02-09,519827,13,2.50083200757175e-05,productive aging,empowering,2023-02
2023-02-10,490576,8,1.6307361142819868e-05,productive aging,empowering,2023-02
2023-02-11,321346,2,6.223821052697093e-06,productive aging,empowering,2023-02
2023-02-12,315406,7,2.2193617115717518e-05,productive aging,empowering,2023-02
2023-02-13,484652,7,1.4443353168871686e-05,productive aging,empowering,2023-02
2023-02-14,511527,9,1.7594379182330552e-05,productive aging,empowering,2023-02
2023-02-15,517380,10,1.932815338822529e-05,productive aging,empowering,2023-02
2023-02-16,519253,16,3.0813495540709444e-05,productive aging,empowering,2023-02
2023-02-17,484478,17,3.5089312621006524e-05,productive aging,empowering,2023-02
2023-02-18,321085,3,9.343320304592242e-06,productive aging,empowering,2023-02
2023-02-19,310960,5,1.6079238487265245e-05,productive aging,empowering,2023-02
2023-02-20,443848,18,4.055442403705773e-05,productive aging,empowering,2023-02
2023-02-21,479395,10,2.0859625152536008e-05,productive aging,empowering,2023-02
2023-02-22,501956,2,3.984412976436181e-06,productive aging,empowering,2023-02
2023-02-23,496300,11,2.216401370139029e-05,productive aging,empowering,2023-02
2023-02-24,471742,14,2.9677238829699284e-05,productive aging,empowering,2023-02
2023-02-25,323605,5,1.5450935554147803e-05,productive aging,empowering,2023-02
2023-02-26,307580,4,1.3004746732557383e-05,productive aging,empowering,2023-02
2023-02-27,475064,7,1.4734856777192126e-05,productive aging,empowering,2023-02
2023-02-28,500745,15,2.9955366503909175e-05,productive aging,empowering,2023-02
2023-03-01,514545,13,2.5265039986784442e-05,productive aging,empowering,2023-03
2023-03-02,510532,11,2.154615185727829e-05,productive aging,empowering,2023-03
2023-03-03,478228,10,2.091052803265388e-05,productive aging,empowering,2023-03
2023-03-04,318967,4,1.2540482244244702e-05,productive aging,empowering,2023-03
2023-03-05,306986,4,1.3029910158769456e-05,productive aging,empowering,2023-03
2023-03-06,477110,20,4.1919054306134855e-05,productive aging,empowering,2023-03
2023-03-07,491276,14,2.8497219485584477e-05,productive aging,empowering,2023-03
2023-03-08,479238,13,2.712639648775765e-05,productive aging,empowering,2023-03
2023-03-09,500869,9,1.7968770277258127e-05,productive aging,empowering,2023-03
2023-03-10,474747,14,2.948939119151885e-05,productive aging,empowering,2023-03
2023-03-11,312372,2,6.4026225141818085e-06,productive aging,empowering,2023-03
2023-03-12,313775,46,0.00014660186439327544,productive aging,empowering,2023-03
2023-03-13,483073,15,3.105120758146284e-05,productive aging,empowering,2023-03
2023-03-14,502396,13,2.5876002197469726e-05,productive aging,empowering,2023-03
2023-03-15,512681,8,1.5604245134888945e-05,productive aging,empowering,2023-03
2023-03-16,515796,5,9.693754895346222e-06,productive aging,empowering,2023-03
2023-03-17,477867,27,5.650107665940523e-05,productive aging,empowering,2023-03
2023-03-18,312067,6,1.9226640432983943e-05,productive aging,empowering,2023-03
2023-03-19,301941,4,1.3247621224013962e-05,productive aging,empowering,2023-03
2023-03-20,473417,12,2.5347632214305782e-05,productive aging,empowering,2023-03
2023-03-21,486641,15,3.0823543433455055e-05,productive aging,empowering,2023-03
2023-03-22,503482,13,2.5820188209310363e-05,productive aging,empowering,2023-03
2023-03-23,494531,15,3.0331768888098015e-05,productive aging,empowering,2023-03
2023-03-24,462455,7,1.513660788617271e-05,productive aging,empowering,2023-03
2023-03-25,309743,6,1.937089780882861e-05,productive aging,empowering,2023-03
2023-03-26,299147,14,4.679973391008434e-05,productive aging,empowering,2023-03
2023-03-27,475695,12,2.5226247910951345e-05,productive aging,empowering,2023-03
2023-03-28,490819,4,8.149643758697197e-06,productive aging,empowering,2023-03
2023-03-29,497556,12,2.4117888237705907e-05,productive aging,empowering,2023-03
2023-03-30,420677,10,2.3771206887944906e-05,productive aging,empowering,2023-03
2023-03-31,449869,3,6.668607972543118e-06,productive aging,empowering,2023-03
2023-04-01,315540,4,1.2676681244850098e-05,productive aging,empowering,2023-04
2023-04-02,309179,3,9.703116964606264e-06,productive aging,empowering,2023-04
2023-04-03,476836,11,2.306872803227944e-05,productive aging,empowering,2023-04
2023-04-04,487193,15,3.078861970512713e-05,productive aging,empowering,2023-04
2023-04-05,488458,6,1.2283553550151703e-05,productive aging,empowering,2023-04
2023-04-06,459113,9,1.9603017122146398e-05,productive aging,empowering,2023-04
2023-04-07,389270,8,2.0551288308885863e-05,productive aging,empowering,2023-04
2023-04-08,290669,4,1.3761357420295938e-05,productive aging,empowering,2023-04
2023-04-09,273774,2,7.305295608786809e-06,productive aging,empowering,2023-04
2023-04-10,405537,11,2.712452871131364e-05,productive aging,empowering,2023-04
2023-04-11,477794,11,2.3022474120646136e-05,productive aging,empowering,2023-04
2023-04-12,488672,9,1.8417261476000262e-05,productive aging,empowering,2023-04
2023-04-13,490386,14,2.85489389990742e-05,productive aging,empowering,2023-04
2023-04-14,456649,13,2.846825461130978e-05,productive aging,empowering,2023-04
2023-04-15,304282,2,6.572850185025733e-06,productive aging,empowering,2023-04
2023-04-16,294116,7,2.3800133280746373e-05,productive aging,empowering,2023-04
2023-04-17,449839,5,1.111508784253922e-05,productive aging,empowering,2023-04
2023-04-18,487585,5,1.0254622270988649e-05,productive aging,empowering,2023-04
2023-04-19,495117,26,5.251284039933996e-05,productive aging,empowering,2023-04
2023-04-20,505072,10,1.9799157347863276e-05,productive aging,empowering,2023-04
2023-04-21,442165,8,1.8092793414223196e-05,productive aging,empowering,2023-04
2023-04-22,291122,1,3.4349860196069003e-06,productive aging,empowering,2023-04
2023-04-23,285319,2,7.009697917068264e-06,productive aging,empowering,2023-04
2023-04-24,453171,23,5.075346833755911e-05,productive aging,empowering,2023-04
2023-04-25,478078,27,5.647613987675651e-05,productive aging,empowering,2023-04
2023-04-26,499642,12,2.4017196312559793e-05,productive aging,empowering,2023-04
2023-04-27,503305,13,2.5829268534983756e-05,productive aging,empowering,2023-04
2023-04-28,477911,10,2.0924398057378883e-05,productive aging,empowering,2023-04
2023-04-29,312100,5,1.6020506247997437e-05,productive aging,empowering,2023-04
2023-04-30,292074,25,8.559474653683656e-05,productive aging,empowering,2023-04
2023-05-01,382308,9,2.354122853824665e-05,productive aging,empowering,2023-05
2023-05-02,472981,11,2.3256748156902708e-05,productive aging,empowering,2023-05
2023-05-03,496390,12,2.4174540180100326e-05,productive aging,empowering,2023-05
2023-05-04,496481,9,1.8127581921563966e-05,productive aging,empowering,2023-05
2023-05-05,463524,12,2.5888627126103502e-05,productive aging,empowering,2023-05
2023-05-06,318236,4,1.2569288201209165e-05,productive aging,empowering,2023-05
2023-05-07,305413,8,2.6194038891599244e-05,productive aging,empowering,2023-05
2023-05-08,460286,33,7.169455512442265e-05,productive aging,empowering,2023-05
2023-05-09,488772,14,2.864321196795234e-05,productive aging,empowering,2023-05
2023-05-10,520267,17,3.2675530064370795e-05,productive aging,empowering,2023-05
2023-05-11,499831,21,4.201420079987036e-05,productive aging,empowering,2023-05
2023-05-12,475520,8,1.6823687752355315e-05,productive aging,empowering,2023-05
2023-05-13,290386,5,1.7218460945086886e-05,productive aging,empowering,2023-05
2023-05-14,247082,9,3.6425154402182274e-05,productive aging,empowering,2023-05
2023-05-15,476911,14,2.935558206877174e-05,productive aging,empowering,2023-05
2023-05-16,508558,15,2.949516082728027e-05,productive aging,empowering,2023-05
2023-05-17,516177,15,2.9059799254906745e-05,productive aging,empowering,2023-05
2023-05-18,491864,16,3.25293170469886e-05,productive aging,empowering,2023-05
2023-05-19,475987,16,3.3614363417488296e-05,productive aging,empowering,2023-05
2023-05-20,313906,19,6.052767388963575e-05,productive aging,empowering,2023-05
2023-05-21,305588,7,2.290665863842821e-05,productive aging,empowering,2023-05
2023-05-22,478952,11,2.2966810870400373e-05,productive aging,empowering,2023-05
2023-05-23,502427,17,3.383576121506209e-05,productive aging,empowering,2023-05
2023-05-24,515438,9,1.746087793294247e-05,productive aging,empowering,2023-05
2023-05-25,506377,8,1.579850585630864e-05,productive aging,empowering,2023-05
2023-05-26,476611,9,1.8883324136455095e-05,productive aging,empowering,2023-05
2023-05-27,315199,3,9.517796693517429e-06,productive aging,empowering,2023-05
2023-05-28,311410,3,9.633602003789216e-06,productive aging,empowering,2023-05
2023-05-29,422001,11,2.6066288942443266e-05,productive aging,empowering,2023-05
2023-05-30,492310,6,1.218744287136154e-05,productive aging,empowering,2023-05
2023-05-31,511821,12,2.344569683541707e-05,productive aging,empowering,2023-05
2023-06-01,520029,6,1.1537818083222282e-05,productive aging,empowering,2023-06
2023-06-02,471163,7,1.4856854209689641e-05,productive aging,empowering,2023-06
2023-06-03,316228,5,1.581137660169245e-05,productive aging,empowering,2023-06
2023-06-04,302435,3,9.919486831881231e-06,productive aging,empowering,2023-06
2023-06-05,478406,15,3.135412181285352e-05,productive aging,empowering,2023-06
2023-06-06,497032,15,3.0179143395193872e-05,productive aging,empowering,2023-06
2023-06-07,511926,10,1.9534073284029334e-05,productive aging,empowering,2023-06
2023-06-08,485205,17,3.5036737049288445e-05,productive aging,empowering,2023-06
2023-06-09,469746,9,1.915929033988581e-05,productive aging,empowering,2023-06
2023-06-10,309255,12,3.88029296211864e-05,productive aging,empowering,2023-06
2023-06-11,301437,23,7.630118399532904e-05,productive aging,empowering,2023-06
2023-06-12,469490,14,2.981959147159684e-05,productive aging,empowering,2023-06
2023-06-13,507360,17,3.350678019552192e-05,productive aging,empowering,2023-06
2023-06-14,513410,5,9.738805243372743e-06,productive aging,empowering,2023-06
2023-06-15,512254,8,1.561725237870275e-05,productive aging,empowering,2023-06
2023-06-16,479492,14,2.9197567425525347e-05,productive aging,empowering,2023-06
2023-06-17,313647,1,3.1882976722238696e-06,productive aging,empowering,2023-06
2023-06-18,297948,9,3.0206613234524147e-05,productive aging,empowering,2023-06
2023-06-19,454954,15,3.2970366234828134e-05,productive aging,empowering,2023-06
2023-06-20,501975,19,3.7850490562278996e-05,productive aging,empowering,2023-06
2023-06-21,511651,3,5.86337171235862e-06,productive aging,empowering,2023-06
2023-06-22,500891,9,1.796798105775508e-05,productive aging,empowering,2023-06
2023-06-23,462693,29,6.267654794863981e-05,productive aging,empowering,2023-06
2023-06-24,311142,1,3.213966613314821e-06,productive aging,empowering,2023-06
2023-06-25,294103,7,2.3801185299027893e-05,productive aging,empowering,2023-06
2023-06-26,466890,13,2.7843817601576388e-05,productive aging,empowering,2023-06
2023-06-27,488208,15,3.072460918297119e-05,productive aging,empowering,2023-06
2023-06-28,487306,10,2.0520986813213873e-05,productive aging,empowering,2023-06
2023-06-29,476127,12,2.5203359607835723e-05,productive aging,empowering,2023-06
2023-06-30,457265,4,8.747662733863296e-06,productive aging,empowering,2023-06
2023-07-01,303381,2,6.592370649447395e-06,productive aging,empowering,2023-07
2023-07-02,284625,1,3.513394817742644e-06,productive aging,empowering,2023-07
2023-07-03,445952,10,2.2423938002296213e-05,productive aging,empowering,2023-07
2023-07-04,455884,14,3.070956646866308e-05,productive aging,empowering,2023-07
2023-07-05,501180,10,1.995291112973383e-05,productive aging,empowering,2023-07
2023-07-06,493339,6,1.216202246325549e-05,productive aging,empowering,2023-07
2023-07-07,463370,9,1.942292336577681e-05,productive aging,empowering,2023-07
2023-07-08,305403,5,1.6371810362046214e-05,productive aging,empowering,2023-07
2023-07-09,291177,13,4.464638347122197e-05,productive aging,empowering,2023-07
2023-07-10,454453,11,2.4204923281395437e-05,productive aging,empowering,2023-07
2023-07-11,492786,8,1.6234227433409227e-05,productive aging,empowering,2023-07
2023-07-12,495376,8,1.6149349181227997e-05,productive aging,empowering,2023-07
2023-07-13,488915,9,1.8408107748790688e-05,productive aging,empowering,2023-07
2023-07-14,449795,6,1.333941017574673e-05,productive aging,empowering,2023-07
2023-07-15,300453,4,1.3313230355496533e-05,productive aging,empowering,2023-07
2023-07-16,288895,6,2.076879142941207e-05,productive aging,empowering,2023-07
2023-07-17,452038,8,1.7697627190634416e-05,productive aging,empowering,2023-07
2023-07-18,489747,18,3.675367077286844e-05,productive aging,empowering,2023-07
2023-07-19,486941,21,4.312637465319207e-05,productive aging,empowering,2023-07
2023-07-20,476929,10,2.096748153289064e-05,productive aging,empowering,2023-07
2023-07-21,454340,13,2.8612933045736674e-05,productive aging,empowering,2023-07
2023-07-22,300123,8,2.665573781416286e-05,productive aging,empowering,2023-07
2023-07-23,292470,3,1.0257462303826033e-05,productive aging,empowering,2023-07
2023-07-24,453290,9,1.9854839065498908e-05,productive aging,empowering,2023-07
2023-07-25,481260,8,1.6623031209741097e-05,productive aging,empowering,2023-07
2023-07-26,491615,11,2.2375232651566776e-05,productive aging,empowering,2023-07
2023-07-27,487834,7,1.4349143356141639e-05,productive aging,empowering,2023-07
2023-07-28,459847,14,3.044490885011754e-05,productive aging,empowering,2023-07
2023-07-29,299402,3,1.0019973146471968e-05,productive aging,empowering,2023-07
2023-07-30,284070,4,1.408103636427641e-05,productive aging,empowering,2023-07
2023-07-31,455803,10,2.1939302725080793e-05,productive aging,empowering,2023-07
2023-08-01,477822,13,2.7206784116260867e-05,productive aging,empowering,2023-08
2023-08-02,477375,22,4.60853626603823e-05,productive aging,empowering,2023-08
2023-08-03,477836,11,2.3020450531144577e-05,productive aging,empowering,2023-08
2023-08-04,448645,13,2.897613926378317e-05,productive aging,empowering,2023-08
2023-08-05,300483,0,0.0,productive aging,empowering,2023-08
2023-08-06,287612,6,2.0861438326634492e-05,productive aging,empowering,2023-08
2023-08-07,440347,13,2.9522172286855592e-05,productive aging,empowering,2023-08
2023-08-08,469410,7,1.4912336763170788e-05,productive aging,empowering,2023-08
2023-08-09,478458,14,2.926066655798419e-05,productive aging,empowering,2023-08
2023-08-10,476103,10,2.1003858408789694e-05,productive aging,empowering,2023-08
2023-08-11,439680,10,2.2743813682678313e-05,productive aging,empowering,2023-08
2023-08-12,302092,6,1.9861499145955537e-05,productive aging,empowering,2023-08
2023-08-13,287942,11,3.820213793055546e-05,productive aging,empowering,2023-08
2023-08-14,440043,3,6.8175155609792676e-06,productive aging,empowering,2023-08
2023-08-15,470864,11,2.3361310272180502e-05,productive aging,empowering,2023-08
2023-08-16,468638,7,1.4936902257179316e-05,productive aging,empowering,2023-08
2023-08-17,475136,7,1.4732623922413794e-05,productive aging,empowering,2023-08
2023-08-18,449947,14,3.1114775740253854e-05,productive aging,empowering,2023-08
2023-08-19,313733,4,1.2749694804180625e-05,productive aging,empowering,2023-08
2023-08-20,300751,19,6.31751847874155e-05,productive aging,empowering,2023-08
2023-08-21,438028,11,2.51125498826559e-05,productive aging,empowering,2023-08
2023-08-22,401105,8,1.9944902207651362e-05,productive aging,empowering,2023-08
2023-08-23,370413,10,2.6996892657655104e-05,productive aging,empowering,2023-08
2023-08-24,503040,29,5.764949109414758e-05,productive aging,empowering,2023-08
2023-08-25,456353,10,2.191286131569202e-05,productive aging,empowering,2023-08
2023-08-26,308918,5,1.6185524961316596e-05,productive aging,empowering,2023-08
2023-08-27,295769,3,1.0143050826827694e-05,productive aging,empowering,2023-08
2023-08-28,448775,6,1.3369728705921676e-05,productive aging,empowering,2023-08
2023-08-29,481751,11,2.283337242683461e-05,productive aging,empowering,2023-08
2023-08-30,490413,15,3.0586464877562384e-05,productive aging,empowering,2023-08
2023-08-31,497911,6,1.2050346347037924e-05,productive aging,empowering,2023-08
2023-09-01,476936,9,1.887045641343912e-05,productive aging,empowering,2023-09
2023-09-02,313119,5,1.5968369852995188e-05,productive aging,empowering,2023-09
2023-09-03,311627,6,1.925378738042596e-05,productive aging,empowering,2023-09
2023-09-04,435333,7,1.607964477767594e-05,productive aging,empowering,2023-09
2023-09-05,493288,11,2.2299346426428374e-05,productive aging,empowering,2023-09
2023-09-06,510752,5,9.789486874255998e-06,productive aging,empowering,2023-09
2023-09-07,488234,14,2.8674774800607906e-05,productive aging,empowering,2023-09
2023-09-08,463682,11,2.3723155093361398e-05,productive aging,empowering,2023-09
2023-09-09,321208,2,6.226494981445045e-06,productive aging,empowering,2023-09
2023-09-10,313055,2,6.3886537509383334e-06,productive aging,empowering,2023-09
2023-09-11,474764,14,2.9488335257096156e-05,productive aging,empowering,2023-09
2023-09-12,501177,12,2.394363667925703e-05,productive aging,empowering,2023-09
2023-09-13,512947,9,1.7545672359912428e-05,productive aging,empowering,2023-09
2023-09-14,504052,11,2.182314523104759e-05,productive aging,empowering,2023-09
2023-09-15,477614,9,1.8843668736678574e-05,productive aging,empowering,2023-09
2023-09-16,313024,11,3.5141075444694337e-05,productive aging,empowering,2023-09
2023-09-17,307869,3,9.744404275844596e-06,productive aging,empowering,2023-09
2023-09-18,467258,10,2.1401452730611352e-05,productive aging,empowering,2023-09
2023-09-19,502742,7,1.3923642743196311e-05,productive aging,empowering,2023-09
2023-09-20,519399,10,1.925302128036442e-05,productive aging,empowering,2023-09
2023-09-21,511175,11,2.1519049249278624e-05,productive aging,empowering,2023-09
2023-09-22,473154,24,5.0723443107318126e-05,productive aging,empowering,2023-09
2023-09-23,316117,4,1.2653542833824185e-05,productive aging,empowering,2023-09
2023-09-24,279092,2,7.16609576770384e-06,productive aging,empowering,2023-09
2023-09-25,471557,11,2.3326978498887727e-05,productive aging,empowering,2023-09
2023-09-26,493643,13,2.6334820913089014e-05,productive aging,empowering,2023-09
2023-09-27,505379,18,3.561683409876548e-05,productive aging,empowering,2023-09
2023-09-28,488069,8,1.639112502535502e-05,productive aging,empowering,2023-09
2023-09-29,447544,12,2.681300609549005e-05,productive aging,empowering,2023-09
2023-09-30,315650,4,1.2672263583082528e-05,productive aging,empowering,2023-09
2023-10-01,291636,5,1.71446597813713e-05,productive aging,empowering,2023-10
2023-10-02,449201,13,2.894027395308559e-05,productive aging,empowering,2023-10
2023-10-03,405978,8,1.970550128332077e-05,productive aging,empowering,2023-10
2023-10-04,414982,19,4.578511839067719e-05,productive aging,empowering,2023-10
2023-10-05,450132,6,1.332942336914505e-05,productive aging,empowering,2023-10
2023-10-06,377905,7,1.8523173813524563e-05,productive aging,empowering,2023-10
2023-10-07,251209,8,3.1845992778921135e-05,productive aging,empowering,2023-10
2023-10-08,309776,2,6.456278084809669e-06,productive aging,empowering,2023-10
2023-10-09,440844,9,2.0415385034161743e-05,productive aging,empowering,2023-10
2023-10-10,490873,8,1.629749446394485e-05,productive aging,empowering,2023-10
2023-10-11,503094,8,1.5901600893669972e-05,productive aging,empowering,2023-10
2023-10-12,487234,12,2.462882311168761e-05,productive aging,empowering,2023-10
2023-10-13,468088,9,1.9227153868503358e-05,productive aging,empowering,2023-10
2023-10-14,310303,5,1.6113282823562777e-05,productive aging,empowering,2023-10
2023-10-15,229331,1,4.360509481927869e-06,productive aging,empowering,2023-10
2023-10-16,378908,6,1.58349784116461e-05,productive aging,empowering,2023-10
2023-10-17,354366,11,3.1041352725712966e-05,productive aging,empowering,2023-10
2023-10-18,454881,24,5.2761051791567466e-05,productive aging,empowering,2023-10
2023-10-19,324728,6,1.8477002291148285e-05,productive aging,empowering,2023-10
2023-10-20,449556,17,3.781508866526083e-05,productive aging,empowering,2023-10
2023-10-21,300472,4,1.3312388508746239e-05,productive aging,empowering,2023-10
2023-10-22,295955,3,1.0136676183879306e-05,productive aging,empowering,2023-10
2023-10-23,414959,10,2.4098766384148795e-05,productive aging,empowering,2023-10
2023-10-24,417249,10,2.3966504413431787e-05,productive aging,empowering,2023-10
2023-10-25,379766,11,2.8965204889326586e-05,productive aging,empowering,2023-10
2023-10-26,375887,6,1.596224397225762e-05,productive aging,empowering,2023-10
2023-10-27,474875,10,2.1058173203474597e-05,productive aging,empowering,2023-10
2023-10-28,240563,2,8.313830472682832e-06,productive aging,empowering,2023-10
2023-10-29,279231,3,1.074379277372498e-05,productive aging,empowering,2023-10
2023-10-30,325647,10,3.0708098032532157e-05,productive aging,empowering,2023-10
2023-10-31,454676,4,8.797473365649386e-06,productive aging,empowering,2023-10
2023-11-01,406342,17,4.183667944736207e-05,productive aging,empowering,2023-11
2023-11-02,313387,10,3.190942827877353e-05,productive aging,empowering,2023-11
2023-11-03,353019,13,3.6825213373784415e-05,productive aging,empowering,2023-11
2023-11-04,217424,3,1.3797924792111266e-05,productive aging,empowering,2023-11
2023-11-05,238825,3,1.2561499005547995e-05,productive aging,empowering,2023-11
2023-11-06,293997,7,2.3809766766327547e-05,productive aging,empowering,2023-11
2023-11-07,349578,13,3.718769487782412e-05,productive aging,empowering,2023-11
2023-11-08,395019,5,1.2657619000605035e-05,productive aging,empowering,2023-11
2023-11-09,477530,10,2.094109270621741e-05,productive aging,empowering,2023-11
2023-11-10,496152,15,3.0232670633193053e-05,productive aging,empowering,2023-11
2023-11-11,372697,14,3.75640265416679e-05,productive aging,empowering,2023-11
2023-11-12,343914,7,2.0353925690725008e-05,productive aging,empowering,2023-11
2023-11-13,505874,14,2.7674875561898814e-05,productive aging,empowering,2023-11
2023-11-14,531886,10,1.8801021271475468e-05,productive aging,empowering,2023-11
2023-11-15,532214,43,8.079456759874787e-05,productive aging,empowering,2023-11
2023-11-16,528144,55,0.00010413826532157897,productive aging,empowering,2023-11
2023-11-17,518066,47,9.072203155582493e-05,productive aging,empowering,2023-11
2023-11-18,374406,10,2.6708973680977336e-05,productive aging,empowering,2023-11
2023-11-19,346778,16,4.613902842740889e-05,productive aging,empowering,2023-11
2023-11-20,489625,4,8.169517487873373e-06,productive aging,empowering,2023-11
2023-11-21,493213,15,3.0412823668475892e-05,productive aging,empowering,2023-11
2023-11-22,570322,21,3.6821304456079195e-05,productive aging,empowering,2023-11
2023-11-23,510558,12,2.350369595618911e-05,productive aging,empowering,2023-11
2023-11-24,465253,10,2.149368193219603e-05,productive aging,empowering,2023-11
2023-11-25,339983,7,2.0589264757355514e-05,productive aging,empowering,2023-11
2023-11-26,350990,5,1.4245420097438673e-05,productive aging,empowering,2023-11
2023-11-27,499915,8,1.600272046247862e-05,productive aging,empowering,2023-11
2023-11-28,531630,7,1.3167052273197524e-05,productive aging,empowering,2023-11
2023-11-29,552523,17,3.0767949931496065e-05,productive aging,empowering,2023-11
2023-11-30,560459,6,1.0705511018647216e-05,productive aging,empowering,2023-11
2023-12-01,521593,6,1.1503221860722824e-05,productive aging,empowering,2023-12
2023-12-02,370071,6,1.621310505281419e-05,productive aging,empowering,2023-12
2023-12-03,346452,3,8.659208202002008e-06,productive aging,empowering,2023-12
2023-12-04,508715,13,2.5554583607717484e-05,productive aging,empowering,2023-12
2023-12-05,439522,3,6.825596898448769e-06,productive aging,empowering,2023-12
2023-12-06,447712,10,2.2335787291830462e-05,productive aging,empowering,2023-12
2023-12-07,444233,4,9.004283788012147e-06,productive aging,empowering,2023-12
2023-12-08,426877,8,1.8740761390283385e-05,productive aging,empowering,2023-12
2023-12-09,306237,2,6.530889474491978e-06,productive aging,empowering,2023-12
2023-12-10,301897,7,2.318671599916528e-05,productive aging,empowering,2023-12
2023-12-11,432070,5,1.1572198949244335e-05,productive aging,empowering,2023-12
2023-12-12,453920,9,1.982728234050053e-05,productive aging,empowering,2023-12
2023-12-13,464155,10,2.1544527151490342e-05,productive aging,empowering,2023-12
2023-12-14,457220,8,1.7497047373255762e-05,productive aging,empowering,2023-12
2023-12-15,434987,11,2.528811205852129e-05,productive aging,empowering,2023-12
2023-12-16,299627,6,2.0024897622710905e-05,productive aging,empowering,2023-12
2023-12-17,289281,7,2.419792520075636e-05,productive aging,empowering,2023-12
2023-12-18,432847,8,1.8482281267976907e-05,productive aging,empowering,2023-12
2023-12-19,442004,17,3.8461190396467e-05,productive aging,empowering,2023-12
2023-12-20,453183,42,9.267779241498467e-05,productive aging,empowering,2023-12
2023-12-21,439238,12,2.7320040615793717e-05,productive aging,empowering,2023-12
2023-12-22,409045,6,1.4668312777322789e-05,productive aging,empowering,2023-12
2023-12-23,284409,5,1.758031567214821e-05,productive aging,empowering,2023-12
2023-12-24,254126,4,1.574022335376939e-05,productive aging,empowering,2023-12
2023-12-25,262260,3,1.1439029970258522e-05,productive aging,empowering,2023-12
2023-12-26,334738,2,5.974822099671982e-06,productive aging,empowering,2023-12
2023-12-27,385441,20,5.188861589711525e-05,productive aging,empowering,2023-12
2023-12-28,390902,15,3.8372789087802056e-05,productive aging,empowering,2023-12
2023-12-29,368395,9,2.443029899971498e-05,productive aging,empowering,2023-12
2023-12-30,276938,18,6.499649741097286e-05,productive aging,empowering,2023-12
2023-12-31,253133,4,1.5801969715525042e-05,productive aging,empowering,2023-12
2023-01-01,386660,8,2.069001189675684e-05,elder wisdom,empowering,2023-01
2023-01-02,376736,9,2.3889407967382995e-05,elder wisdom,empowering,2023-01
2023-01-03,463750,15,3.234501347708895e-05,elder wisdom,empowering,2023-01
2023-01-04,476285,10,2.0995832327283035e-05,elder wisdom,empowering,2023-01
2023-01-05,513716,16,3.114561352965452e-05,elder wisdom,empowering,2023-01
2023-01-06,446257,6,1.3445167246676243e-05,elder wisdom,empowering,2023-01
2023-01-07,338006,11,3.254380099761543e-05,elder wisdom,empowering,2023-01
2023-01-08,321144,13,4.0480282988316766e-05,elder wisdom,empowering,2023-01
2023-01-09,516613,9,1.7421164391914257e-05,elder wisdom,empowering,2023-01
2023-01-10,518847,7,1.349145316442034e-05,elder wisdom,empowering,2023-01
2023-01-11,555868,12,2.158785898810509e-05,elder wisdom,empowering,2023-01
2023-01-12,526056,7,1.3306568122025032e-05,elder wisdom,empowering,2023-01
2023-01-13,488831,4,8.182787098199582e-06,elder wisdom,empowering,2023-01
2023-01-14,322746,5,1.5492058770674152e-05,elder wisdom,empowering,2023-01
2023-01-15,311609,2,6.418299856550998e-06,elder wisdom,empowering,2023-01
2023-01-16,460938,7,1.5186424204556795e-05,elder wisdom,empowering,2023-01
2023-01-17,508077,6,1.1809233639782946e-05,elder wisdom,empowering,2023-01
2023-01-18,524187,8,1.5261729115754492e-05,elder wisdom,empowering,2023-01
2023-01-19,517612,11,2.1251439302025455e-05,elder wisdom,empowering,2023-01
2023-01-20,483858,7,1.446705438372415e-05,elder wisdom,empowering,2023-01
2023-01-21,325412,12,3.687632908436075e-05,elder wisdom,empowering,2023-01
2023-01-22,311528,4,1.2839937341105775e-05,elder wisdom,empowering,2023-01
2023-01-23,474487,4,8.430157201356413e-06,elder wisdom,empowering,2023-01
2023-01-24,503497,3,5.958327457760424e-06,elder wisdom,empowering,2023-01
2023-01-25,513829,9,1.751555478573611e-05,elder wisdom,empowering,2023-01
2023-01-26,504774,11,2.1791930646190176e-05,elder wisdom,empowering,2023-01
2023-01-27,478129,16,3.3463772329224955e-05,elder wisdom,empowering,2023-01
2023-01-28,327154,2,6.1133288909810056e-06,elder wisdom,empowering,2023-01
2023-01-29,337263,0,0.0,elder wisdom,empowering,2023-01
2023-01-30,498506,7,1.4041957368617428e-05,elder wisdom,empowering,2023-01
2023-01-31,520924,6,1.151799494743955e-05,elder wisdom,empowering,2023-01
2023-02-01,545720,11,2.015685699626182e-05,elder wisdom,empowering,2023-02
2023-02-02,521178,1,1.9187302610624394e-06,elder wisdom,empowering,2023-02
2023-02-03,479265,8,1.6692226638707186e-05,elder wisdom,empowering,2023-02
2023-02-04,336576,4,1.1884388667046967e-05,elder wisdom,empowering,2023-02
2023-02-05,313435,5,1.59522708057492e-05,elder wisdom,empowering,2023-02
2023-02-06,489890,8,1.6330196574741268e-05,elder wisdom,empowering,2023-02
2023-02-07,509337,22,4.319340633019003e-05,elder wisdom,empowering,2023-02
2023-02-08,527289,11,2.086142513877589e-05,elder wisdom,empowering,2023-02
2023-02-09,519827,6,1.1542301573408077e-05,elder wisdom,empowering,2023-02
2023-02-10,490576,5,1.0192100714262418e-05,elder wisdom,empowering,2023-02
2023-02-11,321346,5,1.5559552631742733e-05,elder wisdom,empowering,2023-02
2023-02-12,315406,2,6.341033461633577e-06,elder wisdom,empowering,2023-02
2023-02-13,484652,9,1.8570025502835022e-05,elder wisdom,empowering,2023-02
2023-02-14,511527,9,1.7594379182330552e-05,elder wisdom,empowering,2023-02
2023-02-15,517380,10,1.932815338822529e-05,elder wisdom,empowering,2023-02
2023-02-16,519253,15,2.8887652069415102e-05,elder wisdom,empowering,2023-02
2023-02-17,484478,12,2.4768926556004607e-05,elder wisdom,empowering,2023-02
2023-02-18,321085,4,1.245776040612299e-05,elder wisdom,empowering,2023-02
2023-02-19,310960,0,0.0,elder wisdom,empowering,2023-02
2023-02-20,443848,5,1.1265117788071592e-05,elder wisdom,empowering,2023-02
2023-02-21,479395,3,6.257887545760802e-06,elder wisdom,empowering,2023-02
2023-02-22,501956,7,1.3945445417526636e-05,elder wisdom,empowering,2023-02
2023-02-23,496300,7,1.4104372355430183e-05,elder wisdom,empowering,2023-02
2023-02-24,471742,6,1.2718816641299693e-05,elder wisdom,empowering,2023-02
2023-02-25,323605,4,1.2360748443318244e-05,elder wisdom,empowering,2023-02
2023-02-26,307580,5,1.6255933415696728e-05,elder wisdom,empowering,2023-02
2023-02-27,475064,4,8.4199181583955e-06,elder wisdom,empowering,2023-02
2023-02-28,500745,2,3.99404886718789e-06,elder wisdom,empowering,2023-02
2023-03-01,514545,8,1.5547716914944272e-05,elder wisdom,empowering,2023-03
2023-03-02,510532,10,1.95874107793439e-05,elder wisdom,empowering,2023-03
2023-03-03,478228,11,2.3001580835919267e-05,elder wisdom,empowering,2023-03
2023-03-04,318967,28,8.778337570971292e-05,elder wisdom,empowering,2023-03
2023-03-05,306986,8,2.6059820317538912e-05,elder wisdom,empowering,2023-03
2023-03-06,477110,9,1.8863574437760683e-05,elder wisdom,empowering,2023-03
2023-03-07,491276,52,0.00010584681523217092,elder wisdom,empowering,2023-03
2023-03-08,479238,12,2.5039750604083983e-05,elder wisdom,empowering,2023-03
2023-03-09,500869,12,2.39583603696775e-05,elder wisdom,empowering,2023-03
2023-03-10,474747,5,1.0531925425542448e-05,elder wisdom,empowering,2023-03
2023-03-11,312372,3,9.603933771272713e-06,elder wisdom,empowering,2023-03
2023-03-12,313775,6,1.912198231216636e-05,elder wisdom,empowering,2023-03
2023-03-13,483073,7,1.4490563538015994e-05,elder wisdom,empowering,2023-03
2023-03-14,502396,8,1.592369365998137e-05,elder wisdom,empowering,2023-03
2023-03-15,512681,22,4.29116741209446e-05,elder wisdom,empowering,2023-03
2023-03-16,515796,22,4.265252153952338e-05,elder wisdom,empowering,2023-03
2023-03-17,477867,5,1.0463162344334302e-05,elder wisdom,empowering,2023-03
2023-03-18,312067,6,1.9226640432983943e-05,elder wisdom,empowering,2023-03
2023-03-19,301941,4,1.3247621224013962e-05,elder wisdom,empowering,2023-03
2023-03-20,473417,4,8.449210738101928e-06,elder wisdom,empowering,2023-03
2023-03-21,486641,12,2.465883474676404e-05,elder wisdom,empowering,2023-03
2023-03-22,503482,5,9.930841618965523e-06,elder wisdom,empowering,2023-03
2023-03-23,494531,12,2.4265415110478413e-05,elder wisdom,empowering,2023-03
2023-03-24,462455,9,1.946135299650777e-05,elder wisdom,empowering,2023-03
2023-03-25,309743,6,1.937089780882861e-05,elder wisdom,empowering,2023-03
2023-03-26,299147,7,2.339986695504217e-05,elder wisdom,empowering,2023-03
2023-03-27,475695,12,2.5226247910951345e-05,elder wisdom,empowering,2023-03
2023-03-28,490819,13,2.6486342215765894e-05,elder wisdom,empowering,2023-03
2023-03-29,497556,10,2.0098240198088256e-05,elder wisdom,empowering,2023-03
2023-03-30,420677,6,1.4262724132766945e-05,elder wisdom,empowering,2023-03
2023-03-31,449869,5,1.1114346620905197e-05,elder wisdom,empowering,2023-03
2023-04-01,315540,10,3.169170311212524e-05,elder wisdom,empowering,2023-04
2023-04-02,309179,4,1.2937489286141685e-05,elder wisdom,empowering,2023-04
2023-04-03,476836,7,1.4680099656905099e-05,elder wisdom,empowering,2023-04
2023-04-04,487193,10,2.052574647008475e-05,elder wisdom,empowering,2023-04
2023-04-05,488458,9,1.8425330325227553e-05,elder wisdom,empowering,2023-04
2023-04-06,459113,6,1.3068678081430933e-05,elder wisdom,empowering,2023-04
2023-04-07,389270,4,1.0275644154442932e-05,elder wisdom,empowering,2023-04
2023-04-08,290669,8,2.7522714840591877e-05,elder wisdom,empowering,2023-04
2023-04-09,273774,7,2.5568534630753832e-05,elder wisdom,empowering,2023-04
2023-04-10,405537,10,2.465866246483058e-05,elder wisdom,empowering,2023-04
2023-04-11,477794,14,2.9301330699004174e-05,elder wisdom,empowering,2023-04
2023-04-12,488672,10,2.0463623862222513e-05,elder wisdom,empowering,2023-04
2023-04-13,490386,6,1.2235259571031799e-05,elder wisdom,empowering,2023-04
2023-04-14,456649,4,8.759462957326086e-06,elder wisdom,empowering,2023-04
2023-04-15,304282,4,1.3145700370051466e-05,elder wisdom,empowering,2023-04
2023-04-16,294116,6,2.0400114240639746e-05,elder wisdom,empowering,2023-04
2023-04-17,449839,32,7.113656219225101e-05,elder wisdom,empowering,2023-04
2023-04-18,487585,8,1.640739563358184e-05,elder wisdom,empowering,2023-04
2023-04-19,495117,8,1.6157797045950756e-05,elder wisdom,empowering,2023-04
2023-04-20,505072,5,9.899578673931638e-06,elder wisdom,empowering,2023-04
2023-04-21,442165,18,4.070878518200219e-05,elder wisdom,empowering,2023-04
2023-04-22,291122,29,9.961459456860011e-05,elder wisdom,empowering,2023-04
2023-04-23,285319,3,1.0514546875602396e-05,elder wisdom,empowering,2023-04
2023-04-24,453171,6,1.3240035218493681e-05,elder wisdom,empowering,2023-04
2023-04-25,478078,17,3.555905103351336e-05,elder wisdom,empowering,2023-04
2023-04-26,499642,11,2.2015763286513142e-05,elder wisdom,empowering,2023-04
2023-04-27,503305,17,3.3776735776517224e-05,elder wisdom,empowering,2023-04
2023-04-28,477911,4,8.369759222951554e-06,elder wisdom,empowering,2023-04
2023-04-29,312100,9,2.8836911246395388e-05,elder wisdom,empowering,2023-04
2023-04-30,292074,7,2.3966529030314236e-05,elder wisdom,empowering,2023-04
2023-05-01,382308,21,5.492953325590885e-05,elder wisdom,empowering,2023-05
2023-05-02,472981,10,2.1142498324457008e-05,elder wisdom,empowering,2023-05
2023-05-03,496390,41,8.259634561534278e-05,elder wisdom,empowering,2023-05
2023-05-04,496481,16,3.2226812305002606e-05,elder wisdom,empowering,2023-05
2023-05-05,463524,18,3.883294068915526e-05,elder wisdom,empowering,2023-05
2023-05-06,318236,7,2.199625435211604e-05,elder wisdom,empowering,2023-05
2023-05-07,305413,10,3.274254861449906e-05,elder wisdom,empowering,2023-05
2023-05-08,460286,13,2.8243309594469524e-05,elder wisdom,empowering,2023-05
2023-05-09,488772,15,3.068915567994893e-05,elder wisdom,empowering,2023-05
2023-05-10,520267,10,1.9220900037865172e-05,elder wisdom,empowering,2023-05
2023-05-11,499831,13,2.6008790971348317e-05,elder wisdom,empowering,2023-05
2023-05-12,475520,20,4.205921938088829e-05,elder wisdom,empowering,2023-05
2023-05-13,290386,122,0.00042013044706012,elder wisdom,empowering,2023-05
2023-05-14,247082,6,2.4283436268121514e-05,elder wisdom,empowering,2023-05
2023-05-15,476911,8,1.6774618325012423e-05,elder wisdom,empowering,2023-05
2023-05-16,508558,2,3.9326881103040365e-06,elder wisdom,empowering,2023-05
2023-05-17,516177,6,1.16239197019627e-05,elder wisdom,empowering,2023-05
2023-05-18,491864,8,1.62646585234943e-05,elder wisdom,empowering,2023-05
2023-05-19,475987,9,1.8908079422337165e-05,elder wisdom,empowering,2023-05
2023-05-20,313906,12,3.822800456187521e-05,elder wisdom,empowering,2023-05
2023-05-21,305588,11,3.599617786038719e-05,elder wisdom,empowering,2023-05
2023-05-22,478952,15,3.1318378459636874e-05,elder wisdom,empowering,2023-05
2023-05-23,502427,6,1.1942033370021913e-05,elder wisdom,empowering,2023-05
2023-05-24,515438,12,2.3281170577256624e-05,elder wisdom,empowering,2023-05
2023-05-25,506377,8,1.579850585630864e-05,elder wisdom,empowering,2023-05
2023-05-26,476611,6,1.258888275763673e-05,elder wisdom,empowering,2023-05
2023-05-27,315199,176,0.0005583774060196891,elder wisdom,empowering,2023-05
2023-05-28,311410,16,5.137921068687582e-05,elder wisdom,empowering,2023-05
2023-05-29,422001,14,3.317527683583688e-05,elder wisdom,empowering,2023-05
2023-05-30,492310,10,2.0312404785602567e-05,elder wisdom,empowering,2023-05
2023-05-31,511821,14,2.7353312974653247e-05,elder wisdom,empowering,2023-05
2023-06-01,520029,19,3.653642393020389e-05,elder wisdom,empowering,2023-06
2023-06-02,471163,8,1.6979261953931018e-05,elder wisdom,empowering,2023-06
2023-06-03,316228,9,2.846047788304641e-05,elder wisdom,empowering,2023-06
2023-06-04,302435,16,5.2903929770033234e-05,elder wisdom,empowering,2023-06
2023-06-05,478406,10,2.090274787523568e-05,elder wisdom,empowering,2023-06
2023-06-06,497032,16,3.2191086288206795e-05,elder wisdom,empowering,2023-06
2023-06-07,511926,6,1.1720443970417599e-05,elder wisdom,empowering,2023-06
2023-06-08,485205,10,2.060984532311085e-05,elder wisdom,empowering,2023-06
2023-06-09,469746,7,1.490167026435563e-05,elder wisdom,empowering,2023-06
2023-06-10,309255,4,1.29343098737288e-05,elder wisdom,empowering,2023-06
2023-06-11,301437,13,4.3126756171272937e-05,elder wisdom,empowering,2023-06
2023-06-12,469490,15,3.1949562290996616e-05,elder wisdom,empowering,2023-06
2023-06-13,507360,7,1.379690949227373e-05,elder wisdom,empowering,2023-06
2023-06-14,513410,14,2.726865468144368e-05,elder wisdom,empowering,2023-06
2023-06-15,512254,11,2.1473722020716286e-05,elder wisdom,empowering,2023-06
2023-06-16,479492,9,1.876986477355201e-05,elder wisdom,empowering,2023-06
2023-06-17,313647,2,6.376595344447739e-06,elder wisdom,empowering,2023-06
2023-06-18,297948,14,4.6988065031482e-05,elder wisdom,empowering,2023-06
2023-06-19,454954,15,3.2970366234828134e-05,elder wisdom,empowering,2023-06
2023-06-20,501975,8,1.5937048657801682e-05,elder wisdom,empowering,2023-06
2023-06-21,511651,21,4.1043601986510336e-05,elder wisdom,empowering,2023-06
2023-06-22,500891,19,3.793240445526073e-05,elder wisdom,empowering,2023-06
2023-06-23,462693,19,4.106394520772953e-05,elder wisdom,empowering,2023-06
2023-06-24,311142,7,2.2497766293203745e-05,elder wisdom,empowering,2023-06
2023-06-25,294103,3,1.0200507985297668e-05,elder wisdom,empowering,2023-06
2023-06-26,466890,7,1.4992824862387287e-05,elder wisdom,empowering,2023-06
2023-06-27,488208,7,1.4338150952053223e-05,elder wisdom,empowering,2023-06
2023-06-28,487306,8,1.64167894505711e-05,elder wisdom,empowering,2023-06
2023-06-29,476127,5,1.050139983659822e-05,elder wisdom,empowering,2023-06
2023-06-30,457265,7,1.5308409784260767e-05,elder wisdom,empowering,2023-06
2023-07-01,303381,10,3.2961853247236976e-05,elder wisdom,empowering,2023-07
2023-07-02,284625,7,2.4593763724198506e-05,elder wisdom,empowering,2023-07
2023-07-03,445952,7,1.5696756601607348e-05,elder wisdom,empowering,2023-07
2023-07-04,455884,9,1.9741864158426267e-05,elder wisdom,empowering,2023-07
2023-07-05,501180,6,1.1971746677840296e-05,elder wisdom,empowering,2023-07
2023-07-06,493339,8,1.621602995100732e-05,elder wisdom,empowering,2023-07
2023-07-07,463370,6,1.294861557718454e-05,elder wisdom,empowering,2023-07
2023-07-08,305403,6,1.964617243445546e-05,elder wisdom,empowering,2023-07
2023-07-09,291177,4,1.373734876037599e-05,elder wisdom,empowering,2023-07
2023-07-10,454453,7,1.540313299725164e-05,elder wisdom,empowering,2023-07
2023-07-11,492786,5,1.0146392145880767e-05,elder wisdom,empowering,2023-07
2023-07-12,495376,16,3.2298698362455994e-05,elder wisdom,empowering,2023-07
2023-07-13,488915,6,1.2272071832527126e-05,elder wisdom,empowering,2023-07
2023-07-14,449795,1,2.2232350292911215e-06,elder wisdom,empowering,2023-07
2023-07-15,300453,18,5.99095365997344e-05,elder wisdom,empowering,2023-07
2023-07-16,288895,6,2.076879142941207e-05,elder wisdom,empowering,2023-07
2023-07-17,452038,14,3.097084758361023e-05,elder wisdom,empowering,2023-07
2023-07-18,489747,9,1.837683538643422e-05,elder wisdom,empowering,2023-07
2023-07-19,486941,25,5.1340922206181035e-05,elder wisdom,empowering,2023-07
2023-07-20,476929,16,3.354797045262502e-05,elder wisdom,empowering,2023-07
2023-07-21,454340,75,0.00016507461372540388,elder wisdom,empowering,2023-07
2023-07-22,300123,3,9.995901680311072e-06,elder wisdom,empowering,2023-07
2023-07-23,292470,7,2.393407870892741e-05,elder wisdom,empowering,2023-07
2023-07-24,453290,7,1.544265260649915e-05,elder wisdom,empowering,2023-07
2023-07-25,481260,5,1.0389394506088186e-05,elder wisdom,empowering,2023-07
2023-07-26,491615,9,1.830700853310009e-05,elder wisdom,empowering,2023-07
2023-07-27,487834,10,2.0498776223059485e-05,elder wisdom,empowering,2023-07
2023-07-28,459847,8,1.7397090771495737e-05,elder wisdom,empowering,2023-07
2023-07-29,299402,4,1.3359964195295957e-05,elder wisdom,empowering,2023-07
2023-07-30,284070,3,1.0560777273207309e-05,elder wisdom,empowering,2023-07
2023-07-31,455803,8,1.7551442180064633e-05,elder wisdom,empowering,2023-07
2023-08-01,477822,4,8.371318189618728e-06,elder wisdom,empowering,2023-08
2023-08-02,477375,3,6.284367635506677e-06,elder wisdom,empowering,2023-08
2023-08-03,477836,10,2.0927682301040524e-05,elder wisdom,empowering,2023-08
2023-08-04,448645,5,1.1144668947608912e-05,elder wisdom,empowering,2023-08
2023-08-05,300483,2,6.655950586222848e-06,elder wisdom,empowering,2023-08
2023-08-06,287612,6,2.0861438326634492e-05,elder wisdom,empowering,2023-08
2023-08-07,440347,9,2.0438426967823103e-05,elder wisdom,empowering,2023-08
2023-08-08,469410,8,1.7042670586480903e-05,elder wisdom,empowering,2023-08
2023-08-09,478458,9,1.8810428501561265e-05,elder wisdom,empowering,2023-08
2023-08-10,476103,27,5.6710417703732176e-05,elder wisdom,empowering,2023-08
2023-08-11,439680,30,6.823144104803493e-05,elder wisdom,empowering,2023-08
2023-08-12,302092,13,4.303324814957033e-05,elder wisdom,empowering,2023-08
2023-08-13,287942,5,1.7364608150252483e-05,elder wisdom,empowering,2023-08
2023-08-14,440043,11,2.4997557056923984e-05,elder wisdom,empowering,2023-08
2023-08-15,470864,8,1.6990043834313093e-05,elder wisdom,empowering,2023-08
2023-08-16,468638,8,1.707074543677636e-05,elder wisdom,empowering,2023-08
2023-08-17,475136,15,3.1569908405172416e-05,elder wisdom,empowering,2023-08
2023-08-18,449947,13,2.8892291758807147e-05,elder wisdom,empowering,2023-08
2023-08-19,313733,4,1.2749694804180625e-05,elder wisdom,empowering,2023-08
2023-08-20,300751,8,2.660007780522758e-05,elder wisdom,empowering,2023-08
2023-08-21,438028,12,2.7395508962897348e-05,elder wisdom,empowering,2023-08
2023-08-22,401105,9,2.2438014983607783e-05,elder wisdom,empowering,2023-08
2023-08-23,370413,14,3.779564972071715e-05,elder wisdom,empowering,2023-08
2023-08-24,503040,18,3.5782442748091604e-05,elder wisdom,empowering,2023-08
2023-08-25,456353,9,1.9721575184122817e-05,elder wisdom,empowering,2023-08
2023-08-26,308918,7,2.2659734945843232e-05,elder wisdom,empowering,2023-08
2023-08-27,295769,6,2.0286101653655388e-05,elder wisdom,empowering,2023-08
2023-08-28,448775,13,2.8967745529496965e-05,elder wisdom,empowering,2023-08
2023-08-29,481751,30,6.227283389136712e-05,elder wisdom,empowering,2023-08
2023-08-30,490413,10,2.0390976585041587e-05,elder wisdom,empowering,2023-08
2023-08-31,497911,13,2.61090837519155e-05,elder wisdom,empowering,2023-08
2023-09-01,476936,9,1.887045641343912e-05,elder wisdom,empowering,2023-09
2023-09-02,313119,7,2.2355717794193263e-05,elder wisdom,empowering,2023-09
2023-09-03,311627,6,1.925378738042596e-05,elder wisdom,empowering,2023-09
2023-09-04,435333,1,2.297092111096563e-06,elder wisdom,empowering,2023-09
2023-09-05,493288,8,1.621770649194791e-05,elder wisdom,empowering,2023-09
2023-09-06,510752,6,1.1747384249107199e-05,elder wisdom,empowering,2023-09
2023-09-07,488234,9,1.8433783800390797e-05,elder wisdom,empowering,2023-09
2023-09-08,463682,7,1.5096553241229981e-05,elder wisdom,empowering,2023-09
2023-09-09,321208,6,1.8679484944335135e-05,elder wisdom,empowering,2023-09
2023-09-10,313055,7,2.2360288128284167e-05,elder wisdom,empowering,2023-09
2023-09-11,474764,6,1.2637857967326925e-05,elder wisdom,empowering,2023-09
2023-09-12,501177,6,1.1971818339628515e-05,elder wisdom,empowering,2023-09
2023-09-13,512947,9,1.7545672359912428e-05,elder wisdom,empowering,2023-09
2023-09-14,504052,11,2.182314523104759e-05,elder wisdom,empowering,2023-09
2023-09-15,477614,12,2.5124891648904764e-05,elder wisdom,empowering,2023-09
2023-09-16,313024,7,2.2362502555714576e-05,elder wisdom,empowering,2023-09
2023-09-17,307869,11,3.572948234476352e-05,elder wisdom,empowering,2023-09
2023-09-18,467258,3,6.420435819183406e-06,elder wisdom,empowering,2023-09
2023-09-19,502742,8,1.591273456365293e-05,elder wisdom,empowering,2023-09
2023-09-20,519399,15,2.887953192054663e-05,elder wisdom,empowering,2023-09
2023-09-21,511175,12,2.3475326453758497e-05,elder wisdom,empowering,2023-09
2023-09-22,473154,13,2.7475198349797318e-05,elder wisdom,empowering,2023-09
2023-09-23,316117,9,2.8470471376104416e-05,elder wisdom,empowering,2023-09
2023-09-24,279092,41,0.0001469049632379287,elder wisdom,empowering,2023-09
2023-09-25,471557,19,4.029205377080607e-05,elder wisdom,empowering,2023-09
2023-09-26,493643,26,5.266964182617803e-05,elder wisdom,empowering,2023-09
2023-09-27,505379,15,2.9680695082304567e-05,elder wisdom,empowering,2023-09
2023-09-28,488069,9,1.84400156535244e-05,elder wisdom,empowering,2023-09
2023-09-29,447544,6,1.3406503047745026e-05,elder wisdom,empowering,2023-09
2023-09-30,315650,7,2.2176461270394425e-05,elder wisdom,empowering,2023-09
2023-10-01,291636,4,1.3715727825097039e-05,elder wisdom,empowering,2023-10
2023-10-02,449201,7,1.5583224436276855e-05,elder wisdom,empowering,2023-10
2023-10-03,405978,16,3.941100256664154e-05,elder wisdom,empowering,2023-10
2023-10-04,414982,7,1.686820151235475e-05,elder wisdom,empowering,2023-10
2023-10-05,450132,23,5.109612291505603e-05,elder wisdom,empowering,2023-10
2023-10-06,377905,6,1.5877006125878197e-05,elder wisdom,empowering,2023-10
2023-10-07,251209,5,1.9903745486825712e-05,elder wisdom,empowering,2023-10
2023-10-08,309776,9,2.905325138164351e-05,elder wisdom,empowering,2023-10
2023-10-09,440844,15,3.402564172360291e-05,elder wisdom,empowering,2023-10
2023-10-10,490873,8,1.629749446394485e-05,elder wisdom,empowering,2023-10
2023-10-11,503094,11,2.186470122879621e-05,elder wisdom,empowering,2023-10
2023-10-12,487234,15,3.078602888960951e-05,elder wisdom,empowering,2023-10
2023-10-13,468088,13,2.7772555587838185e-05,elder wisdom,empowering,2023-10
2023-10-14,310303,6,1.933593938827533e-05,elder wisdom,empowering,2023-10
2023-10-15,229331,22,9.593120860241311e-05,elder wisdom,empowering,2023-10
2023-10-16,378908,127,0.00033517370971317573,elder wisdom,empowering,2023-10
2023-10-17,354366,4,1.1287764627531986e-05,elder wisdom,empowering,2023-10
2023-10-18,454881,13,2.857890305376571e-05,elder wisdom,empowering,2023-10
2023-10-19,324728,16,4.9272006109728756e-05,elder wisdom,empowering,2023-10
2023-10-20,449556,12,2.669300376371353e-05,elder wisdom,empowering,2023-10
2023-10-21,300472,2,6.656194254373119e-06,elder wisdom,empowering,2023-10
2023-10-22,295955,12,4.0546704735517225e-05,elder wisdom,empowering,2023-10
2023-10-23,414959,10,2.4098766384148795e-05,elder wisdom,empowering,2023-10
2023-10-24,417249,5,1.1983252206715893e-05,elder wisdom,empowering,2023-10
2023-10-25,379766,3,7.899601333452705e-06,elder wisdom,empowering,2023-10
2023-10-26,375887,5,1.330186997688135e-05,elder wisdom,empowering,2023-10
2023-10-27,474875,5,1.0529086601737299e-05,elder wisdom,empowering,2023-10
2023-10-28,240563,4,1.6627660945365663e-05,elder wisdom,empowering,2023-10
2023-10-29,279231,13,4.6556435352808246e-05,elder wisdom,empowering,2023-10
2023-10-30,325647,11,3.3778907835785375e-05,elder wisdom,empowering,2023-10
2023-10-31,454676,19,4.178799848683458e-05,elder wisdom,empowering,2023-10
2023-11-01,406342,4,9.843924575849899e-06,elder wisdom,empowering,2023-11
2023-11-02,313387,8,2.5527542623018822e-05,elder wisdom,empowering,2023-11
2023-11-03,353019,9,2.5494378489543055e-05,elder wisdom,empowering,2023-11
2023-11-04,217424,7,3.219515784825962e-05,elder wisdom,empowering,2023-11
2023-11-05,238825,12,5.024599602219198e-05,elder wisdom,empowering,2023-11
2023-11-06,293997,7,2.3809766766327547e-05,elder wisdom,empowering,2023-11
2023-11-07,349578,7,2.002414339575145e-05,elder wisdom,empowering,2023-11
2023-11-08,395019,5,1.2657619000605035e-05,elder wisdom,empowering,2023-11
2023-11-09,477530,15,3.1411639059326116e-05,elder wisdom,empowering,2023-11
2023-11-10,496152,11,2.217062513100824e-05,elder wisdom,empowering,2023-11
2023-11-11,372697,7,1.878201327083395e-05,elder wisdom,empowering,2023-11
2023-11-12,343914,10,2.9077036701035724e-05,elder wisdom,empowering,2023-11
2023-11-13,505874,17,3.360520603944856e-05,elder wisdom,empowering,2023-11
2023-11-14,531886,7,1.3160714890032826e-05,elder wisdom,empowering,2023-11
2023-11-15,532214,6,1.1273660595174122e-05,elder wisdom,empowering,2023-11
2023-11-16,528144,10,1.8934230058468903e-05,elder wisdom,empowering,2023-11
2023-11-17,518066,17,3.2814351839340934e-05,elder wisdom,empowering,2023-11
2023-11-18,374406,5,1.3354486840488668e-05,elder wisdom,empowering,2023-11
2023-11-19,346778,5,1.4418446383565279e-05,elder wisdom,empowering,2023-11
2023-11-20,489625,10,2.042379371968343e-05,elder wisdom,empowering,2023-11
2023-11-21,493213,15,3.0412823668475892e-05,elder wisdom,empowering,2023-11
2023-11-22,570322,5,8.766977251447427e-06,elder wisdom,empowering,2023-11
2023-11-23,510558,3,5.875923989047278e-06,elder wisdom,empowering,2023-11
2023-11-24,465253,7,1.5045577352537221e-05,elder wisdom,empowering,2023-11
2023-11-25,339983,17,5.000250012500625e-05,elder wisdom,empowering,2023-11
2023-11-26,350990,7,1.994358813641414e-05,elder wisdom,empowering,2023-11
2023-11-27,499915,6,1.2002040346858966e-05,elder wisdom,empowering,2023-11
2023-11-28,531630,9,1.6929067208396817e-05,elder wisdom,empowering,2023-11
2023-11-29,552523,15,2.714819111602594e-05,elder wisdom,empowering,2023-11
2023-11-30,560459,39,6.958582162120691e-05,elder wisdom,empowering,2023-11
2023-12-01,521593,50,9.58601821726902e-05,elder wisdom,empowering,2023-12
2023-12-02,370071,7,1.891528922828322e-05,elder wisdom,empowering,2023-12
2023-12-03,346452,1,2.8864027340006696e-06,elder wisdom,empowering,2023-12
2023-12-04,508715,9,1.7691634805342875e-05,elder wisdom,empowering,2023-12
2023-12-05,439522,6,1.3651193796897538e-05,elder wisdom,empowering,2023-12
2023-12-06,447712,2,4.4671574583660925e-06,elder wisdom,empowering,2023-12
2023-12-07,444233,6,1.350642568201822e-05,elder wisdom,empowering,2023-12
2023-12-08,426877,6,1.4055571042712538e-05,elder wisdom,empowering,2023-12
2023-12-09,306237,9,2.9389002635213902e-05,elder wisdom,empowering,2023-12
2023-12-10,301897,9,2.9811491998926788e-05,elder wisdom,empowering,2023-12
2023-12-11,432070,8,1.8515518318790938e-05,elder wisdom,empowering,2023-12
2023-12-12,453920,11,2.4233345082833978e-05,elder wisdom,empowering,2023-12
2023-12-13,464155,7,1.508116900604324e-05,elder wisdom,empowering,2023-12
2023-12-14,457220,6,1.3122785529941823e-05,elder wisdom,empowering,2023-12
2023-12-15,434987,13,2.988595061461607e-05,elder wisdom,empowering,2023-12
2023-12-16,299627,6,2.0024897622710905e-05,elder wisdom,empowering,2023-12
2023-12-17,289281,16,5.5309543316014536e-05,elder wisdom,empowering,2023-12
2023-12-18,432847,8,1.8482281267976907e-05,elder wisdom,empowering,2023-12
2023-12-19,442004,13,2.9411498538474764e-05,elder wisdom,empowering,2023-12
2023-12-20,453183,19,4.192566799725497e-05,elder wisdom,empowering,2023-12
2023-12-21,439238,7,1.5936690359213e-05,elder wisdom,empowering,2023-12
2023-12-22,409045,7,1.7113031573543253e-05,elder wisdom,empowering,2023-12
2023-12-23,284409,5,1.758031567214821e-05,elder wisdom,empowering,2023-12
2023-12-24,254126,4,1.574022335376939e-05,elder wisdom,empowering,2023-12
2023-12-25,262260,5,1.906504995043087e-05,elder wisdom,empowering,2023-12
2023-12-26,334738,2,5.974822099671982e-06,elder wisdom,empowering,2023-12
2023-12-27,385441,11,2.853873874341339e-05,elder wisdom,empowering,2023-12
2023-12-28,390902,10,2.5581859391868037e-05,elder wisdom,empowering,2023-12
2023-12-29,368395,14,3.800268733288997e-05,elder wisdom,empowering,2023-12
2023-12-30,276938,10,3.6109165228318253e-05,elder wisdom,empowering,2023-12
2023-12-31,253133,2,7.900984857762521e-06,elder wisdom,empowering,2023-12
